Price,Close,Close,Close,Close,High,High,High,High,Low,Low,Low,Low,Open,Open,Open,Open,Volume,Volume,Volume,Volume
Ticker,^FTSE,^GSPC,^N225,^NSEI,^FTSE,^GSPC,^N225,^NSEI,^FTSE,^GSPC,^N225,^NSEI,^FTSE,^GSPC,^N225,^NSEI,^FTSE,^GSPC,^N225,^NSEI
Date,,,,,,,,,,,,,,,,,,,,
2020-01-01,,,,12182.5,,,,12222.2001953125,,,,12165.2998046875,,,,12202.150390625,,,,304100.0
2020-01-02,7604.2998046875,3257.85009765625,,12282.2001953125,7624.7998046875,3258.139892578125,,12289.900390625,7542.39990234375,3235.530029296875,,12195.25,7542.39990234375,3244.669921875,,12198.5498046875,482206700.0,3459930000.0,,407700.0
2020-01-03,7622.39990234375,3234.85009765625,,12226.650390625,7626.39990234375,3246.14990234375,,12265.599609375,7551.0,3222.340087890625,,12191.349609375,7604.2998046875,3226.360107421875,,12261.099609375,475628900.0,3484700000.0,,428800.0
2020-01-06,7575.2998046875,3246.280029296875,23204.859375,11993.0498046875,7622.39990234375,3246.840087890625,23365.359375,12179.099609375,7528.10009765625,3214.639892578125,23148.529296875,11974.2001953125,7622.39990234375,3217.550048828125,23319.759765625,12170.599609375,516783400.0,3702460000.0,72800000.0,396500.0
2020-01-07,7573.89990234375,3237.179931640625,23575.720703125,12052.9501953125,7604.60009765625,3244.909912109375,23577.439453125,12152.150390625,7562.10009765625,3232.429931640625,23299.919921875,12005.349609375,7575.2998046875,3241.860107421875,23320.119140625,12079.099609375,511576100.0,3435910000.0,64300000.0,447800.0
2020-01-08,7574.89990234375,3253.050048828125,23204.759765625,12025.349609375,7579.5,3267.070068359375,23303.2109375,12044.9501953125,7525.0,3236.669921875,22951.1796875,11929.599609375,7573.89990234375,3238.590087890625,23217.490234375,11939.099609375,606225000.0,3726840000.0,79400000.0,446000.0
2020-01-09,7598.10009765625,3274.699951171875,23739.869140625,12215.900390625,7627.7998046875,3275.580078125,23767.08984375,12224.0498046875,7574.89990234375,3263.669921875,23506.150390625,12132.5498046875,7574.89990234375,3266.030029296875,23530.2890625,12153.150390625,653838100.0,3641230000.0,62200000.0,477500.0
2020-01-10,7587.89990234375,3265.35009765625,23850.5703125,12256.7998046875,7632.0,3282.989990234375,23903.2890625,12311.2001953125,7585.10009765625,3260.860107421875,23761.080078125,12213.2001953125,7598.10009765625,3281.81005859375,23813.279296875,12271.0,651315600.0,3214580000.0,55900000.0,660600.0
2020-01-13,7617.60009765625,3288.1298828125,,12329.5498046875,7635.7998046875,3288.1298828125,,12337.75,7582.5,3268.429931640625,,12285.7998046875,7587.89990234375,3271.1298828125,,12296.7001953125,659019400.0,3459390000.0,,501000.0
2020-01-14,7622.39990234375,3283.14990234375,24025.169921875,12362.2998046875,7650.7001953125,3294.25,24059.859375,12374.25,7588.7998046875,3277.18994140625,23951.66015625,12308.7001953125,7617.60009765625,3285.35009765625,23969.0390625,12333.099609375,697648200.0,3687620000.0,64200000.0,616300.0
2020-01-15,7642.7998046875,3289.2900390625,23916.580078125,12343.2998046875,7642.7998046875,3298.659912109375,23997.390625,12355.150390625,7609.39990234375,3280.68994140625,23875.8203125,12278.75,7622.39990234375,3282.27001953125,23923.48046875,12349.400390625,730575200.0,3721490000.0,57200000.0,684400.0
2020-01-16,7609.7998046875,3316.81005859375,23933.130859375,12355.5,7653.60009765625,3317.110107421875,23975.380859375,12389.0498046875,7595.2998046875,3302.820068359375,23905.380859375,12315.7998046875,7642.7998046875,3302.969970703125,23960.19921875,12347.099609375,573564200.0,3540580000.0,55400000.0,395700.0
2020-01-17,7674.60009765625,3329.6201171875,24041.259765625,12352.349609375,7689.7001953125,3329.8798828125,24115.94921875,12385.4501953125,7609.7998046875,3318.860107421875,24013.75,12321.400390625,7609.7998046875,3323.659912109375,24103.44921875,12328.400390625,631970100.0,3726220000.0,59400000.0,502100.0
2020-01-20,7651.39990234375,,24083.509765625,12224.5498046875,7682.7998046875,,24108.109375,12430.5,7639.60009765625,,24061.669921875,12216.900390625,7674.60009765625,,24080.6796875,12430.5,358980900.0,,38300000.0,491600.0
2020-01-21,7610.7001953125,3320.7900390625,23864.560546875,12169.849609375,7651.39990234375,3329.7900390625,24081.75,12230.0498046875,7550.5,3316.610107421875,23843.48046875,12162.2998046875,7651.39990234375,3321.030029296875,24072.810546875,12195.2998046875,656519300.0,4104840000.0,44600000.0,400.0
2020-01-22,7571.89990234375,3321.75,24031.349609375,12106.900390625,7637.39990234375,3337.77001953125,24040.869140625,12225.0498046875,7563.5,3320.0400390625,23831.099609375,12087.900390625,7610.7001953125,3330.02001953125,23835.490234375,12218.349609375,604636000.0,3623780000.0,49000000.0,500.0
2020-01-23,7507.7001953125,3325.5400390625,23795.439453125,12180.349609375,7572.10009765625,3326.8798828125,23910.009765625,12189.0,7503.2001953125,3301.8701171875,23779.23046875,12094.099609375,7571.89990234375,3315.77001953125,23843.509765625,12123.75,668616300.0,3766710000.0,55500000.0,867700.0
2020-01-24,7586.0,3295.469970703125,23827.1796875,12248.25,7642.2001953125,3333.179931640625,23869.380859375,12272.150390625,7507.60009765625,3281.530029296875,23755.3203125,12149.650390625,7507.7001953125,3333.10009765625,23850.119140625,12174.5498046875,605760000.0,3708780000.0,48700000.0,593200.0
2020-01-27,7412.10009765625,3243.6298828125,23343.509765625,12119.0,7586.0,3258.85009765625,23463.890625,12216.599609375,7392.7998046875,3234.5,23317.3203125,12107.0,7586.0,3247.159912109375,23427.900390625,12197.099609375,679457100.0,3831050000.0,62400000.0,441200.0
2020-01-28,7480.7001953125,3276.239990234375,23215.7109375,12055.7998046875,7491.39990234375,3285.780029296875,23243.359375,12163.5498046875,7410.39990234375,3253.219970703125,23115.150390625,12024.5,7412.10009765625,3255.35009765625,23126.9296875,12148.099609375,535852000.0,3531570000.0,64400000.0,478500.0
2020-01-29,7483.60009765625,3273.39990234375,23379.400390625,12129.5,7514.7001953125,3293.469970703125,23392.609375,12169.599609375,7462.2001953125,3271.889892578125,23214.279296875,12103.7998046875,7480.7001953125,3289.4599609375,23309.3203125,12114.900390625,525036700.0,3600250000.0,54900000.0,514400.0
2020-01-30,7382.0,3283.659912109375,22977.75,12035.7998046875,7483.60009765625,3285.909912109375,23318.5703125,12150.2998046875,7357.60009765625,3242.800048828125,22892.94921875,12010.599609375,7483.60009765625,3256.449951171875,23284.580078125,12147.75,685501900.0,3790350000.0,69600000.0,538100.0
2020-01-31,7286.0,3225.52001953125,23205.1796875,11962.099609375,7398.2998046875,3282.330078125,23421.58984375,12103.5498046875,7275.0,3214.679931640625,23139.98046875,11945.849609375,7382.0,3282.330078125,23148.919921875,12100.400390625,714049600.0,4529700000.0,75400000.0,771300.0
2020-02-03,7326.2998046875,3248.919921875,22971.939453125,11707.900390625,7360.0,3268.43994140625,23023.73046875,11749.849609375,7285.2001953125,3235.659912109375,22775.919921875,11614.5,7286.0,3235.659912109375,22874.26953125,11627.4501953125,645846700.0,3760460000.0,72500000.0,669800.0
2020-02-04,7439.7998046875,3297.590087890625,23084.58984375,11979.650390625,7442.10009765625,3306.919921875,23118.130859375,11986.150390625,7326.2998046875,3280.610107421875,22854.44921875,11783.400390625,7326.2998046875,3280.610107421875,22881.130859375,11786.25,696703600.0,3996900000.0,67900000.0,560400.0
2020-02-05,7482.5,3334.68994140625,23319.560546875,12089.150390625,7512.39990234375,3337.580078125,23414.689453125,12098.150390625,7408.5,3313.75,23241.640625,11953.349609375,7439.7998046875,3324.909912109375,23351.470703125,12005.849609375,818911400.0,4121480000.0,70300000.0,758000.0
2020-02-06,7504.7998046875,3345.780029296875,23873.58984375,12137.9501953125,7533.60009765625,3347.9599609375,23995.369140625,12160.599609375,7482.5,3334.389892578125,23625.130859375,12084.650390625,7482.5,3344.919921875,23641.099609375,12120.0,673947900.0,3887250000.0,95100000.0,565100.0
2020-02-07,7466.7001953125,3327.7099609375,23827.98046875,12098.349609375,7506.2998046875,3341.419921875,23943.44921875,12154.7001953125,7441.10009765625,3322.1201171875,23759.419921875,12073.9501953125,7504.7998046875,3335.5400390625,23899.009765625,12151.150390625,705974200.0,3733920000.0,65400000.0,473500.0
2020-02-10,7446.89990234375,3352.090087890625,23685.98046875,12031.5,7466.7001953125,3352.260009765625,23788.25,12103.5498046875,7427.89990234375,3317.77001953125,23621.720703125,11990.75,7466.7001953125,3318.280029296875,23631.7890625,12102.349609375,612817500.0,3462730000.0,56500000.0,524700.0
2020-02-11,7499.39990234375,3357.75,,12107.900390625,7529.5,3375.6298828125,,12172.2998046875,7446.89990234375,3352.719970703125,,12099.0,7446.89990234375,3365.8701171875,,12108.400390625,700689800.0,3762940000.0,,480000.0
2020-02-12,7534.39990234375,3379.449951171875,23861.2109375,12201.2001953125,7547.7001953125,3381.469970703125,23869.73046875,12231.75,7499.0,3369.719970703125,23693.720703125,12144.2998046875,7499.39990234375,3370.5,23741.2109375,12151.0,573044200.0,3930910000.0,74600000.0,411700.0
2020-02-13,7452.0,3373.93994140625,23827.73046875,12174.650390625,7534.39990234375,3385.090087890625,23908.849609375,12225.650390625,7406.89990234375,3360.52001953125,23784.310546875,12139.7998046875,7534.39990234375,3365.89990234375,23849.759765625,12219.5498046875,823565400.0,3500890000.0,64500000.0,501200.0
2020-02-14,7409.10009765625,3380.159912109375,23687.58984375,12113.4501953125,7472.89990234375,3380.68994140625,23738.419921875,12246.7001953125,7403.7001953125,3366.14990234375,23603.48046875,12091.2001953125,7452.0,3378.080078125,23714.51953125,12190.150390625,629855000.0,3419700000.0,69100000.0,622800.0
2020-02-17,7433.2998046875,,23523.240234375,12045.7998046875,7450.0,,23561.98046875,12159.599609375,7409.10009765625,,23335.990234375,12037.0,7409.10009765625,,23489.779296875,12131.7998046875,394565700.0,,54000000.0,0.0
2020-02-18,7382.0,3370.2900390625,23193.80078125,11992.5,7433.2998046875,3375.010009765625,23402.009765625,12030.75,7353.39990234375,3355.610107421875,23133.599609375,11908.0498046875,7433.2998046875,3369.0400390625,23398.5703125,12028.25,786827200.0,3750400000.0,59500000.0,676900.0
2020-02-19,7457.0,3386.14990234375,23400.69921875,12125.900390625,7462.0,3393.52001953125,23468.560546875,12134.7001953125,7382.0,3378.830078125,23234.9609375,12042.099609375,7382.0,3380.389892578125,23329.330078125,12090.599609375,602975900.0,3614200000.0,61600000.0,513600.0
2020-02-20,7436.60009765625,3373.22998046875,23479.150390625,12080.849609375,7480.5,3389.14990234375,23806.560546875,12152.0,7436.60009765625,3341.02001953125,23426.419921875,12071.4501953125,7457.0,3380.449951171875,23666.580078125,12119.0,780481500.0,4019180000.0,63300000.0,502600.0
2020-02-21,7403.89990234375,3337.75,23386.740234375,,7436.7001953125,3360.760009765625,23588.55078125,,7370.60009765625,3328.449951171875,23378.330078125,,7436.60009765625,3360.5,23427.76953125,,872594700.0,3908780000.0,62100000.0,
2020-02-24,7156.7998046875,3225.889892578125,,11829.400390625,7403.89990234375,3259.81005859375,,12012.5498046875,7114.5,3214.64990234375,,11813.400390625,7403.89990234375,3257.610107421875,,12012.5498046875,1081479400.0,4851160000.0,,490800.0
2020-02-25,7017.89990234375,3128.2099609375,22605.41015625,11797.900390625,7198.2001953125,3246.989990234375,22950.23046875,11883.0498046875,7004.89990234375,3118.77001953125,22335.2109375,11779.900390625,7156.7998046875,3238.93994140625,22949.369140625,11877.5,976469000.0,5596760000.0,105800000.0,461000.0
2020-02-26,7042.5,3116.389892578125,22426.189453125,11678.5,7044.7001953125,3182.510009765625,22456.55078125,11783.25,6871.89990234375,3108.989990234375,22127.419921875,11639.599609375,7017.89990234375,3139.89990234375,22374.140625,11738.5498046875,982409600.0,5484650000.0,99300000.0,567600.0
2020-02-27,6796.39990234375,2978.760009765625,21948.23046875,11633.2998046875,7042.5,3097.070068359375,22272.259765625,11663.849609375,6730.0,2977.389892578125,21844.2890625,11536.7001953125,7042.5,3062.5400390625,22255.830078125,11661.25,1224827000.0,7064710000.0,106200000.0,608600.0
2020-02-28,6580.60009765625,2954.219970703125,21142.9609375,11201.75,6796.39990234375,2959.719970703125,21528.130859375,11384.7998046875,6460.10009765625,2855.840087890625,20916.400390625,11175.0498046875,6796.39990234375,2916.89990234375,21518.009765625,11382.0,1979835300.0,8569570000.0,148500000.0,809900.0
2020-03-02,6654.89990234375,3090.22998046875,21344.080078125,11132.75,6775.2001953125,3090.9599609375,21593.109375,11433.0,6496.0,2945.18994140625,20834.2890625,11036.25,6580.60009765625,2974.280029296875,20849.7890625,11387.349609375,1770844200.0,6381330000.0,123700000.0,680800.0
2020-03-03,6718.2001953125,3003.3701171875,21082.73046875,11303.2998046875,6846.2998046875,3136.719970703125,21719.779296875,11342.25,6654.89990234375,2976.6298828125,21082.73046875,11152.5498046875,6654.89990234375,3096.4599609375,21651.990234375,11217.5498046875,1277190200.0,6376510000.0,105300000.0,696500.0
2020-03-04,6815.60009765625,3130.1201171875,21100.060546875,11251.0,6856.2998046875,3130.969970703125,21245.9296875,11356.599609375,6700.2001953125,3034.3798828125,20862.05078125,11082.150390625,6718.2001953125,3045.75,20897.19921875,11351.349609375,1115783100.0,5073020000.0,94600000.0,797700.0
2020-03-05,6705.39990234375,3023.93994140625,21329.119140625,11269.0,6834.10009765625,3083.0400390625,21399.869140625,11389.5,6662.60009765625,2999.830078125,21220.759765625,11244.599609375,6815.60009765625,3075.699951171875,21399.869140625,11306.0498046875,1146893100.0,5579290000.0,85700000.0,1352500.0
2020-03-06,6462.60009765625,2972.3701171875,20749.75,10989.4501953125,6705.39990234375,2985.929931640625,21061.19921875,11035.099609375,6431.39990234375,2901.5400390625,20613.91015625,10827.400390625,6705.39990234375,2954.199951171875,21009.80078125,10942.650390625,1377953500.0,6555240000.0,111700000.0,1811000.0
2020-03-09,5965.7998046875,2746.56005859375,19698.759765625,10451.4501953125,6462.60009765625,2863.889892578125,20347.189453125,10751.5498046875,5891.60009765625,2734.429931640625,19472.259765625,10294.4501953125,6462.60009765625,2863.889892578125,20343.310546875,10742.0498046875,2098798700.0,8441290000.0,170300000.0,1565500.0
2020-03-10,5960.2001953125,2882.22998046875,19867.119140625,,6231.10009765625,2882.590087890625,19970.349609375,,5927.89990234375,2734.0,18891.76953125,,5965.7998046875,2813.47998046875,19474.890625,,1729622400.0,7642040000.0,164700000.0,
2020-03-11,5876.5,2741.3798828125,19416.060546875,10458.400390625,6088.5,2825.60009765625,19974.830078125,10545.099609375,5860.7998046875,2707.219970703125,19392.25,10334.0,5960.2001953125,2825.60009765625,19758.259765625,10334.2998046875,1507518600.0,7431200000.0,129200000.0,1218500.0
2020-03-12,5237.5,2480.639892578125,18559.630859375,9590.150390625,5876.5,2660.949951171875,19142.1796875,10040.75,5237.5,2478.860107421875,18339.26953125,9508.0,5876.5,2630.860107421875,19064.509765625,10039.9501953125,2209275500.0,8850810000.0,164600000.0,1343500.0
2020-03-13,5366.10009765625,2711.02001953125,17431.05078125,9955.2001953125,5696.5,2711.330078125,18184.4609375,10159.400390625,5237.5,2492.3701171875,16690.599609375,8555.150390625,5237.5,2569.989990234375,18183.470703125,9107.599609375,1935105000.0,8299070000.0,233400000.0,1388000.0
2020-03-16,5151.10009765625,2386.1298828125,17002.0390625,9197.400390625,5366.10009765625,2562.97998046875,17785.759765625,9602.2001953125,4898.7998046875,2380.93994140625,16914.44921875,9165.099609375,5366.10009765625,2508.590087890625,17586.080078125,9587.7998046875,2111567500.0,7805450000.0,158100000.0,897700.0
2020-03-17,5294.89990234375,2529.18994140625,17011.529296875,8967.0498046875,5309.0,2553.929931640625,17557.0390625,9403.7998046875,4978.7998046875,2367.0400390625,16378.9404296875,8915.599609375,5151.10009765625,2425.659912109375,16726.94921875,9285.400390625,1941164900.0,8370250000.0,198800000.0,935600.0
2020-03-18,5080.60009765625,2398.10009765625,16726.55078125,8468.7998046875,5294.89990234375,2453.570068359375,17396.83984375,9127.5498046875,5006.2001953125,2280.52001953125,16698.4609375,8407.0498046875,5294.89990234375,2436.5,17154.080078125,9088.4501953125,1837075100.0,8799300000.0,177200000.0,1516600.0
2020-03-19,5151.60009765625,2409.389892578125,16552.830078125,8263.4501953125,5181.0,2466.969970703125,17160.970703125,8575.4501953125,4942.39990234375,2319.780029296875,16358.1904296875,7832.5498046875,5080.60009765625,2393.47998046875,16995.76953125,8063.2998046875,1963412200.0,7956100000.0,198900000.0,925700.0
2020-03-20,5190.7998046875,2304.919921875,,8745.4501953125,5419.2998046875,2453.010009765625,,8883.0,5151.60009765625,2295.56005859375,,8178.2001953125,5151.60009765625,2431.93994140625,,8284.4501953125,2585565700.0,9053950000.0,,1071500.0
2020-03-23,4993.89990234375,2237.39990234375,16887.779296875,7610.25,5194.7998046875,2300.72998046875,17049.029296875,8159.25,4922.7998046875,2191.860107421875,16480.94921875,7583.60009765625,5190.7998046875,2290.7099609375,16570.5703125,7945.7001953125,1629604900.0,7411380000.0,170300000.0,653500.0
2020-03-24,5446.0,2447.330078125,18092.349609375,7801.0498046875,5446.0,2449.7099609375,18100.390625,8036.9501953125,4993.89990234375,2344.43994140625,17197.140625,7511.10009765625,4993.89990234375,2344.43994140625,17206.880859375,7848.2998046875,1582421000.0,7563150000.0,147300000.0,738400.0
2020-03-25,5688.2001953125,2475.56005859375,19546.630859375,8317.849609375,5741.39990234375,2571.419921875,19564.380859375,8376.75,5400.5,2407.530029296875,18446.80078125,7714.75,5446.0,2457.77001953125,18446.80078125,7735.14990234375,1860995600.0,8300010000.0,147700000.0,736900.0
2020-03-26,5815.7001953125,2630.070068359375,18664.599609375,8641.4501953125,5815.7001953125,2637.010009765625,19240.2890625,8749.0498046875,5503.39990234375,2500.719970703125,18512.810546875,8304.900390625,5688.2001953125,2501.2900390625,19234.76953125,8451.0,1536739000.0,7766990000.0,128100000.0,865600.0
2020-03-27,5510.2998046875,2541.469970703125,19389.4296875,8660.25,5815.7001953125,2615.909912109375,19389.4296875,9038.900390625,5407.10009765625,2520.02001953125,18832.2109375,8522.900390625,5815.7001953125,2555.8701171875,19021.970703125,8949.099609375,1457210400.0,6201670000.0,148900000.0,801500.0
2020-03-30,5563.7001953125,2626.64990234375,19084.970703125,8281.099609375,5567.2001953125,2631.800048828125,19084.970703125,8576.0,5351.7998046875,2545.280029296875,18578.19921875,8244.0,5510.2998046875,2558.97998046875,18884.0703125,8385.9501953125,1136875400.0,5751120000.0,121000000.0,593300.0
2020-03-31,5672.0,2584.590087890625,18917.009765625,8597.75,5702.7001953125,2641.389892578125,19336.189453125,8678.2998046875,5545.89990234375,2571.14990234375,18834.16015625,8358.0,5563.7001953125,2614.68994140625,19181.900390625,8529.349609375,1602112800.0,6576210000.0,122200000.0,712700.0
2020-04-01,5454.60009765625,2470.5,18065.41015625,8253.7998046875,5672.0,2522.75,18784.25,8588.099609375,5414.7001953125,2447.489990234375,17871.619140625,8198.349609375,5672.0,2498.080078125,18686.119140625,8584.099609375,1670362100.0,5964000000.0,105800000.0,506300.0
2020-04-02,5480.2001953125,2526.89990234375,17818.720703125,,5552.39990234375,2533.219970703125,18132.0390625,,5395.10009765625,2455.7900390625,17707.66015625,,5454.60009765625,2458.5400390625,17934.419921875,,1554286900.0,6464190000.0,107300000.0,
2020-04-03,5415.5,2488.64990234375,17820.189453125,8083.7998046875,5486.2998046875,2538.179931640625,18059.150390625,8356.5498046875,5396.7001953125,2459.9599609375,17646.5,8055.7998046875,5480.2001953125,2514.919921875,17951.439453125,8356.5498046875,1180517400.0,6096970000.0,96000000.0,697000.0
2020-04-06,5582.39990234375,2663.679931640625,18576.30078125,,5590.60009765625,2676.85009765625,18672.259765625,,5415.5,2574.570068359375,17802.619140625,,5415.5,2578.280029296875,17857.990234375,,1207951800.0,6403840000.0,105700000.0,
2020-04-07,5704.5,2659.409912109375,18950.1796875,8792.2001953125,5780.2001953125,2756.889892578125,19162.51953125,8819.400390625,5582.39990234375,2657.669921875,18553.140625,8360.9501953125,5582.39990234375,2738.64990234375,18878.859375,8446.2998046875,1563928500.0,7050410000.0,108200000.0,814200.0
2020-04-08,5677.7001953125,2749.97998046875,19353.240234375,8748.75,5704.5,2760.75,19454.33984375,9131.7001953125,5589.7001953125,2663.300048828125,18730.80078125,8653.900390625,5704.5,2685.0,19047.759765625,8688.900390625,1133735000.0,5875710000.0,105900000.0,896500.0
2020-04-09,5842.7001953125,2789.820068359375,19345.76953125,9111.900390625,5842.7001953125,2818.570068359375,19406.9609375,9128.349609375,5677.7001953125,2762.360107421875,19158.55078125,8904.5498046875,5677.7001953125,2776.989990234375,19376.0,8973.0498046875,1290301300.0,7899550000.0,82300000.0,742100.0
2020-04-10,,,19498.5,,,,19500.0703125,,,,19235.9609375,,,,19500.0703125,,,,87500000.0,
2020-04-13,,2761.6298828125,19043.400390625,8993.849609375,,2782.4599609375,19355.0390625,9112.0498046875,,2721.169921875,19014.3203125,8912.400390625,,2782.4599609375,19312.0390625,9103.9501953125,,5319530000.0,65600000.0,644000.0
2020-04-14,5791.2998046875,2846.06005859375,19638.810546875,,5894.7001953125,2851.85009765625,19705.990234375,,5779.0,2805.10009765625,19093.119140625,,5842.7001953125,2805.10009765625,19150.30078125,,1056846100.0,5615730000.0,81900000.0,
2020-04-15,5597.7001953125,2783.360107421875,19550.08984375,8925.2998046875,5791.7001953125,2801.8798828125,19660.6796875,9261.2001953125,5576.39990234375,2761.5400390625,19465.94921875,8874.099609375,5791.2998046875,2795.639892578125,19589.25,9196.400390625,1375971300.0,5208000000.0,94100000.0,879100.0
2020-04-16,5628.39990234375,2799.550048828125,19290.19921875,8992.7998046875,5657.60009765625,2806.510009765625,19362.169921875,9053.75,5577.7998046875,2764.320068359375,19154.41015625,8821.900390625,5597.7001953125,2799.340087890625,19311.30078125,8851.25,1073687700.0,5228810000.0,81400000.0,719400.0
2020-04-17,5787.0,2874.56005859375,19897.259765625,9266.75,5839.2998046875,2879.219970703125,19922.0703125,9324.0,5628.39990234375,2830.8798828125,19554.69921875,9091.349609375,5628.39990234375,2842.429931640625,19575.849609375,9323.4501953125,1204085900.0,5804810000.0,87800000.0,684200.0
2020-04-20,5812.7998046875,2823.159912109375,19669.119140625,9261.849609375,5823.89990234375,2868.97998046875,19784.380859375,9390.849609375,5707.7001953125,2820.429931640625,19611.7890625,9230.7998046875,5787.0,2845.6201171875,19689.849609375,9390.2001953125,822613800.0,5228630000.0,65000000.0,726400.0
2020-04-21,5641.0,2736.56005859375,19280.779296875,8981.4501953125,5812.7998046875,2785.5400390625,19529.060546875,9044.400390625,5641.0,2727.10009765625,19193.220703125,8909.400390625,5812.7998046875,2784.81005859375,19479.830078125,9016.9501953125,888662400.0,5121010000.0,79400000.0,655100.0
2020-04-22,5770.60009765625,2799.31005859375,19137.94921875,9187.2998046875,5777.10009765625,2815.10009765625,19137.94921875,9209.75,5641.0,2775.949951171875,18858.25,8946.25,5641.0,2787.889892578125,19109.1796875,9026.75,866999300.0,5084920000.0,76400000.0,734400.0
2020-04-23,5826.60009765625,2797.800048828125,19429.439453125,9313.900390625,5843.60009765625,2844.89990234375,19429.439453125,9343.599609375,5735.89990234375,2794.260009765625,19221.5390625,9170.150390625,5770.60009765625,2810.419921875,19313.0390625,9232.349609375,882116400.0,5773530000.0,72600000.0,666700.0
2020-04-24,5752.2001953125,2836.739990234375,19262.0,9154.400390625,5827.2001953125,2842.7099609375,19352.240234375,9296.900390625,5728.7998046875,2791.760009765625,19175.380859375,9141.2998046875,5826.60009765625,2812.639892578125,19331.859375,9163.900390625,808821600.0,5382810000.0,84700000.0,659400.0
2020-04-27,5846.7998046875,2878.47998046875,19783.220703125,9282.2998046875,5855.60009765625,2887.719970703125,19819.060546875,9377.099609375,5752.2001953125,2852.889892578125,19410.1796875,9250.349609375,5752.2001953125,2854.64990234375,19410.83984375,9259.7001953125,792246400.0,5203930000.0,77600000.0,512800.0
2020-04-28,5958.5,2863.389892578125,19771.189453125,9380.900390625,5977.7998046875,2921.14990234375,19841.779296875,9404.400390625,5835.89990234375,2860.7099609375,19638.48046875,9260.0,5846.7998046875,2909.9599609375,19776.1796875,9389.7998046875,1196850700.0,5691160000.0,68600000.0,614500.0
2020-04-29,6115.2998046875,2939.510009765625,,9553.349609375,6129.60009765625,2954.860107421875,,9599.849609375,5950.7998046875,2912.159912109375,,9392.349609375,5958.5,2918.4599609375,,9408.599609375,1288097400.0,6645640000.0,,653000.0
2020-04-30,5901.2001953125,2912.429931640625,20193.689453125,9859.900390625,6151.60009765625,2930.909912109375,20365.890625,9889.0498046875,5897.89990234375,2892.469970703125,20084.830078125,9731.5,6115.2998046875,2930.909912109375,20105.6796875,9753.5,1933348900.0,6544980000.0,103400000.0,931200.0
2020-05-01,5763.10009765625,2830.7099609375,19619.349609375,,5901.2001953125,2869.090087890625,20000.25,,5746.10009765625,2821.610107421875,19551.73046875,,5901.2001953125,2869.090087890625,19991.970703125,,781328900.0,4759810000.0,86600000.0,
2020-05-04,5753.7998046875,2842.739990234375,,9293.5,5792.89990234375,2844.239990234375,,9533.5,5702.0,2797.85009765625,,9266.9501953125,5763.10009765625,2815.010009765625,,9533.5,1038977200.0,4735930000.0,,687500.0
2020-05-05,5849.39990234375,2868.43994140625,,9205.599609375,5869.5,2898.22998046875,,9450.900390625,5753.7998046875,2863.550048828125,,9190.75,5753.7998046875,2868.8798828125,,9429.400390625,969041200.0,5140290000.0,,725200.0
2020-05-06,5853.7998046875,2848.419921875,,9270.900390625,5897.39990234375,2891.110107421875,,9346.900390625,5839.60009765625,2847.64990234375,,9116.5,5849.39990234375,2883.139892578125,,9226.7998046875,973242800.0,4892570000.0,,722200.0
2020-05-07,5936.0,2881.18994140625,19674.76953125,9199.0498046875,5941.89990234375,2901.919921875,19720.869140625,9277.849609375,5853.60009765625,2876.47998046875,19448.9296875,9175.900390625,5853.7998046875,2878.260009765625,19468.51953125,9234.0498046875,967707400.0,5178790000.0,82900000.0,708700.0
2020-05-08,,2929.800048828125,20179.08984375,9251.5,,2932.159912109375,20179.08984375,9382.650390625,,2902.8798828125,19894.580078125,9238.2001953125,,2908.830078125,19972.08984375,9376.9501953125,,4876030000.0,82200000.0,609100.0
2020-05-11,5939.7001953125,2930.18994140625,20390.66015625,9239.2001953125,5999.10009765625,2944.25,20534.880859375,9439.900390625,5898.2998046875,2903.43994140625,20285.0390625,9219.9501953125,5936.0,2915.4599609375,20333.73046875,9348.150390625,1041393600.0,4819730000.0,76200000.0,704600.0
2020-05-12,5994.7998046875,2870.1201171875,20366.48046875,9196.5498046875,6013.0,2945.820068359375,20457.369140625,9240.849609375,5911.39990234375,2869.590087890625,20293.970703125,9043.9501953125,5939.7001953125,2939.5,20413.23046875,9168.849609375,939767700.0,5119630000.0,67700000.0,805500.0
2020-05-13,5904.10009765625,2820.0,20267.05078125,9383.5498046875,5994.7998046875,2874.139892578125,20329.890625,9584.5,5893.39990234375,2793.14990234375,20056.4609375,9351.099609375,5994.7998046875,2865.860107421875,20140.919921875,9584.2001953125,1055705500.0,6151650000.0,79500000.0,846400.0
2020-05-14,5741.5,2852.5,19914.779296875,9142.75,5904.10009765625,2852.800048828125,20185.0,9281.099609375,5661.10009765625,2766.639892578125,19902.9296875,9119.75,5904.10009765625,2794.5400390625,20140.490234375,9213.9501953125,1152459900.0,5651130000.0,76900000.0,602600.0
2020-05-15,5799.7998046875,2863.699951171875,20037.470703125,9136.849609375,5837.89990234375,2865.010009765625,20198.25,9182.400390625,5741.5,2816.780029296875,19832.880859375,9050.0,5741.5,2829.949951171875,20149.7890625,9182.400390625,927433300.0,5507700000.0,75200000.0,575900.0
2020-05-18,6048.60009765625,2953.909912109375,20133.73046875,8823.25,6058.2001953125,2968.090087890625,20197.58984375,9158.2998046875,5799.60009765625,2913.860107421875,19999.099609375,8806.75,5799.7998046875,2913.860107421875,20097.619140625,9158.2998046875,930325200.0,6373670000.0,71900000.0,773000.0
2020-05-19,6002.2001953125,2922.93994140625,20433.44921875,8879.099609375,6112.0,2964.2099609375,20659.4609375,9030.349609375,5965.10009765625,2922.35009765625,20433.44921875,8855.2998046875,6048.60009765625,2948.590087890625,20469.51953125,8961.7001953125,1001641500.0,4984330000.0,93000000.0,762200.0
2020-05-20,6067.2001953125,2971.610107421875,20595.150390625,9066.5498046875,6074.5,2980.2900390625,20684.4609375,9093.7998046875,5961.60009765625,2953.6298828125,20454.029296875,8875.349609375,6002.2001953125,2953.6298828125,20454.490234375,8889.150390625,925383600.0,5005380000.0,71800000.0,622300.0
2020-05-21,6015.2998046875,2948.510009765625,20552.310546875,9106.25,6093.7001953125,2978.5,20734.91015625,9178.5498046875,6004.10009765625,2938.570068359375,20503.869140625,9056.099609375,6067.2001953125,2969.949951171875,20692.58984375,9079.4501953125,1135941900.0,4976620000.0,62900000.0,631500.0
2020-05-22,5993.2998046875,2955.449951171875,20388.16015625,9039.25,6015.2998046875,2956.760009765625,20615.119140625,9149.599609375,5888.60009765625,2933.590087890625,20334.990234375,8968.5498046875,6015.2998046875,2948.050048828125,20583.94921875,9067.900390625,986007000.0,3970860000.0,71100000.0,675800.0
2020-05-25,,,20741.650390625,,,,20741.650390625,,,,20584.060546875,,,,20653.41015625,,,,55100000.0,
2020-05-26,6067.7998046875,2991.77001953125,21271.169921875,9029.0498046875,6130.10009765625,3021.719970703125,21328.33984375,9161.650390625,5993.2998046875,2988.169921875,20918.109375,8996.650390625,5993.2998046875,3004.080078125,20927.9609375,9099.75,1252539600.0,5848500000.0,87200000.0,655000.0
2020-05-27,6144.2998046875,3036.1298828125,21419.23046875,9314.9501953125,6168.0,3036.25,21475.6796875,9334.0,6067.7998046875,2969.75,21142.720703125,9004.25,6067.7998046875,3015.64990234375,21249.310546875,9082.2001953125,1559401400.0,6398000000.0,112000000.0,763500.0
2020-05-28,6218.7998046875,3029.72998046875,21916.310546875,9490.099609375,6234.0,3068.669921875,21926.2890625,9511.25,6144.2998046875,3023.39990234375,21580.5,9336.5,6144.2998046875,3046.610107421875,21612.900390625,9364.9501953125,1210102000.0,5447020000.0,134000000.0,837900.0
2020-05-29,6076.60009765625,3044.31005859375,21877.890625,9580.2998046875,6218.7998046875,3049.169921875,21955.439453125,9598.849609375,6060.2001953125,2998.610107421875,21710.80078125,9376.900390625,6218.7998046875,3025.169921875,21807.630859375,9422.2001953125,2246313300.0,7297550000.0,153200000.0,967000.0
2020-06-01,6166.39990234375,3055.72998046875,22062.390625,9826.150390625,6179.2998046875,3062.179931640625,22161.390625,9931.599609375,6076.60009765625,3031.5400390625,21898.990234375,9706.9501953125,6076.60009765625,3038.780029296875,21910.890625,9726.849609375,742112200.0,4684170000.0,72200000.0,794200.0
2020-06-02,6220.10009765625,3080.820068359375,22325.609375,9979.099609375,6238.2998046875,3081.070068359375,22401.7890625,9995.599609375,6165.10009765625,3051.639892578125,22118.400390625,9824.0498046875,6166.39990234375,3064.780029296875,22175.51953125,9880.849609375,1192259900.0,5197150000.0,77900000.0,770200.0
2020-06-03,6382.39990234375,3122.8701171875,22613.759765625,10061.5498046875,6394.7001953125,3130.93994140625,22818.869140625,10176.2001953125,6220.10009765625,3098.89990234375,22462.6796875,10035.5498046875,6220.10009765625,3098.89990234375,22649.009765625,10108.2998046875,1232836600.0,6005560000.0,94100000.0,794700.0
2020-06-04,6341.39990234375,3112.35009765625,22695.740234375,10029.099609375,6402.60009765625,3128.909912109375,22907.919921875,10123.849609375,6314.60009765625,3090.409912109375,22501.810546875,9944.25,6382.39990234375,3111.56005859375,22885.140625,10054.25,1041769100.0,6451290000.0,92000000.0,775100.0
2020-06-05,6484.2998046875,3193.929931640625,22863.73046875,10142.150390625,6490.0,3211.719970703125,22865.880859375,10177.7998046875,6341.39990234375,3163.840087890625,22563.560546875,10040.75,6341.39990234375,3163.840087890625,22613.080078125,10093.7998046875,1398374600.0,8639300000.0,85600000.0,987100.0
2020-06-08,6472.60009765625,3232.389892578125,23178.099609375,10167.4501953125,6511.7998046875,3233.1298828125,23178.099609375,10328.5,6423.10009765625,3196.0,23028.619140625,10120.25,6484.2998046875,3199.919921875,23121.98046875,10326.75,1305560800.0,8498300000.0,108500000.0,936500.0
2020-06-09,6335.7001953125,3207.179931640625,23091.029296875,10046.650390625,6475.0,3222.7099609375,23185.849609375,10291.150390625,6325.10009765625,3193.110107421875,22933.140625,10021.4501953125,6472.60009765625,3213.320068359375,23135.7890625,10181.150390625,1322614400.0,6410930000.0,91500000.0,754200.0
2020-06-10,6329.10009765625,3190.139892578125,23124.94921875,10116.150390625,6387.39990234375,3223.27001953125,23175.8203125,10148.75,6293.7998046875,3181.489990234375,22900.30078125,10036.849609375,6335.7001953125,3213.419921875,22939.0,10072.599609375,1115769600.0,6598870000.0,75600000.0,632400.0
2020-06-11,6076.7001953125,3002.10009765625,22472.91015625,9902.0,6329.10009765625,3123.530029296875,22939.390625,10112.0498046875,6076.7001953125,2999.489990234375,22466.5390625,9885.0498046875,6329.10009765625,3123.530029296875,22848.01953125,10094.099609375,1117426600.0,7037320000.0,105900000.0,715500.0
2020-06-12,6105.2001953125,3041.31005859375,22305.48046875,9972.900390625,6184.2998046875,3088.419921875,22350.30078125,9996.0498046875,5993.2001953125,2984.469970703125,21786.9296875,9544.349609375,6076.7001953125,3071.0400390625,22082.119140625,9544.9501953125,1059920700.0,5845330000.0,120500000.0,796300.0
2020-06-15,6064.7001953125,3066.590087890625,21530.94921875,9813.7001953125,6105.2001953125,3079.760009765625,22251.830078125,9943.349609375,5952.39990234375,2965.659912109375,21529.830078125,9726.349609375,6105.2001953125,2993.760009765625,22135.26953125,9919.349609375,907815700.0,5757480000.0,78500000.0,716100.0
2020-06-16,6242.7998046875,3124.739990234375,22582.2109375,9914.0,6299.0,3153.449951171875,22624.140625,10046.150390625,6064.7001953125,3076.06005859375,21899.48046875,9728.5,6064.7001953125,3131.0,21912.2890625,10014.7998046875,1028926100.0,5845810000.0,100100000.0,899900.0
2020-06-17,6253.2998046875,3113.489990234375,22455.759765625,9881.150390625,6309.7001953125,3141.159912109375,22536.380859375,10003.599609375,6233.2001953125,3108.030029296875,22318.0703125,9833.7998046875,6242.7998046875,3136.1298828125,22517.140625,9876.7001953125,863307200.0,4560450000.0,72500000.0,685400.0
2020-06-18,6224.10009765625,3115.340087890625,22355.4609375,10091.650390625,6285.0,3120.0,22432.25,10111.2001953125,6184.89990234375,3093.510009765625,22125.349609375,9845.0498046875,6253.2998046875,3101.639892578125,22363.880859375,9863.25,782893800.0,4448690000.0,65200000.0,622900.0
2020-06-19,6292.60009765625,3097.739990234375,22478.7890625,10244.400390625,6319.7998046875,3155.530029296875,22523.66015625,10272.400390625,6224.10009765625,3083.110107421875,22352.16015625,10072.650390625,6224.10009765625,3140.2900390625,22515.75,10119.0,1685754500.0,8346650000.0,97000000.0,892100.0
2020-06-22,6244.60009765625,3117.860107421875,22437.26953125,10311.2001953125,6309.0,3120.919921875,22575.740234375,10393.650390625,6225.5,3079.389892578125,22311.939453125,10277.599609375,6292.60009765625,3094.419921875,22353.689453125,10318.75,793214300.0,4686690000.0,54600000.0,685400.0
2020-06-23,6320.10009765625,3131.2900390625,22549.05078125,10471.0,6342.2001953125,3154.89990234375,22693.890625,10484.7001953125,6244.60009765625,3127.1201171875,22257.140625,10301.75,6244.60009765625,3138.699951171875,22636.060546875,10347.9501953125,685327800.0,4711850000.0,0.0,669200.0
2020-06-24,6123.7001953125,3050.330078125,22534.3203125,10305.2998046875,6320.10009765625,3115.010009765625,22663.2890625,10553.150390625,6123.7001953125,3032.1298828125,22479.859375,10281.9501953125,6320.10009765625,3114.39990234375,22541.009765625,10529.25,768655700.0,5597680000.0,67000000.0,854800.0
2020-06-25,6147.10009765625,3083.760009765625,22259.7890625,10288.900390625,6162.39990234375,3086.25,22423.41015625,10361.7998046875,6029.2998046875,3024.010009765625,22165.140625,10194.5,6123.7001953125,3046.60009765625,22287.869140625,10235.5498046875,813511600.0,4847690000.0,80800000.0,994200.0
2020-06-26,6159.2998046875,3009.050048828125,22512.080078125,10383.0,6262.10009765625,3073.72998046875,22589.140625,10409.849609375,6147.10009765625,3004.6298828125,22408.26953125,10311.25,6147.10009765625,3073.199951171875,22424.369140625,10378.900390625,698906500.0,8107850000.0,66600000.0,671900.0
2020-06-29,6225.7998046875,3053.239990234375,21995.0390625,10312.400390625,6252.0,3053.889892578125,22281.380859375,10337.9501953125,6123.0,2999.739990234375,21969.58984375,10223.599609375,6159.2998046875,3018.590087890625,22255.05078125,10311.9501953125,720430800.0,4473970000.0,73700000.0,574500.0
2020-06-30,6169.7001953125,3100.2900390625,22288.140625,10302.099609375,6237.5,3111.510009765625,22448.30078125,10401.0498046875,6147.0,3047.830078125,22273.380859375,10267.349609375,6225.7998046875,3050.199951171875,22335.099609375,10382.599609375,827284200.0,4705850000.0,74200000.0,556200.0
2020-07-01,6158.0,3115.860107421875,22121.73046875,10430.0498046875,6202.0,3128.43994140625,22360.310546875,10447.0498046875,6084.5,3101.169921875,22039.560546875,10299.599609375,6169.7001953125,3105.919921875,22338.30078125,10323.7998046875,724502100.0,4449230000.0,67400000.0,573600.0
2020-07-02,6240.39990234375,3130.010009765625,22145.9609375,10551.7001953125,6258.60009765625,3165.81005859375,22267.509765625,10598.2001953125,6158.0,3124.52001953125,22072.109375,10485.5498046875,6158.0,3143.639892578125,22182.6796875,10493.0498046875,806189500.0,4197720000.0,73600000.0,597400.0
2020-07-03,6157.2998046875,,22306.48046875,10607.349609375,6262.7001953125,,22312.439453125,10631.2998046875,6137.10009765625,,22154.970703125,10562.650390625,6240.39990234375,,22266.91015625,10614.9501953125,504568000.0,,51700000.0,525200.0
2020-07-06,6285.89990234375,3179.719970703125,22714.439453125,10763.650390625,6304.2001953125,3182.590087890625,22734.109375,10811.400390625,6157.2998046875,3155.2900390625,22325.75,10695.099609375,6157.2998046875,3155.2900390625,22341.26953125,10723.849609375,697122600.0,4759160000.0,58000000.0,571200.0
2020-07-07,6189.89990234375,3145.320068359375,22614.689453125,10799.650390625,6285.89990234375,3184.14990234375,22742.279296875,10813.7998046875,6180.0,3142.929931640625,22540.439453125,10689.7001953125,6285.89990234375,3166.43994140625,22649.900390625,10802.849609375,600362300.0,4571330000.0,62700000.0,636800.0
2020-07-08,6156.2001953125,3169.93994140625,22438.650390625,10705.75,6208.39990234375,3171.800048828125,22667.94921875,10847.849609375,6144.5,3136.530029296875,22438.650390625,10676.5498046875,6189.89990234375,3153.070068359375,22481.609375,10818.650390625,625796600.0,4937310000.0,64900000.0,767900.0
2020-07-09,6049.60009765625,3152.050048828125,22529.2890625,10813.4501953125,6176.7998046875,3179.780029296875,22679.080078125,10836.849609375,6040.2998046875,3115.699951171875,22434.380859375,10733.0,6156.2001953125,3176.169921875,22442.30078125,10755.5498046875,670967000.0,4843650000.0,65200000.0,618700.0
2020-07-10,6095.39990234375,3185.0400390625,22290.810546875,10768.0498046875,6108.2001953125,3186.820068359375,22563.6796875,10819.400390625,6003.2001953125,3136.219970703125,22285.0703125,10713.0,6049.60009765625,3152.469970703125,22534.970703125,10764.099609375,685330800.0,4524190000.0,78800000.0,590700.0
2020-07-13,6176.2001953125,3155.219970703125,22784.740234375,10802.7001953125,6187.2998046875,3235.320068359375,22784.740234375,10894.0498046875,6095.39990234375,3149.429931640625,22561.470703125,10756.0498046875,6095.39990234375,3205.080078125,22591.810546875,10851.849609375,614241100.0,4902440000.0,71200000.0,554100.0
2020-07-14,6179.7998046875,3197.52001953125,22587.009765625,10607.349609375,6179.7998046875,3200.949951171875,22677.01953125,10755.650390625,6093.2001953125,3127.659912109375,22538.779296875,10562.900390625,6176.2001953125,3141.110107421875,22631.869140625,10750.849609375,717546900.0,4507140000.0,61000000.0,532400.0
2020-07-15,6292.7001953125,3226.56005859375,22945.5,10618.2001953125,6323.60009765625,3238.280029296875,22965.560546875,10827.4501953125,6179.7998046875,3200.760009765625,22800.109375,10577.75,6179.7998046875,3225.97998046875,22817.91015625,10701.0,747302000.0,4686830000.0,72600000.0,715900.0
2020-07-16,6250.7001953125,3215.570068359375,22770.359375,10739.9501953125,6296.7998046875,3220.389892578125,22925.900390625,10755.2998046875,6227.2998046875,3198.590087890625,22739.419921875,10595.2001953125,6292.7001953125,3208.360107421875,22907.9609375,10706.2001953125,521796200.0,3972860000.0,89400000.0,694400.0
2020-07-17,6290.2998046875,3224.72998046875,22696.419921875,10901.7001953125,6293.7001953125,3233.52001953125,22857.8203125,10933.4501953125,6230.0,3205.64990234375,22643.51953125,10749.650390625,6250.7001953125,3224.2099609375,22807.5703125,10752.0,687096800.0,4012850000.0,55900000.0,676900.0
2020-07-20,6261.5,3251.840087890625,22717.48046875,11022.2001953125,6297.60009765625,3258.610107421875,22788.529296875,11037.900390625,6222.2001953125,3215.159912109375,22580.189453125,10953.0,6290.2998046875,3224.2900390625,22772.0703125,10999.4501953125,494263500.0,3979340000.0,50000000.0,554300.0
2020-07-21,6269.7001953125,3257.300048828125,22884.220703125,11162.25,6315.7001953125,3277.2900390625,22925.580078125,11179.5498046875,6253.89990234375,3247.77001953125,22780.220703125,11113.25,6261.5,3268.52001953125,22789.380859375,11126.099609375,753531600.0,4556610000.0,68600000.0,772000.0
2020-07-22,6207.10009765625,3276.02001953125,22751.609375,11132.599609375,6271.0,3279.320068359375,22855.310546875,11238.099609375,6197.5,3253.10009765625,22732.919921875,11056.5498046875,6269.7001953125,3254.860107421875,22791.75,11231.2001953125,745230100.0,4267160000.0,65400000.0,765100.0
2020-07-23,6211.39990234375,3235.659912109375,,11215.4501953125,6273.60009765625,3279.989990234375,,11239.7998046875,6202.89990234375,3222.659912109375,,11103.150390625,6207.10009765625,3271.639892578125,,11135.0,605739200.0,4296760000.0,,621600.0
2020-07-24,6123.7998046875,3215.6298828125,,11194.150390625,6211.39990234375,3227.260009765625,,11225.400390625,6099.10009765625,3200.050048828125,,11090.2998046875,6211.39990234375,3218.580078125,,11149.9501953125,679819200.0,3689410000.0,,678900.0
2020-07-27,6104.89990234375,3239.409912109375,22715.849609375,11131.7998046875,6127.60009765625,3241.429931640625,22741.130859375,11225.0,6086.60009765625,3214.25,22429.5703125,11087.849609375,6123.7998046875,3219.840087890625,22495.94921875,11225.0,704383900.0,3970310000.0,71800000.0,588100.0
2020-07-28,6129.2998046875,3218.43994140625,22657.380859375,11300.5498046875,6149.89990234375,3243.719970703125,22842.189453125,11317.75,6083.7001953125,3216.169921875,22646.220703125,11151.400390625,6104.89990234375,3234.27001953125,22735.01953125,11154.099609375,612575200.0,4053180000.0,67800000.0,683900.0
2020-07-29,6131.5,3258.43994140625,22397.109375,11202.849609375,6155.10009765625,3264.739990234375,22584.869140625,11341.400390625,6116.7001953125,3227.219970703125,22366.33984375,11149.75,6129.2998046875,3227.219970703125,22543.890625,11276.900390625,718093000.0,4478200000.0,74300000.0,600700.0
2020-07-30,5990.0,3246.219970703125,22339.23046875,11102.150390625,6145.7998046875,3250.919921875,22506.599609375,11299.9501953125,5924.7001953125,3204.1298828125,22334.7109375,11084.9501953125,6131.5,3231.760009765625,22489.240234375,11254.2998046875,1229813400.0,4264920000.0,77800000.0,677800.0
2020-07-31,5897.7998046875,3271.1201171875,21710.0,11073.4501953125,6046.2998046875,3272.169921875,22295.05078125,11150.400390625,5897.7998046875,3220.260009765625,21710.0,11026.650390625,5990.0,3270.449951171875,22267.58984375,11139.5,1007598800.0,5007530000.0,106600000.0,642600.0
2020-08-03,6032.89990234375,3294.610107421875,22195.380859375,10891.599609375,6038.7998046875,3302.72998046875,22214.58984375,11058.0498046875,5857.10009765625,3284.530029296875,21919.830078125,10882.25,5897.7998046875,3288.260009765625,21947.580078125,11057.5498046875,948540800.0,4438940000.0,84000000.0,680900.0
2020-08-04,6036.0,3306.510009765625,22573.66015625,11095.25,6056.5,3306.840087890625,22603.8203125,11112.25,5986.7998046875,3286.3701171875,22379.740234375,10908.099609375,6032.89990234375,3289.919921875,22379.740234375,10946.650390625,766666900.0,4414380000.0,89100000.0,625700.0
2020-08-05,6104.7001953125,3327.77001953125,22514.849609375,11101.650390625,6111.5,3330.77001953125,22554.19921875,11225.650390625,6036.0,3317.3701171875,22356.25,11064.0498046875,6036.0,3317.3701171875,22479.720703125,11155.75,715558400.0,4535060000.0,74000000.0,667600.0
2020-08-06,6026.89990234375,3349.159912109375,22418.150390625,11200.150390625,6104.7001953125,3351.030029296875,22587.75,11256.7998046875,5980.39990234375,3318.139892578125,22362.890625,11127.2998046875,6104.7001953125,3323.169921875,22471.7109375,11185.7001953125,629266500.0,4278930000.0,62600000.0,600400.0
2020-08-07,6032.2001953125,3351.280029296875,22329.939453125,11214.0498046875,6046.0,3352.5400390625,22436.16015625,11231.900390625,5996.7001953125,3328.719970703125,22204.609375,11142.0498046875,6026.89990234375,3340.050048828125,22433.779296875,11186.650390625,540972400.0,4110030000.0,66700000.0,452600.0
2020-08-10,6050.60009765625,3360.469970703125,,11270.150390625,6099.5,3363.2900390625,,11337.2998046875,6028.5,3335.43994140625,,11238.0,6032.2001953125,3356.0400390625,,11270.25,558064500.0,4327920000.0,,492000.0
2020-08-11,6154.2998046875,3333.68994140625,22750.240234375,11322.5,6206.0,3381.010009765625,22760.869140625,11373.599609375,6050.60009765625,3326.43994140625,22497.0703125,11299.150390625,6050.60009765625,3370.340087890625,22505.509765625,11322.25,758790700.0,4880540000.0,99300000.0,586100.0
2020-08-12,6280.10009765625,3380.35009765625,22843.9609375,11308.400390625,6297.2001953125,3387.889892578125,22874.369140625,11322.0,6151.60009765625,3355.4599609375,22670.740234375,11242.650390625,6154.2998046875,3355.4599609375,22747.439453125,11289.0,680848000.0,3772250000.0,90800000.0,609900.0
2020-08-13,6185.60009765625,3373.429931640625,23249.609375,11300.4501953125,6280.10009765625,3387.239990234375,23316.689453125,11359.2998046875,6185.60009765625,3363.35009765625,23111.5,11269.9501953125,6280.10009765625,3372.949951171875,23123.359375,11334.849609375,515765800.0,3438730000.0,84800000.0,562400.0
2020-08-14,6090.0,3372.85009765625,23289.359375,11178.400390625,6185.60009765625,3378.510009765625,23338.7890625,11366.25,6036.10009765625,3361.639892578125,23222.849609375,11111.4501953125,6185.60009765625,3368.659912109375,23323.919921875,11353.2998046875,513442300.0,3200060000.0,59800000.0,645100.0
2020-08-17,6127.39990234375,3381.989990234375,23096.75,11247.099609375,6140.2001953125,3387.590087890625,23248.75,11267.099609375,6061.5,3379.219970703125,23068.529296875,11144.5,6090.0,3380.860107421875,23189.48046875,11248.900390625,500314600.0,3460330000.0,43600000.0,634000.0
2020-08-18,6076.60009765625,3389.780029296875,23051.080078125,11385.349609375,6162.7001953125,3395.06005859375,23128.1796875,11401.7001953125,6062.60009765625,3370.14990234375,22948.890625,11253.150390625,6127.39990234375,3387.0400390625,23097.80078125,11259.7998046875,502242600.0,3669550000.0,55600000.0,579200.0
2020-08-19,6112.0,3374.85009765625,23110.609375,11408.400390625,6114.7998046875,3399.5400390625,23149.849609375,11460.349609375,6045.0,3369.659912109375,22953.599609375,11394.099609375,6076.60009765625,3392.510009765625,22997.9296875,11452.150390625,425040900.0,3679480000.0,50100000.0,626200.0
2020-08-20,6013.2998046875,3385.510009765625,22880.619140625,11312.2001953125,6112.0,3390.800048828125,23078.359375,11361.4501953125,6009.60009765625,3354.68994140625,22851.830078125,11289.7998046875,6112.0,3360.47998046875,23003.580078125,11317.4501953125,505170900.0,3431040000.0,50200000.0,791600.0
2020-08-21,6001.89990234375,3397.159912109375,22920.30078125,11371.599609375,6036.5,3399.9599609375,23135.4296875,11418.5,5948.7998046875,3379.31005859375,22920.30078125,11362.2001953125,6013.2998046875,3386.010009765625,23022.759765625,11409.650390625,545211700.0,3505010000.0,51200000.0,668700.0
2020-08-24,6104.7001953125,3431.280029296875,22985.509765625,11466.4501953125,6119.7998046875,3432.090087890625,23012.7109375,11497.25,6001.89990234375,3413.1298828125,22862.5390625,11410.650390625,6001.89990234375,3418.090087890625,22913.19921875,11412.0,452722200.0,3743410000.0,40600000.0,532900.0
2020-08-25,6037.0,3443.6201171875,23296.76953125,11472.25,6173.5,3444.2099609375,23431.0390625,11525.900390625,6032.10009765625,3425.840087890625,23225.390625,11423.349609375,6104.7001953125,3435.949951171875,23242.740234375,11513.099609375,538992400.0,3627650000.0,75300000.0,638200.0
2020-08-26,6045.60009765625,3478.72998046875,23290.859375,11549.599609375,6050.7998046875,3481.070068359375,23348.80078125,11561.75,5992.2001953125,3444.14990234375,23203.0,11461.849609375,6037.0,3449.969970703125,23257.05078125,11512.849609375,405657200.0,3780530000.0,47800000.0,743400.0
2020-08-27,6000.0,3484.550048828125,23208.859375,11559.25,6062.5,3501.3798828125,23323.0703125,11617.349609375,6000.0,3468.35009765625,23177.849609375,11540.599609375,6045.60009765625,3485.139892578125,23311.0390625,11609.2998046875,496427000.0,3955890000.0,52700000.0,719800.0
2020-08-28,5963.60009765625,3508.010009765625,22882.650390625,11647.599609375,6033.0,3509.22998046875,23376.130859375,11686.0498046875,5962.5,3484.320068359375,22594.7890625,11589.400390625,6000.0,3494.68994140625,23232.30078125,11602.9501953125,928308900.0,3868510000.0,98100000.0,807000.0
2020-08-31,,3500.31005859375,23139.759765625,11387.5,,3514.77001953125,23342.3203125,11794.25,,3493.25,23102.609375,11325.849609375,,3509.72998046875,23147.140625,11777.5498046875,,4348280000.0,81000000.0,1371800.0
2020-09-01,5862.10009765625,3526.64990234375,23138.0703125,11470.25,5972.5,3528.030029296875,23206.66015625,11553.5498046875,5824.0,3494.60009765625,23047.76953125,11366.900390625,5963.60009765625,3507.43994140625,23089.630859375,11464.2998046875,1041226100.0,4101490000.0,59600000.0,783800.0
2020-09-02,5941.0,3580.840087890625,23247.150390625,11535.0,5974.7001953125,3588.110107421875,23287.400390625,11554.75,5862.10009765625,3535.22998046875,23170.8203125,11430.400390625,5862.10009765625,3543.760009765625,23261.08984375,11478.5498046875,670603500.0,4295640000.0,52600000.0,593500.0
2020-09-03,5850.89990234375,3455.06005859375,23465.529296875,11527.4501953125,5996.2001953125,3564.85009765625,23580.509765625,11584.9501953125,5838.0,3427.409912109375,23426.109375,11507.650390625,5941.0,3564.739990234375,23524.490234375,11566.2001953125,698951400.0,4911830000.0,57500000.0,607100.0
2020-09-04,5799.10009765625,3426.9599609375,23205.4296875,11333.849609375,5904.2001953125,3479.14990234375,23257.689453125,11452.0498046875,5778.39990234375,3349.6298828125,23098.76953125,11303.650390625,5850.89990234375,3453.60009765625,23130.3203125,11354.400390625,672211400.0,4438720000.0,59300000.0,681300.0
2020-09-07,5937.39990234375,,23089.94921875,11355.0498046875,5946.89990234375,,23218.220703125,11381.150390625,5798.5,,23086.890625,11251.7001953125,5799.10009765625,,23145.470703125,11359.599609375,542562600.0,,57300000.0,560300.0
2020-09-08,5930.2998046875,3331.840087890625,23274.130859375,11317.349609375,5985.2998046875,3379.969970703125,23277.66015625,11437.25,5868.89990234375,3329.27001953125,23129.66015625,11290.4501953125,5937.39990234375,3371.8798828125,23188.7890625,11378.5498046875,741088100.0,4694330000.0,62100000.0,572200.0
2020-09-09,6012.7998046875,3398.9599609375,23032.5390625,11278.0,6031.2998046875,3424.77001953125,23059.01953125,11298.150390625,5923.39990234375,3366.840087890625,22878.7109375,11185.150390625,5930.2998046875,3369.820068359375,22966.890625,11218.599609375,670411100.0,3932520000.0,84400000.0,728900.0
2020-09-10,6003.2998046875,3339.18994140625,23235.470703125,11449.25,6028.7998046875,3425.550048828125,23250.310546875,11464.0498046875,5950.60009765625,3329.25,23134.01953125,11327.400390625,6012.7998046875,3412.56005859375,23193.470703125,11363.2998046875,602947200.0,4208630000.0,67600000.0,679400.0
2020-09-11,6032.10009765625,3340.969970703125,23406.490234375,11464.4501953125,6057.7001953125,3368.949951171875,23412.9296875,11493.5,5992.89990234375,3310.469970703125,23114.630859375,11419.900390625,6003.2998046875,3352.699951171875,23114.630859375,11447.7998046875,532206600.0,3710090000.0,76900000.0,554800.0
2020-09-14,6026.2998046875,3383.5400390625,23559.30078125,11440.0498046875,6080.0,3402.929931640625,23582.2109375,11568.900390625,6011.7998046875,3363.56005859375,23429.419921875,11383.5498046875,6032.10009765625,3363.56005859375,23431.16015625,11540.150390625,599027600.0,3839580000.0,65400000.0,642300.0
2020-09-15,6105.5,3401.199951171875,23454.890625,11521.7998046875,6123.7001953125,3419.47998046875,23477.859375,11535.9501953125,6026.2001953125,3389.25,23351.349609375,11442.25,6026.2998046875,3407.72998046875,23438.830078125,11487.2001953125,696475100.0,4057190000.0,61800000.0,506700.0
2020-09-16,6078.5,3385.489990234375,23475.529296875,11604.5498046875,6119.2001953125,3428.919921875,23506.44921875,11618.099609375,6057.60009765625,3384.449951171875,23397.4296875,11516.75,6105.5,3411.22998046875,23425.23046875,11538.4501953125,712218600.0,4718900000.0,63000000.0,527800.0
2020-09-17,6049.89990234375,3357.010009765625,23319.369140625,11516.099609375,6078.5,3375.169921875,23446.390625,11587.2001953125,5998.7001953125,3328.820068359375,23272.23046875,11498.5,6078.5,3346.860107421875,23416.619140625,11539.400390625,614989900.0,4379840000.0,61100000.0,0.0
2020-09-18,6007.10009765625,3319.469970703125,23360.30078125,11504.9501953125,6055.2001953125,3362.27001953125,23398.4609375,11584.099609375,6006.2998046875,3292.39990234375,23290.189453125,11446.099609375,6049.89990234375,3357.3798828125,23321.189453125,11584.099609375,1606438900.0,7076400000.0,82600000.0,764200.0
2020-09-21,5804.2998046875,3281.06005859375,,11250.5498046875,6007.10009765625,3285.570068359375,,11535.25,5779.2001953125,3229.10009765625,,11218.5,6007.10009765625,3285.570068359375,,11503.7998046875,989724600.0,4836070000.0,,602900.0
2020-09-22,5829.5,3315.570068359375,,11153.650390625,5871.2998046875,3320.31005859375,,11302.2001953125,5794.5,3270.949951171875,,11084.650390625,5804.2998046875,3295.75,,11301.75,793986600.0,3974510000.0,,672200.0
2020-09-23,5899.2998046875,3236.919921875,23346.490234375,11131.849609375,5974.89990234375,3323.35009765625,23370.130859375,11259.5498046875,5829.5,3232.570068359375,23154.44921875,11024.400390625,5829.5,3320.110107421875,23245.890625,11258.75,745841800.0,4378650000.0,77000000.0,714900.0
2020-09-24,5822.7998046875,3246.590087890625,23087.8203125,10805.5498046875,5899.2998046875,3278.699951171875,23234.720703125,11015.2998046875,5805.2998046875,3209.449951171875,23039.48046875,10790.2001953125,5899.2998046875,3226.139892578125,23215.0,11011.0,707125700.0,4601920000.0,70500000.0,706100.0
2020-09-25,5842.7001953125,3298.4599609375,23204.619140625,11050.25,5843.7001953125,3306.8798828125,23272.669921875,11072.599609375,5771.5,3228.43994140625,23154.66015625,10854.849609375,5822.7998046875,3236.659912109375,23217.330078125,10910.400390625,742745800.0,3803330000.0,72200000.0,559600.0
2020-09-28,5927.89990234375,3351.60009765625,23511.619140625,11227.5498046875,5954.39990234375,3360.739990234375,23516.0390625,11239.349609375,5842.7001953125,3332.909912109375,23303.029296875,11099.849609375,5842.7001953125,3333.89990234375,23391.9609375,11140.849609375,915339300.0,3950910000.0,82000000.0,472800.0
2020-09-29,5897.5,3335.469970703125,23539.099609375,11222.400390625,5927.89990234375,3357.919921875,23622.740234375,11305.400390625,5862.89990234375,3327.5400390625,23347.640625,11181.0,5927.89990234375,3350.919921875,23410.5,11288.599609375,677894800.0,3661590000.0,61300000.0,498300.0
2020-09-30,5866.10009765625,3363.0,23185.119140625,11247.5498046875,5931.39990234375,3393.56005859375,23522.380859375,11295.400390625,5854.5,3340.469970703125,23170.890625,11184.5498046875,5897.5,3341.2099609375,23478.849609375,11244.4501953125,831982500.0,4738640000.0,88200000.0,499300.0
2020-10-01,5879.5,3380.800048828125,,11416.9501953125,5925.7998046875,3397.179931640625,,11428.599609375,5849.7998046875,3361.389892578125,,11347.0498046875,5866.10009765625,3385.8701171875,,11364.4501953125,729252500.0,4076340000.0,,447700.0
2020-10-02,5902.10009765625,3348.419921875,23029.900390625,,5902.10009765625,3369.10009765625,23365.580078125,,5809.60009765625,3323.68994140625,22951.41015625,,5879.5,3338.93994140625,23294.80078125,,708115400.0,3975180000.0,86300000.0,
2020-10-05,5942.89990234375,3408.60009765625,23312.140625,11503.349609375,5974.2001953125,3409.570068359375,23377.4296875,11578.0498046875,5902.10009765625,3367.27001953125,23252.689453125,11452.2998046875,5902.10009765625,3367.27001953125,23254.279296875,11487.7998046875,637260500.0,3692720000.0,59500000.0,530600.0
2020-10-06,5949.89990234375,3360.969970703125,23433.73046875,11662.400390625,5971.5,3431.56005859375,23441.16015625,11680.2998046875,5903.39990234375,3354.5400390625,23331.400390625,11564.2998046875,5942.89990234375,3408.739990234375,23420.0703125,11603.4501953125,911383000.0,4453390000.0,57700000.0,561400.0
2020-10-07,5946.2998046875,3419.43994140625,23422.8203125,11738.849609375,5977.2001953125,3426.260009765625,23432.73046875,11763.0498046875,5929.2001953125,3384.56005859375,23272.44921875,11629.349609375,5949.89990234375,3384.56005859375,23272.44921875,11679.25,762006800.0,3814750000.0,52100000.0,513400.0
2020-10-08,5978.0,3446.830078125,23647.0703125,11834.599609375,6004.2001953125,3447.280029296875,23701.76953125,11905.7001953125,5929.39990234375,3428.14990234375,23477.73046875,11791.150390625,5946.2998046875,3434.280029296875,23506.33984375,11835.400390625,741665900.0,3867640000.0,56300000.0,608800.0
2020-10-09,6016.7001953125,3477.139892578125,23619.689453125,11914.2001953125,6040.5,3482.340087890625,23725.580078125,11938.599609375,5978.0,3458.070068359375,23552.73046875,11805.2001953125,5978.0,3459.669921875,23713.859375,11852.0498046875,676779000.0,3944090000.0,56100000.0,611100.0
2020-10-12,6001.39990234375,3534.219970703125,23558.689453125,11930.9501953125,6037.10009765625,3549.85009765625,23597.91015625,12022.0498046875,5995.10009765625,3499.610107421875,23501.259765625,11867.2001953125,6016.7001953125,3500.02001953125,23588.740234375,11973.5498046875,600961600.0,3435760000.0,44900000.0,522600.0
2020-10-13,5969.7001953125,3511.929931640625,23601.779296875,11934.5,6008.0,3534.010009765625,23667.900390625,11988.2001953125,5950.0,3500.860107421875,23490.94921875,11888.900390625,6001.39990234375,3534.010009765625,23667.900390625,11934.650390625,786877800.0,3611100000.0,47200000.0,458300.0
2020-10-14,5935.10009765625,3488.669921875,23626.73046875,11971.0498046875,6009.7998046875,3527.93994140625,23656.69921875,11997.2001953125,5926.5,3480.550048828125,23518.810546875,11822.150390625,5969.7001953125,3515.469970703125,23545.66015625,11917.400390625,613220800.0,3858510000.0,54000000.0,569200.0
2020-10-15,5832.5,3483.340087890625,23507.23046875,11680.349609375,5935.10009765625,3489.080078125,23581.16015625,12025.4501953125,5786.2001953125,3440.889892578125,23458.4296875,11661.2998046875,5935.10009765625,3453.719970703125,23548.44921875,12023.4501953125,667215200.0,3724550000.0,48300000.0,608900.0
2020-10-16,5919.60009765625,3483.81005859375,23410.630859375,11762.4501953125,5933.7998046875,3515.760009765625,23538.740234375,11789.75,5832.5,3480.449951171875,23382.669921875,11667.849609375,5832.5,3493.5,23478.400390625,11727.400390625,669807200.0,4688030000.0,48100000.0,555800.0
2020-10-19,5884.7001953125,3426.919921875,23671.130859375,11873.0498046875,5959.7001953125,3502.419921875,23707.16015625,11898.25,5872.0,3419.929931640625,23543.689453125,11820.400390625,5919.60009765625,3493.659912109375,23543.689453125,11879.2001953125,522720700.0,4091080000.0,46300000.0,541400.0
2020-10-20,5889.2001953125,3443.1201171875,23567.0390625,11896.7998046875,5915.5,3476.929931640625,23674.869140625,11949.25,5861.7998046875,3435.64990234375,23518.2890625,11837.25,5884.7001953125,3439.3798828125,23587.869140625,11861.0,576524900.0,3917850000.0,48700000.0,453600.0
2020-10-21,5776.5,3435.56005859375,23639.4609375,11937.650390625,5903.39990234375,3464.860107421875,23702.30078125,12018.650390625,5769.60009765625,3433.06005859375,23611.330078125,11775.75,5889.2001953125,3439.909912109375,23615.51953125,11958.5498046875,632347400.0,4103960000.0,53300000.0,623700.0
2020-10-22,5785.7001953125,3453.489990234375,23474.26953125,11896.4501953125,5796.39990234375,3460.530029296875,23555.779296875,11939.5498046875,5716.39990234375,3415.340087890625,23436.169921875,11823.4501953125,5776.5,3438.5,23525.58984375,11890.0,664916300.0,4172060000.0,44900000.0,544900.0
2020-10-23,5860.2998046875,3465.389892578125,23516.58984375,11930.349609375,5885.39990234375,3466.4599609375,23587.900390625,11974.5498046875,5781.7998046875,3440.449951171875,23469.130859375,11908.75,5785.7001953125,3464.89990234375,23558.7109375,11957.900390625,852798000.0,3651600000.0,49200000.0,502300.0
2020-10-26,5792.0,3400.969970703125,23494.33984375,11767.75,5868.39990234375,3441.419921875,23572.599609375,11942.849609375,5782.39990234375,3364.860107421875,23475.51953125,11711.7001953125,5860.2998046875,3441.419921875,23520.779296875,11937.400390625,870052100.0,4002210000.0,41700000.0,519800.0
2020-10-27,5729.0,3390.679931640625,23485.80078125,11889.400390625,5806.2001953125,3409.510009765625,23485.80078125,11899.0498046875,5728.2001953125,3388.7099609375,23232.310546875,11723.0,5792.0,3403.14990234375,23376.9609375,11807.099609375,756732600.0,3962400000.0,52700000.0,616300.0
2020-10-28,5582.7998046875,3271.030029296875,23418.509765625,11729.599609375,5729.0,3342.47998046875,23451.029296875,11929.400390625,5525.5,3268.889892578125,23334.23046875,11684.849609375,5729.0,3342.47998046875,23372.609375,11922.599609375,1107558600.0,5139970000.0,67100000.0,704000.0
2020-10-29,5581.7998046875,3310.110107421875,23331.939453125,11670.7998046875,5616.60009765625,3341.050048828125,23374.099609375,11744.150390625,5534.7001953125,3259.820068359375,23170.759765625,11606.4501953125,5582.7998046875,3277.169921875,23170.759765625,11633.2998046875,964959700.0,4911860000.0,57500000.0,555000.0
2020-10-30,5577.2998046875,3269.9599609375,22977.130859375,11642.400390625,5593.39990234375,3304.929931640625,23320.7109375,11748.9501953125,5534.10009765625,3233.93994140625,22948.470703125,11535.4501953125,5581.7998046875,3293.590087890625,23320.7109375,11678.4501953125,823613300.0,4843930000.0,76700000.0,553700.0
2020-11-02,5655.0,3310.239990234375,23295.48046875,11669.150390625,5665.2998046875,3330.139892578125,23370.91015625,11725.650390625,5554.7001953125,3279.739990234375,23096.7890625,11557.400390625,5577.2998046875,3296.199951171875,23110.740234375,11697.349609375,755064600.0,4314690000.0,69700000.0,568400.0
2020-11-03,5786.7998046875,3369.159912109375,,11813.5,5787.60009765625,3389.489990234375,,11836.2001953125,5655.0,3336.25,,11723.2998046875,5655.0,3336.25,,11734.4501953125,803790300.0,4241380000.0,,674300.0
2020-11-04,5883.2998046875,3443.43994140625,23695.23046875,11908.5,5885.7001953125,3486.25,23801.880859375,11929.650390625,5711.2001953125,3405.169921875,23505.779296875,11756.400390625,5786.7998046875,3406.4599609375,23619.580078125,11783.349609375,781517600.0,4790400000.0,81600000.0,667300.0
2020-11-05,5906.2001953125,3510.449951171875,24105.279296875,12120.2998046875,5933.10009765625,3529.050048828125,24112.419921875,12131.099609375,5881.89990234375,3485.739990234375,23756.779296875,12027.599609375,5883.2998046875,3485.739990234375,23776.19921875,12062.400390625,900001200.0,4858150000.0,78600000.0,632500.0
2020-11-06,5910.0,3509.43994140625,24325.23046875,12263.5498046875,5950.2001953125,3521.580078125,24389.0,12280.400390625,5858.5,3484.340087890625,24039.16015625,12131.849609375,5906.2001953125,3508.340087890625,24076.220703125,12156.650390625,848478100.0,4842460000.0,73200000.0,576800.0
2020-11-09,6186.2998046875,3550.5,24839.83984375,12461.0498046875,6258.2998046875,3645.989990234375,24962.80078125,12474.0498046875,5910.0,3547.47998046875,24541.279296875,12367.349609375,5910.0,3583.0400390625,24568.83984375,12399.400390625,2067706200.0,8570510000.0,67000000.0,553400.0
2020-11-10,6296.89990234375,3545.530029296875,24905.58984375,12631.099609375,6307.0,3557.219970703125,25279.939453125,12643.900390625,6180.5,3511.909912109375,24833.1796875,12475.25,6186.2998046875,3543.260009765625,25087.30078125,12556.400390625,1717346100.0,6037470000.0,128200000.0,847500.0
2020-11-11,6382.10009765625,3572.659912109375,25349.599609375,12749.150390625,6397.2998046875,3581.159912109375,25401.30078125,12769.75,6293.2001953125,3557.0,25145.66015625,12571.099609375,6296.89990234375,3563.219970703125,25145.66015625,12680.599609375,1283397300.0,4635560000.0,102500000.0,880500.0
2020-11-12,6338.89990234375,3537.010009765625,25520.880859375,12690.7998046875,6382.10009765625,3569.02001953125,25587.9609375,12741.150390625,6295.7998046875,3518.580078125,25316.599609375,12624.849609375,6382.10009765625,3562.669921875,25439.349609375,12702.150390625,1014492200.0,4909660000.0,80500000.0,622000.0
2020-11-13,6316.39990234375,3585.14990234375,25385.869140625,12719.9501953125,6339.0,3593.659912109375,25456.1796875,12735.9501953125,6280.39990234375,3552.570068359375,25215.310546875,12607.7001953125,6338.89990234375,3552.570068359375,25405.640625,12659.7001953125,1010712500.0,4719580000.0,77600000.0,513900.0
2020-11-16,6421.2998046875,3626.909912109375,25906.9296875,,6463.5,3628.510009765625,25928.1796875,,6316.39990234375,3600.159912109375,25640.2890625,,6316.39990234375,3600.159912109375,25652.689453125,,1293581100.0,5295510000.0,84900000.0,
2020-11-17,6365.2998046875,3609.530029296875,26014.619140625,12874.2001953125,6424.5,3623.110107421875,26057.30078125,12934.0498046875,6309.0,3588.679931640625,25851.5390625,12797.099609375,6421.2998046875,3610.31005859375,26043.44921875,12932.5,1225248200.0,4812180000.0,84800000.0,707700.0
2020-11-18,6385.2001953125,3567.7900390625,25728.140625,12938.25,6395.89990234375,3619.090087890625,25882.140625,12948.849609375,6326.7001953125,3567.330078125,25656.69921875,12819.349609375,6365.2998046875,3612.090087890625,25860.55078125,12860.099609375,979740000.0,5284810000.0,69200000.0,731300.0
2020-11-19,6334.39990234375,3581.8701171875,25634.33984375,12771.7001953125,6385.2001953125,3585.219970703125,25650.859375,12963.0,6314.2998046875,3543.840087890625,25474.939453125,12745.75,6385.2001953125,3559.409912109375,25628.73046875,12839.5,929024200.0,4363370000.0,82000000.0,768800.0
2020-11-20,6351.5,3557.5400390625,25527.369140625,12859.0498046875,6386.7001953125,3581.22998046875,25555.369140625,12892.4501953125,6324.60009765625,3556.85009765625,25425.58984375,12730.25,6334.39990234375,3579.31005859375,25486.830078125,12813.400390625,821112500.0,4236370000.0,63400000.0,664000.0
2020-11-23,6333.7998046875,3577.590087890625,,12926.4501953125,6392.10009765625,3589.81005859375,,12968.849609375,6325.2001953125,3552.77001953125,,12825.7001953125,6351.5,3566.820068359375,,12960.2998046875,943708400.0,5057550000.0,,633100.0
2020-11-24,6432.2001953125,3635.409912109375,26165.58984375,13055.150390625,6432.39990234375,3642.31005859375,26261.779296875,13079.099609375,6333.7001953125,3594.52001953125,25901.44921875,12978.0,6333.7998046875,3594.52001953125,25901.44921875,13002.599609375,1301560700.0,6280290000.0,81700000.0,571900.0
2020-11-25,6391.10009765625,3629.64990234375,26296.859375,12858.400390625,6468.7001953125,3635.5,26706.419921875,13145.849609375,6375.2998046875,3617.760009765625,26258.349609375,12833.650390625,6432.2001953125,3635.5,26468.51953125,13130.0,1129314000.0,4910440000.0,92500000.0,679000.0
2020-11-26,6362.89990234375,,26537.310546875,12987.0,6412.7001953125,,26560.029296875,13018.0,6349.5,,26255.470703125,12790.400390625,6391.10009765625,,26255.470703125,12906.4501953125,736272500.0,,63500000.0,549800.0
2020-11-27,6367.60009765625,3638.35009765625,26644.7109375,12968.9501953125,6375.89990234375,3644.31005859375,26672.400390625,13035.2998046875,6302.2001953125,3629.330078125,26419.05078125,12914.2998046875,6362.89990234375,3638.550048828125,26530.279296875,13012.0498046875,1448127900.0,2778390000.0,86200000.0,1162400.0
2020-11-30,6266.2001953125,3621.6298828125,26433.619140625,,6404.0,3634.179931640625,26834.19921875,,6266.2001953125,3594.389892578125,26405.830078125,,6367.60009765625,3634.179931640625,26830.099609375,,1355075300.0,6308410000.0,147700000.0,
2020-12-01,6384.7001953125,3662.449951171875,26787.5390625,13109.0498046875,6400.2001953125,3678.449951171875,26852.16015625,13128.400390625,6263.60009765625,3645.8701171875,26618.390625,12962.7998046875,6266.2001953125,3645.8701171875,26624.19921875,13062.2001953125,839858300.0,5418480000.0,73200000.0,583600.0
2020-12-02,6463.39990234375,3669.010009765625,26800.98046875,13113.75,6468.60009765625,3670.9599609375,26889.900390625,13128.5,6367.5,3644.840087890625,26695.279296875,12983.5498046875,6384.7001953125,3653.780029296875,26884.990234375,13121.400390625,936842800.0,5041250000.0,80200000.0,717700.0
2020-12-03,6490.2998046875,3666.719970703125,26809.369140625,13133.900390625,6491.5,3682.72998046875,26868.08984375,13216.599609375,6430.2998046875,3657.169921875,26719.23046875,13107.900390625,6463.39990234375,3668.280029296875,26740.30078125,13215.2998046875,943214500.0,5065340000.0,69500000.0,713700.0
2020-12-04,6550.2001953125,3699.1201171875,26751.240234375,13258.5498046875,6559.2001953125,3699.199951171875,26799.830078125,13280.0498046875,6489.7998046875,3670.93994140625,26646.080078125,13152.849609375,6490.2998046875,3670.93994140625,26697.259765625,13177.400390625,1073110600.0,5099620000.0,61600000.0,640500.0
2020-12-07,6555.39990234375,3691.9599609375,26547.439453125,13355.75,6601.10009765625,3697.409912109375,26894.25,13366.650390625,6519.7998046875,3678.8798828125,26500.3203125,13241.9501953125,6550.2001953125,3694.72998046875,26894.25,13264.849609375,1058250500.0,4804500000.0,61600000.0,591700.0
2020-12-08,6558.7998046875,3702.25,26467.080078125,13392.9501953125,6567.60009765625,3708.449951171875,26523.30078125,13435.4501953125,6518.39990234375,3678.830078125,26327.080078125,13311.0498046875,6555.39990234375,3683.050048828125,26380.3203125,13393.849609375,758186800.0,4584390000.0,55100000.0,543200.0
2020-12-09,6564.2998046875,3672.820068359375,26817.939453125,13529.099609375,6623.0,3712.389892578125,26826.779296875,13548.900390625,6558.7998046875,3660.5400390625,26520.599609375,13449.599609375,6558.7998046875,3705.97998046875,26526.33984375,13458.099609375,769345300.0,5232800000.0,61800000.0,502600.0
2020-12-10,6599.7998046875,3668.10009765625,26756.240234375,13478.2998046875,6640.7001953125,3678.489990234375,26852.76953125,13503.5498046875,6561.10009765625,3645.179931640625,26639.98046875,13399.2998046875,6564.2998046875,3659.1298828125,26688.5,13488.5,1109877200.0,4658480000.0,69200000.0,553400.0
2020-12-11,6546.7998046875,3663.4599609375,26652.51953125,13513.849609375,6607.39990234375,3665.909912109375,26819.41015625,13579.349609375,6520.5,3633.39990234375,26553.009765625,13402.849609375,6599.7998046875,3656.080078125,26732.849609375,13512.2998046875,1069085700.0,4375470000.0,74900000.0,787700.0
2020-12-14,6531.7998046875,3647.489990234375,26732.439453125,13558.150390625,6583.7001953125,3697.610107421875,26870.470703125,13597.5,6524.7001953125,3645.840087890625,26648.689453125,13472.4501953125,6546.7998046875,3675.27001953125,26659.529296875,13571.4501953125,870265400.0,4623850000.0,60000000.0,558400.0
2020-12-15,6513.2998046875,3694.6201171875,26687.83984375,13567.849609375,6558.2001953125,3695.2900390625,26736.83984375,13589.650390625,6484.0,3659.6201171875,26605.5390625,13447.0498046875,6531.7998046875,3666.409912109375,26683.109375,13547.2001953125,737394700.0,4387080000.0,59300000.0,497600.0
2020-12-16,6570.89990234375,3701.169921875,26757.400390625,13682.7001953125,6598.39990234375,3711.27001953125,26874.98046875,13692.349609375,6513.2998046875,3688.570068359375,26717.029296875,13606.4501953125,6513.2998046875,3696.25,26835.58984375,13663.099609375,860333700.0,4067040000.0,61300000.0,462200.0
2020-12-17,6551.10009765625,3722.47998046875,26806.669921875,13740.7001953125,6601.60009765625,3725.1201171875,26843.05078125,13773.25,6551.10009765625,3710.8701171875,26676.279296875,13673.5498046875,6570.89990234375,3713.64990234375,26744.5,13713.5498046875,725533900.0,4192810000.0,61500000.0,416000.0
2020-12-18,6529.2001953125,3709.409912109375,26763.390625,13760.5498046875,6604.5,3726.699951171875,26824.2890625,13772.849609375,6518.2998046875,3685.840087890625,26707.30078125,13658.599609375,6551.10009765625,3722.389892578125,26775.529296875,13764.400390625,1200513100.0,7097100000.0,73800000.0,519400.0
2020-12-21,6416.2998046875,3694.919921875,26714.419921875,13328.400390625,6529.2001953125,3702.89990234375,26905.669921875,13777.5,6315.2998046875,3636.47998046875,26533.630859375,13131.4501953125,6529.2001953125,3684.280029296875,26834.099609375,13741.900390625,1118314800.0,4748580000.0,60700000.0,687300.0
2020-12-22,,3687.260009765625,26436.390625,13466.2998046875,,3698.260009765625,26639.990234375,13492.0498046875,,3676.159912109375,26361.66015625,13192.900390625,,3698.080078125,26559.330078125,13373.650390625,,4053310000.0,58600000.0,696200.0
2020-12-23,6495.7998046875,3690.010009765625,26524.7890625,13601.099609375,6497.2998046875,3711.239990234375,26585.2109375,13619.4501953125,6431.2001953125,3689.280029296875,26414.740234375,13432.2001953125,6453.2001953125,3693.419921875,26580.4296875,13473.5,807695400.0,3779160000.0,56000000.0,458700.0
2020-12-24,6502.10009765625,3703.06005859375,26668.349609375,13749.25,6530.2998046875,3703.820068359375,26764.529296875,13771.75,6479.60009765625,3689.320068359375,26605.259765625,13626.900390625,6495.7998046875,3694.030029296875,26635.109375,13672.150390625,477470700.0,1883780000.0,47900000.0,471400.0
2020-12-25,,,26656.609375,,,,26716.609375,,,,26638.279296875,,,,26708.099609375,,,,33400000.0,
2020-12-28,,3735.360107421875,26854.029296875,13873.2001953125,,3740.510009765625,26854.029296875,13885.2998046875,,3723.030029296875,26664.599609375,13811.5498046875,,3723.030029296875,26691.2890625,13815.150390625,,3535460000.0,50700000.0,403600.0
2020-12-29,6602.7001953125,3727.0400390625,27568.150390625,13932.599609375,6676.60009765625,3756.1201171875,27602.51953125,13967.599609375,6502.10009765625,3723.31005859375,26921.140625,13859.900390625,6502.10009765625,3750.010009765625,26936.380859375,13910.349609375,824116800.0,3393290000.0,59400000.0,439600.0
2020-12-30,6555.7998046875,3732.0400390625,27444.169921875,13981.9501953125,6623.0,3744.6298828125,27572.5703125,13997.0,6552.5,3730.2099609375,27338.560546875,13864.9501953125,6602.7001953125,3736.18994140625,27559.099609375,13980.900390625,425493000.0,3154850000.0,50600000.0,380700.0
2020-12-31,6460.5,3756.070068359375,,13981.75,6555.7998046875,3760.199951171875,,14024.849609375,6439.39990234375,3726.8798828125,,13936.4501953125,6555.7998046875,3733.27001953125,,13970.0,316943900.0,3179040000.0,,452400.0
2021-01-01,,,,14018.5,,,,14049.849609375,,,,13991.349609375,,,,13996.099609375,,,,358100.0
2021-01-04,6571.89990234375,3700.64990234375,27258.380859375,14132.900390625,6662.7001953125,3769.989990234375,27602.109375,14147.9501953125,6460.5,3662.7099609375,27042.3203125,13953.75,6460.5,3764.610107421875,27575.5703125,14104.349609375,965097800.0,5015000000.0,51500000.0,495000.0
2021-01-05,6612.2998046875,3726.860107421875,27158.630859375,14199.5,6622.7998046875,3737.830078125,27279.779296875,14215.599609375,6544.2998046875,3695.070068359375,27073.4609375,14048.150390625,6571.89990234375,3698.02001953125,27151.380859375,14075.150390625,718950800.0,4591020000.0,55000000.0,492500.0
2021-01-06,6841.89990234375,3748.139892578125,27055.939453125,14146.25,6859.10009765625,3783.0400390625,27196.400390625,14244.150390625,6611.89990234375,3705.340087890625,27002.1796875,14039.900390625,6612.2998046875,3712.199951171875,27102.849609375,14240.9501953125,1249709500.0,6064110000.0,72700000.0,632300.0
2021-01-07,6857.0,3803.7900390625,27490.130859375,14137.349609375,6903.60009765625,3811.550048828125,27624.73046875,14256.25,6795.10009765625,3764.7099609375,27340.4609375,14123.099609375,6841.89990234375,3764.7099609375,27340.4609375,14253.75,939652600.0,5099160000.0,98900000.0,559200.0
2021-01-08,6873.2998046875,3824.679931640625,28139.029296875,14347.25,6886.2998046875,3826.68994140625,28139.029296875,14367.2998046875,6836.10009765625,3783.60009765625,27667.75,14221.650390625,6857.0,3815.050048828125,27720.140625,14258.400390625,850778500.0,4773040000.0,84900000.0,613500.0
2021-01-11,6798.5,3799.610107421875,,14484.75,6873.2998046875,3817.860107421875,,14498.2001953125,6768.7001953125,3789.02001953125,,14383.099609375,6873.2998046875,3803.139892578125,,14474.0498046875,707799500.0,4465430000.0,,672900.0
2021-01-12,6754.10009765625,3801.18994140625,28164.33984375,14563.4501953125,6816.7001953125,3810.780029296875,28287.369140625,14590.650390625,6738.2001953125,3776.510009765625,27899.44921875,14432.849609375,6798.5,3801.6201171875,28004.369140625,14473.7998046875,648158800.0,4994950000.0,78800000.0,929600.0
2021-01-13,6745.5,3809.840087890625,28456.58984375,14564.849609375,6772.60009765625,3820.9599609375,28503.4296875,14653.349609375,6736.0,3791.5,28133.58984375,14435.7001953125,6754.10009765625,3802.22998046875,28140.099609375,14639.7998046875,619448200.0,4602510000.0,70900000.0,874000.0
2021-01-14,6802.0,3795.5400390625,28698.259765625,14595.599609375,6802.0,3823.60009765625,28979.529296875,14617.7998046875,6736.7998046875,3792.860107421875,28411.580078125,14471.5,6745.5,3814.97998046875,28442.73046875,14550.0498046875,685978100.0,5198480000.0,81900000.0,620200.0
2021-01-15,6735.7001953125,3768.25,28519.1796875,14433.7001953125,6802.10009765625,3788.72998046875,28820.5,14617.4501953125,6676.60009765625,3749.6201171875,28477.029296875,14357.849609375,6802.0,3788.72998046875,28777.470703125,14594.349609375,740665600.0,5369820000.0,74100000.0,789600.0
2021-01-18,6720.7001953125,,28242.2109375,14281.2998046875,6741.5,,28349.970703125,14459.150390625,6709.2998046875,,28111.5390625,14222.7998046875,6735.7001953125,,28238.6796875,14453.2998046875,359826900.0,,51900000.0,762000.0
2021-01-19,6713.0,3798.909912109375,28633.4609375,14521.150390625,6770.7001953125,3804.530029296875,28720.91015625,14546.0498046875,6697.7001953125,3780.3701171875,28373.33984375,14350.849609375,6720.7001953125,3781.8798828125,28405.490234375,14371.650390625,618144700.0,5014440000.0,58200000.0,546100.0
2021-01-20,6740.39990234375,3851.85009765625,28523.259765625,14644.7001953125,6751.7998046875,3859.75,28801.189453125,14666.4501953125,6697.5,3816.219970703125,28402.109375,14517.5498046875,6713.0,3816.219970703125,28798.740234375,14538.2998046875,687499600.0,4566190000.0,69800000.0,623100.0
2021-01-21,6715.39990234375,3853.070068359375,28756.859375,14590.349609375,6776.89990234375,3861.449951171875,28846.150390625,14753.5498046875,6715.39990234375,3845.050048828125,28677.609375,14517.25,6740.39990234375,3857.4599609375,28710.41015625,14730.9501953125,621554400.0,4501760000.0,67700000.0,704600.0
2021-01-22,6695.10009765625,3841.469970703125,28631.44921875,14371.900390625,6715.7001953125,3852.31005859375,28698.1796875,14619.900390625,6651.7001953125,3830.409912109375,28527.16015625,14357.75,6715.39990234375,3844.239990234375,28580.19921875,14583.400390625,693954900.0,5110890000.0,66900000.0,776800.0
2021-01-25,6638.89990234375,3855.360107421875,28822.2890625,14238.900390625,6714.60009765625,3859.22998046875,28822.2890625,14491.099609375,6610.2998046875,3797.159912109375,28566.849609375,14218.599609375,6695.10009765625,3851.679931640625,28698.890625,14477.7998046875,761260500.0,7000840000.0,57300000.0,618600.0
2021-01-26,6654.0,3849.6201171875,28546.1796875,,6702.39990234375,3870.89990234375,28740.7109375,,6636.2998046875,3847.780029296875,28527.810546875,,6638.89990234375,3862.9599609375,28696.30078125,,683485900.0,6137500000.0,63500000.0,
2021-01-27,6567.39990234375,3750.77001953125,28635.2109375,13967.5,6661.2998046875,3836.830078125,28754.990234375,14237.9501953125,6505.7998046875,3732.47998046875,28542.0,13929.2998046875,6654.0,3836.830078125,28665.33984375,14237.9501953125,982451100.0,9976520000.0,69000000.0,660700.0
2021-01-28,6526.2001953125,3787.3798828125,28197.419921875,13817.5498046875,6567.39990234375,3830.5,28360.48046875,13898.25,6439.60009765625,3755.75,27975.849609375,13713.25,6567.39990234375,3755.75,28169.26953125,13810.400390625,869048100.0,6992770000.0,123900000.0,637900.0
2021-01-29,6407.5,3714.239990234375,27663.390625,13634.599609375,6526.2001953125,3778.050048828125,28320.720703125,13966.849609375,6397.2001953125,3694.1201171875,27629.80078125,13596.75,6526.2001953125,3778.050048828125,28320.720703125,13946.599609375,870670500.0,6643370000.0,91700000.0,753200.0
2021-02-01,6466.39990234375,3773.860107421875,28091.05078125,14281.2001953125,6495.60009765625,3784.320068359375,28107.099609375,14336.349609375,6407.5,3725.6201171875,27649.0703125,13661.75,6407.5,3731.169921875,27649.0703125,13758.599609375,746038100.0,5436230000.0,65700000.0,870500.0
2021-02-02,6516.7001953125,3826.31005859375,28362.169921875,14647.849609375,6523.5,3843.090087890625,28379.310546875,14731.7001953125,6466.39990234375,3791.840087890625,28089.119140625,14469.150390625,6466.39990234375,3791.840087890625,28207.48046875,14481.099609375,719054200.0,5514090000.0,67500000.0,915000.0
2021-02-03,6507.7998046875,3830.169921875,28646.5,14789.9501953125,6573.10009765625,3847.510009765625,28669.94921875,14868.849609375,6489.5,3816.679931640625,28402.30078125,14574.150390625,6516.7001953125,3840.27001953125,28482.7109375,14754.900390625,717525200.0,4864870000.0,84000000.0,869500.0
2021-02-04,6503.7001953125,3871.739990234375,28341.94921875,14895.650390625,6553.39990234375,3872.419921875,28600.220703125,14913.7001953125,6478.2001953125,3836.659912109375,28325.890625,14714.75,6507.7998046875,3836.659912109375,28557.4609375,14789.0498046875,989919900.0,4879240000.0,81100000.0,884700.0
2021-02-05,6489.2998046875,3886.830078125,28779.189453125,14924.25,6518.7001953125,3894.56005859375,28785.7109375,15014.650390625,6457.60009765625,3874.929931640625,28548.26953125,14864.75,6503.7001953125,3878.300048828125,28631.4609375,14952.599609375,984403300.0,4879470000.0,93200000.0,935600.0
2021-02-08,6523.5,3915.590087890625,29388.5,15115.7998046875,6567.7001953125,3915.77001953125,29400.560546875,15159.900390625,6489.2998046875,3892.590087890625,28817.599609375,15041.0498046875,6489.2998046875,3892.590087890625,28831.580078125,15064.2998046875,818871300.0,4648360000.0,93600000.0,671200.0
2021-02-09,6531.60009765625,3911.22998046875,29505.9296875,15109.2998046875,6541.0,3918.35009765625,29585.75,15257.099609375,6501.0,3902.639892578125,29350.48046875,15064.2998046875,6523.5,3910.489990234375,29435.609375,15164.150390625,544655300.0,4568320000.0,86900000.0,713300.0
2021-02-10,6524.39990234375,3909.8798828125,29562.9296875,15106.5,6577.0,3931.5,29562.9296875,15168.25,6481.0,3884.93994140625,29368.1796875,14977.2001953125,6531.60009765625,3920.780029296875,29412.55078125,15119.0498046875,782043000.0,4837070000.0,81100000.0,624800.0
2021-02-11,6528.7001953125,3916.3798828125,,15173.2998046875,6554.2001953125,3925.989990234375,,15188.5,6514.89990234375,3890.389892578125,,15065.400390625,6524.39990234375,3916.39990234375,,15073.25,673184700.0,4590960000.0,,500100.0
2021-02-12,6589.7998046875,3934.830078125,29520.0703125,15163.2998046875,6589.7998046875,3937.22998046875,29650.509765625,15243.5,6485.10009765625,3905.780029296875,29417.3203125,15081.0,6528.7001953125,3911.64990234375,29635.880859375,15186.2001953125,495851300.0,4135060000.0,79800000.0,571800.0
2021-02-15,6756.10009765625,,30084.150390625,15314.7001953125,6775.39990234375,,30092.33984375,15340.150390625,6589.7998046875,,29662.41015625,15243.400390625,6589.7998046875,,29662.41015625,15270.2998046875,825488200.0,,70300000.0,456000.0
2021-02-16,6748.89990234375,3932.590087890625,30467.75,15313.4501953125,6799.89990234375,3950.429931640625,30714.51953125,15431.75,6736.89990234375,3923.85009765625,30191.650390625,15242.2001953125,6756.10009765625,3939.610107421875,30229.4609375,15371.4501953125,817289800.0,5058990000.0,81300000.0,648500.0
2021-02-17,6710.89990234375,3931.330078125,30292.189453125,15208.900390625,6760.2998046875,3933.610107421875,30398.19921875,15314.2998046875,6701.60009765625,3900.429931640625,30191.009765625,15170.75,6748.89990234375,3918.5,30366.8203125,15279.900390625,755390100.0,4730650000.0,74800000.0,504800.0
2021-02-18,6617.2001953125,3913.969970703125,30236.08984375,15118.9501953125,6721.7998046875,3921.97998046875,30560.490234375,15250.75,6591.39990234375,3885.030029296875,30140.009765625,15078.0498046875,6710.89990234375,3915.860107421875,30311.98046875,15238.7001953125,847018200.0,4793650000.0,77900000.0,770600.0
2021-02-19,6624.0,3906.7099609375,30017.919921875,14981.75,6646.2001953125,3930.409912109375,30169.58984375,15144.0498046875,6600.60009765625,3903.070068359375,29847.330078125,14898.2001953125,6617.2001953125,3921.159912109375,29970.58984375,15074.7998046875,976444700.0,4845320000.0,63700000.0,712200.0
2021-02-22,6612.2001953125,3876.5,30156.029296875,14675.7001953125,6624.7001953125,3902.919921875,30458.130859375,15010.099609375,6545.89990234375,3874.7099609375,30089.1796875,14635.0498046875,6624.0,3885.550048828125,30281.779296875,14999.0498046875,846468100.0,5917100000.0,62800000.0,609900.0
2021-02-23,6625.89990234375,3881.3701171875,,14707.7998046875,6675.39990234375,3895.97998046875,,14854.5,6555.89990234375,3805.590087890625,,14651.849609375,6612.2001953125,3857.070068359375,,14782.25,1154639900.0,6296610000.0,,744100.0
2021-02-24,6659.0,3925.429931640625,29671.69921875,14982.0,6669.89990234375,3928.64990234375,30089.58984375,15008.7998046875,6572.2998046875,3859.60009765625,29671.69921875,14504.5,6625.89990234375,3873.7099609375,30020.109375,14729.150390625,1141083000.0,6012790000.0,79300000.0,403800.0
2021-02-25,6652.0,3829.340087890625,30168.26953125,15097.349609375,6702.89990234375,3925.02001953125,30213.279296875,15176.5,6644.7001953125,3814.0400390625,30044.4296875,15065.349609375,6659.0,3915.800048828125,30077.26953125,15079.849609375,852469800.0,6547470000.0,70100000.0,803900.0
2021-02-26,6483.39990234375,3811.14990234375,28966.009765625,14529.150390625,6652.0,3861.080078125,29760.310546875,14919.4501953125,6465.60009765625,3789.5400390625,28966.009765625,14467.75,6652.0,3839.659912109375,29753.73046875,14888.599609375,1279039900.0,6526070000.0,92900000.0,1103600.0
2021-03-01,6588.5,3901.820068359375,29663.5,14761.5498046875,6612.7001953125,3914.5,29686.390625,14806.7998046875,6483.39990234375,3842.510009765625,29396.0390625,14638.5498046875,6483.39990234375,3842.510009765625,29419.44921875,14702.5,708419900.0,5114820000.0,62700000.0,507300.0
2021-03-02,6613.7998046875,3870.2900390625,29408.169921875,14919.099609375,6660.7998046875,3906.409912109375,29996.390625,14959.099609375,6560.89990234375,3868.570068359375,29314.8203125,14760.7998046875,6588.5,3903.639892578125,29939.75,14865.2998046875,682614300.0,5536010000.0,70100000.0,621700.0
2021-03-03,6675.5,3819.719970703125,29559.099609375,15245.599609375,6705.2998046875,3874.469970703125,29604.369140625,15273.150390625,6613.7998046875,3818.860107421875,29336.599609375,14995.7998046875,6613.7998046875,3863.989990234375,29482.119140625,15064.400390625,937329300.0,6173660000.0,68800000.0,544200.0
2021-03-04,6650.89990234375,3768.469970703125,28930.109375,15080.75,6675.5,3843.669921875,29277.189453125,15202.349609375,6581.2001953125,3723.340087890625,28711.0390625,14980.2001953125,6675.5,3818.530029296875,29198.419921875,15026.75,938807000.0,7195400000.0,75200000.0,534900.0
2021-03-05,6630.5,3841.93994140625,28864.3203125,14938.099609375,6710.7998046875,3851.68994140625,28867.830078125,15092.349609375,6560.7998046875,3730.18994140625,28308.5703125,14862.099609375,6650.89990234375,3793.580078125,28725.48046875,14977.9501953125,1027477500.0,6851070000.0,85800000.0,640700.0
2021-03-08,6719.10009765625,3821.35009765625,28743.25,14956.2001953125,6726.39990234375,3881.06005859375,29255.900390625,15111.150390625,6612.7001953125,3819.25,28644.259765625,14919.900390625,6630.5,3844.389892578125,29208.189453125,15002.4501953125,972755300.0,5871710000.0,92400000.0,0.0
2021-03-09,6730.2998046875,3875.43994140625,29027.939453125,15098.400390625,6786.7998046875,3903.760009765625,29053.560546875,15126.849609375,6689.89990234375,3851.929931640625,28609.2109375,14925.4501953125,6719.10009765625,3851.929931640625,28748.869140625,15049.900390625,952946800.0,5513560000.0,96700000.0,675300.0
2021-03-10,6725.60009765625,3898.81005859375,29036.560546875,15174.7998046875,6740.7998046875,3917.35009765625,29233.470703125,15218.4501953125,6677.0,3885.72998046875,28960.08984375,15100.849609375,6730.2998046875,3891.989990234375,29118.279296875,15202.150390625,725796800.0,5847380000.0,83000000.0,404600.0
2021-03-11,6737.0,3939.340087890625,29211.640625,,6755.2998046875,3960.27001953125,29255.419921875,,6699.2998046875,3915.5400390625,28995.330078125,,6725.60009765625,3915.5400390625,29033.919921875,,714706900.0,5312880000.0,78500000.0,
2021-03-12,6761.5,3943.340087890625,29717.830078125,15030.9501953125,6766.39990234375,3944.989990234375,29744.3203125,15336.2998046875,6709.0,3915.2099609375,29210.400390625,14953.599609375,6737.0,3924.52001953125,29287.740234375,15321.150390625,706134500.0,4476280000.0,96600000.0,493200.0
2021-03-15,6749.7001953125,3968.93994140625,29766.970703125,14929.5,6804.89990234375,3970.080078125,29884.73046875,15048.400390625,6723.7001953125,3923.5400390625,29670.310546875,14745.849609375,6761.5,3942.9599609375,29804.5,15048.400390625,670767900.0,4900100000.0,94100000.0,467500.0
2021-03-16,6803.60009765625,3962.7099609375,29921.08984375,14910.4501953125,6812.7998046875,3981.0400390625,30026.400390625,15051.599609375,6749.60009765625,3953.43994140625,29755.470703125,14890.650390625,6749.7001953125,3973.590087890625,29770.390625,14996.099609375,8494800.0,4613080000.0,83800000.0,100.0
2021-03-17,6762.7001953125,3974.1201171875,29914.330078125,14721.2998046875,6805.7001953125,3983.8701171875,29984.970703125,14956.5498046875,6753.7998046875,3935.739990234375,29825.16015625,14696.0498046875,6803.60009765625,3949.570068359375,29836.830078125,14946.5498046875,8378200.0,4561660000.0,74600000.0,100.0
2021-03-18,6779.7001953125,3915.4599609375,30216.75,14557.849609375,6791.7998046875,3969.6201171875,30485.0,14875.2001953125,6740.5,3910.860107421875,30041.5,14478.599609375,6762.7001953125,3953.5,30148.48046875,14855.5,825204500.0,5118590000.0,95400000.0,542200.0
2021-03-19,6708.7001953125,3913.10009765625,29792.05078125,14744.0,6779.7001953125,3930.1201171875,30049.76953125,14788.25,6664.60009765625,3886.75,29621.220703125,14350.099609375,6779.7001953125,3913.139892578125,29904.5703125,14471.150390625,1819149000.0,7757420000.0,128500000.0,919200.0
2021-03-22,6726.10009765625,3940.590087890625,29174.150390625,14736.400390625,6732.7001953125,3955.31005859375,29472.98046875,14763.900390625,6651.0,3914.159912109375,29107.630859375,14597.849609375,6708.7001953125,3916.47998046875,29444.099609375,14736.2998046875,811558900.0,4316260000.0,78800000.0,459000.0
2021-03-23,6699.2001953125,3910.52001953125,28995.919921875,14814.75,6726.10009765625,3949.1298828125,29496.830078125,14878.599609375,6664.7998046875,3901.570068359375,28995.919921875,14707.0,6726.10009765625,3937.60009765625,29381.490234375,14768.5498046875,861618700.0,4669010000.0,79200000.0,474200.0
2021-03-24,6712.89990234375,3889.139892578125,28405.51953125,14549.400390625,6722.60009765625,3942.080078125,28867.669921875,14752.349609375,6649.39990234375,3889.070068359375,28379.060546875,14535.0,6699.2001953125,3919.929931640625,28765.55078125,14712.4501953125,942724200.0,4783020000.0,96000000.0,456400.0
2021-03-25,6674.7998046875,3909.52001953125,28729.880859375,14324.900390625,6729.89990234375,3919.5400390625,28821.830078125,14575.599609375,6618.60009765625,3853.5,28414.919921875,14264.400390625,6712.89990234375,3879.340087890625,28457.330078125,14570.900390625,768539700.0,4948340000.0,72800000.0,606800.0
2021-03-26,6740.60009765625,3974.5400390625,29176.69921875,14507.2998046875,6742.10009765625,3978.18994140625,29240.740234375,14572.900390625,6674.7998046875,3917.1201171875,28953.220703125,14414.25,6674.7998046875,3917.1201171875,29068.51953125,14506.2998046875,748208300.0,5483160000.0,73700000.0,481000.0
2021-03-29,6736.2001953125,3971.090087890625,29384.51953125,,6758.7998046875,3981.830078125,29578.369140625,,6705.39990234375,3943.25,29200.880859375,,6740.60009765625,3969.31005859375,29478.119140625,,624496600.0,4628180000.0,107900000.0,
2021-03-30,6772.10009765625,3958.550048828125,29432.69921875,14845.099609375,6792.2001953125,3968.010009765625,29478.19921875,14876.2998046875,6729.5,3944.35009765625,29283.890625,14617.599609375,6736.2001953125,3963.340087890625,29365.0390625,14628.5,664395600.0,4121510000.0,79900000.0,594500.0
2021-03-31,6713.60009765625,3972.889892578125,29178.80078125,14690.7001953125,6775.7001953125,3994.409912109375,29348.990234375,14813.75,6713.60009765625,3966.97998046875,29165.51953125,14670.25,6772.10009765625,3967.25,29278.330078125,14811.849609375,854819600.0,4578050000.0,82000000.0,463900.0
2021-04-01,6737.2998046875,4019.8701171875,29388.869140625,14867.349609375,6766.5,4020.6298828125,29585.4609375,14883.2001953125,6713.60009765625,3992.780029296875,29318.8203125,14692.4501953125,6713.60009765625,3992.780029296875,29441.91015625,14798.400390625,592371100.0,4162130000.0,75600000.0,445000.0
2021-04-02,,,29854.0,,,,29869.669921875,,,,29694.08984375,,,,29704.66015625,,,,57200000.0,
2021-04-05,,4077.909912109375,30089.25,14637.7998046875,,4083.419921875,30195.0,14849.849609375,,4034.43994140625,30024.25,14459.5,,4034.43994140625,30084.609375,14837.7001953125,,4005030000.0,55400000.0,509700.0
2021-04-06,6823.60009765625,4073.93994140625,29696.630859375,14683.5,6843.7001953125,4086.22998046875,30208.890625,14779.099609375,6737.2998046875,4068.139892578125,29665.859375,14573.900390625,6737.2998046875,4075.570068359375,30208.890625,14737.0,773873100.0,4081270000.0,65500000.0,475300.0
2021-04-07,6885.2998046875,4079.949951171875,29730.7890625,14819.0498046875,6898.39990234375,4083.1298828125,29867.939453125,14879.7998046875,6823.60009765625,4068.31005859375,29523.55078125,14649.849609375,6823.60009765625,4074.2900390625,29743.48046875,14716.4501953125,708769700.0,4120810000.0,61500000.0,0.0
2021-04-08,6942.2001953125,4097.169921875,29708.98046875,14873.7998046875,6942.2001953125,4098.18994140625,29744.7890625,14984.150390625,6884.7998046875,4082.5400390625,29516.419921875,14821.099609375,6885.2998046875,4089.949951171875,29675.880859375,14875.650390625,792318200.0,3907100000.0,62600000.0,514800.0
2021-04-09,6915.7998046875,4128.7998046875,29768.060546875,14834.849609375,6949.60009765625,4129.47998046875,30064.349609375,14918.4501953125,6906.39990234375,4095.510009765625,29768.060546875,14785.650390625,6942.2001953125,4096.10986328125,29865.529296875,14882.650390625,615052100.0,3640390000.0,64900000.0,504100.0
2021-04-12,6889.10009765625,4127.990234375,29538.73046875,14310.7998046875,6916.10009765625,4131.759765625,29876.0390625,14652.5,6853.7998046875,4114.81982421875,29538.73046875,14248.7001953125,6915.7998046875,4124.7099609375,29874.4296875,14644.650390625,639363600.0,3588900000.0,50200000.0,650200.0
2021-04-13,6890.5,4141.58984375,29751.609375,14504.7998046875,6895.10009765625,4148.0,29897.109375,14528.900390625,6859.7001953125,4124.43017578125,29573.7890625,14274.900390625,6889.10009765625,4130.10009765625,29605.689453125,14364.900390625,572405700.0,3734720000.0,54900000.0,605100.0
2021-04-14,6939.60009765625,4124.66015625,29620.990234375,,6942.2998046875,4151.68994140625,29722.400390625,,6880.7001953125,4120.8701171875,29567.1796875,,6890.5,4141.580078125,29718.060546875,,596867000.0,3985350000.0,57200000.0,
2021-04-15,6983.5,4170.419921875,29642.689453125,14581.4501953125,6994.89990234375,4173.490234375,29787.66015625,14597.5498046875,6939.2998046875,4139.759765625,29558.55078125,14353.2001953125,6939.60009765625,4139.759765625,29573.900390625,14522.400390625,651402900.0,4033420000.0,50600000.0,568000.0
2021-04-16,7019.5,4185.47021484375,29683.369140625,14617.849609375,7037.7001953125,4191.31005859375,29789.080078125,14697.7001953125,6983.5,4170.75,29621.830078125,14559.0,6983.5,4174.14013671875,29789.080078125,14599.599609375,742505700.0,4163820000.0,49100000.0,577200.0
2021-04-19,7000.10009765625,4163.259765625,29685.369140625,14359.4501953125,7040.2998046875,4180.81005859375,29808.009765625,14382.2998046875,6979.2001953125,4150.47021484375,29530.83984375,14191.400390625,7019.5,4179.7998046875,29688.3203125,14306.599609375,529712700.0,3810290000.0,44700000.0,512300.0
2021-04-20,6859.89990234375,4134.93994140625,29100.380859375,14296.400390625,7001.2998046875,4159.18017578125,29361.279296875,14526.9501953125,6857.10009765625,4118.3798828125,29014.359375,14207.2998046875,7000.10009765625,4159.18017578125,29355.869140625,14526.7001953125,825253600.0,4342650000.0,59900000.0,467400.0
2021-04-21,6895.2998046875,4173.419921875,28508.55078125,,6914.89990234375,4175.02001953125,28778.9296875,,6859.60009765625,4126.35009765625,28419.83984375,,6859.89990234375,4128.419921875,28660.359375,,662064600.0,3887250000.0,71000000.0,
2021-04-22,6938.2001953125,4134.97998046875,29188.169921875,14406.150390625,6941.10009765625,4179.56982421875,29192.390625,14424.75,6889.2998046875,4123.68994140625,28800.859375,14151.400390625,6895.2998046875,4170.4599609375,28880.779296875,14219.150390625,647196400.0,4245140000.0,55100000.0,524600.0
2021-04-23,6938.60009765625,4180.169921875,29020.630859375,14341.349609375,6938.60009765625,4194.169921875,29035.33984375,14461.150390625,6891.7998046875,4138.77978515625,28770.619140625,14273.2998046875,6938.2001953125,4138.77978515625,28939.119140625,14326.349609375,582223700.0,3569880000.0,47500000.0,498100.0
2021-04-26,6963.10009765625,4187.6201171875,29126.23046875,14485.0,6971.5,4194.18994140625,29241.279296875,14557.5,6913.39990234375,4182.35986328125,28896.369140625,14421.2998046875,6938.60009765625,4185.02978515625,29095.490234375,14449.4501953125,511633400.0,3748320000.0,49200000.0,452700.0
2021-04-27,6945.0,4186.72021484375,28991.890625,14653.0498046875,6975.10009765625,4193.35009765625,29187.109375,14667.5498046875,6929.7998046875,4176.22021484375,28990.189453125,14484.849609375,6963.10009765625,4188.25,29174.529296875,14493.7998046875,658634400.0,3710700000.0,59400000.0,451800.0
2021-04-28,6963.7001953125,4183.18017578125,29053.970703125,14864.5498046875,6986.7001953125,4201.52978515625,29139.69921875,14890.25,6944.10009765625,4181.77978515625,28875.91015625,14694.9501953125,6945.0,4185.14013671875,28935.509765625,14710.5,990231900.0,3787360000.0,61400000.0,457000.0
2021-04-29,6961.5,4211.47021484375,,14894.900390625,7019.7998046875,4218.77978515625,,15044.349609375,6953.89990234375,4176.81005859375,,14814.4501953125,6963.7001953125,4206.14013671875,,14979.0,657930300.0,4298680000.0,,517500.0
2021-04-30,6969.7998046875,4181.169921875,28812.630859375,14631.099609375,7009.5,4198.10009765625,29046.490234375,14855.4501953125,6946.0,4174.85009765625,28760.26953125,14601.7001953125,6961.5,4198.10009765625,28996.66015625,14747.349609375,831625600.0,4300880000.0,78400000.0,613900.0
2021-05-03,,4192.66015625,,14634.150390625,,4209.39013671875,,14673.849609375,,4188.02978515625,,14416.25,,4191.97998046875,,14481.0498046875,,4070220000.0,,448900.0
2021-05-04,6923.2001953125,4164.66015625,,14496.5,7034.2998046875,4179.0400390625,,14723.400390625,6912.2998046875,4128.58984375,,14461.5,6969.7998046875,4179.0400390625,,14687.25,911981600.0,4452460000.0,,503400.0
2021-05-05,7039.2998046875,4167.58984375,,14617.849609375,7047.7998046875,4187.72021484375,,14637.900390625,6923.2001953125,4160.93994140625,,14506.599609375,6923.2001953125,4177.06005859375,,14604.150390625,734979800.0,4230920000.0,,455900.0
2021-05-06,7076.2001953125,4201.6201171875,29331.369140625,14724.7998046875,7076.2001953125,4202.7001953125,29430.220703125,14743.900390625,7026.7998046875,4147.330078125,28966.470703125,14611.5,7039.2998046875,4169.14013671875,29024.009765625,14668.349609375,764405400.0,4511000000.0,94300000.0,467800.0
2021-05-07,7129.7001953125,4232.60009765625,29357.8203125,14823.150390625,7143.5,4238.0400390625,29449.859375,14863.0498046875,7076.2001953125,4201.64013671875,29237.359375,14765.5,7076.2001953125,4210.33984375,29330.44921875,14816.849609375,624763100.0,4016080000.0,67500000.0,488000.0
2021-05-10,7123.7001953125,4188.43017578125,29518.33984375,14942.349609375,7164.2001953125,4236.39013671875,29685.41015625,14966.900390625,7104.39990234375,4188.1298828125,29346.140625,14892.5,7129.7001953125,4228.2900390625,29376.890625,14928.25,744129400.0,4560700000.0,66300000.0,522000.0
2021-05-11,6948.0,4152.10009765625,28608.58984375,14850.75,7123.7001953125,4162.0400390625,29289.119140625,14900.0,6912.39990234375,4111.52978515625,28535.359375,14771.400390625,7123.7001953125,4150.33984375,29238.560546875,14789.7001953125,933225500.0,4870710000.0,73200000.0,647400.0
2021-05-12,7004.60009765625,4063.0400390625,28147.509765625,14696.5,7028.10009765625,4134.72998046875,28831.029296875,14824.0498046875,6945.2998046875,4056.8798828125,27888.58984375,14649.7001953125,6948.0,4130.5498046875,28712.099609375,14823.5498046875,743459700.0,4733070000.0,90000000.0,643800.0
2021-05-13,6963.2998046875,4112.5,27448.009765625,,7004.60009765625,4131.580078125,27961.9609375,,6823.60009765625,4074.989990234375,27385.029296875,,7004.60009765625,4074.989990234375,27929.009765625,,660813600.0,4779540000.0,80500000.0,
2021-05-14,7043.60009765625,4173.85009765625,28084.470703125,14677.7998046875,7048.7001953125,4183.1298828125,28139.9609375,14749.650390625,6963.2998046875,4129.580078125,27723.69921875,14591.900390625,6963.2998046875,4129.580078125,27723.69921875,14749.400390625,845954300.0,4008880000.0,73500000.0,620700.0
2021-05-17,7032.89990234375,4163.2900390625,27824.830078125,14923.150390625,7066.7998046875,4171.919921875,28312.779296875,14938.0,6989.10009765625,4142.68994140625,27632.529296875,14725.349609375,7043.60009765625,4169.919921875,28310.4609375,14756.25,582188300.0,4125050000.0,63900000.0,546400.0
2021-05-18,7034.2001953125,4127.830078125,28406.83984375,15108.099609375,7102.60009765625,4169.14990234375,28481.169921875,15137.25,7030.39990234375,4125.990234375,27931.5703125,15043.7001953125,7032.89990234375,4165.93994140625,27931.5703125,15067.2001953125,736327300.0,4398150000.0,74700000.0,583900.0
2021-05-19,6950.2001953125,4115.68017578125,28044.44921875,15030.150390625,7034.2001953125,4116.93017578125,28216.650390625,15133.400390625,6897.10009765625,4061.409912109375,27842.98046875,15008.849609375,7034.2001953125,4098.4501953125,28031.220703125,15058.599609375,729532000.0,4247450000.0,68700000.0,569100.0
2021-05-20,7019.7998046875,4159.1201171875,28098.25,14906.0498046875,7019.7998046875,4172.7998046875,28176.869140625,15069.7998046875,6926.89990234375,4121.97021484375,27821.9609375,14884.900390625,6950.2001953125,4121.97021484375,27875.5,15042.599609375,626003200.0,3978880000.0,56800000.0,480300.0
2021-05-21,7018.10009765625,4155.85986328125,28317.830078125,15175.2998046875,7028.2001953125,4188.72021484375,28411.560546875,15190.0,6973.2998046875,4151.72021484375,28193.029296875,14985.849609375,7019.7998046875,4168.60986328125,28269.609375,14987.7998046875,803607300.0,3995250000.0,58700000.0,572900.0
2021-05-24,7051.60009765625,4197.0498046875,28364.609375,15197.7001953125,7054.60009765625,4209.52001953125,28584.1796875,15256.25,7013.5,4170.16015625,28212.3203125,15145.4501953125,7018.10009765625,4170.16015625,28212.3203125,15211.349609375,422927700.0,3684800000.0,54700000.0,579800.0
2021-05-25,7029.7998046875,4188.1298828125,28553.98046875,15208.4501953125,7067.60009765625,4213.419921875,28576.970703125,15293.849609375,7029.7998046875,4182.52001953125,28443.740234375,15163.400390625,7051.60009765625,4205.93994140625,28516.990234375,15291.75,619367600.0,4182250000.0,54000000.0,441500.0
2021-05-26,7026.89990234375,4195.990234375,28642.189453125,15301.4501953125,7050.89990234375,4202.60986328125,28710.830078125,15319.900390625,6998.2001953125,4184.10986328125,28396.619140625,15194.9501953125,7029.7998046875,4191.58984375,28396.619140625,15257.0498046875,619965100.0,4420890000.0,64200000.0,384000.0
2021-05-27,7019.7001953125,4200.8798828125,28549.009765625,15337.849609375,7044.0,4213.3798828125,28587.2109375,15384.5498046875,7008.5,4197.77978515625,28360.560546875,15272.5,7026.89990234375,4201.93994140625,28543.3203125,15323.9501953125,1422973500.0,6406310000.0,138200000.0,0.0
2021-05-28,7022.60009765625,4204.10986328125,29149.41015625,15435.650390625,7054.89990234375,4218.35986328125,29194.109375,15469.650390625,7019.60009765625,4203.56982421875,28899.66015625,15394.75,7019.7001953125,4210.77001953125,28912.5390625,15421.2001953125,786614400.0,4649250000.0,80600000.0,468100.0
2021-05-31,,,28860.080078125,15582.7998046875,,,29147.7109375,15606.349609375,,,28791.599609375,15374.0,,,29019.44921875,15437.75,,,53800000.0,436000.0
2021-06-01,7080.5,4202.0400390625,28814.33984375,15574.849609375,7118.0,4234.1201171875,29075.470703125,15660.75,7022.60009765625,4197.58984375,28611.25,15528.2998046875,7022.60009765625,4216.52001953125,28998.650390625,15629.650390625,726701500.0,5074670000.0,47400000.0,409600.0
2021-06-02,7108.0,4208.1201171875,28946.140625,15576.2001953125,7122.5,4217.3701171875,29003.55078125,15597.4501953125,7074.10009765625,4198.27001953125,28565.830078125,15459.849609375,7080.5,4206.81982421875,28730.810546875,15520.349609375,570341500.0,5833670000.0,71000000.0,428600.0
2021-06-03,7064.39990234375,4192.85009765625,29058.109375,15690.349609375,7108.0,4204.39013671875,29157.16015625,15705.099609375,7013.89990234375,4167.93017578125,28879.150390625,15611.0,7108.0,4191.43017578125,28890.390625,15655.5498046875,617182900.0,5587970000.0,58500000.0,410200.0
2021-06-04,7069.0,4229.89013671875,28941.51953125,15670.25,7071.7998046875,4233.4501953125,28991.240234375,15733.599609375,7039.7001953125,4206.0498046875,28764.6796875,15622.349609375,7064.39990234375,4206.0498046875,28901.419921875,15712.5,425216000.0,4139790000.0,55800000.0,414200.0
2021-06-07,7077.2001953125,4226.52001953125,29019.240234375,15751.650390625,7098.2998046875,4232.33984375,29241.19921875,15773.4501953125,7042.2001953125,4215.66015625,28973.05078125,15678.099609375,7069.0,4229.33984375,29214.0,15725.099609375,963131300.0,4476920000.0,51000000.0,394000.0
2021-06-08,7095.10009765625,4227.259765625,28963.560546875,15740.099609375,7120.7001953125,4236.740234375,29140.6796875,15778.7998046875,7074.89990234375,4208.41015625,28897.640625,15680.0,7077.2001953125,4233.81005859375,29046.029296875,15773.900390625,550005100.0,4659620000.0,50400000.0,378200.0
2021-06-09,7081.0,4219.5498046875,28860.80078125,15635.349609375,7095.7001953125,4237.08984375,28932.029296875,15800.4501953125,7046.0,4218.740234375,28801.830078125,15566.900390625,7095.10009765625,4232.990234375,28901.560546875,15766.2998046875,575133700.0,4713260000.0,50400000.0,457900.0
2021-06-10,7088.2001953125,4239.18017578125,28958.560546875,15737.75,7117.7001953125,4249.740234375,29007.529296875,15751.25,7080.0,4220.33984375,28799.740234375,15648.5,7081.0,4228.56005859375,28799.740234375,15692.099609375,574917100.0,4408210000.0,53300000.0,298300.0
2021-06-11,7134.10009765625,4247.43994140625,28948.73046875,15799.349609375,7140.7001953125,4248.3798828125,29080.890625,15835.5498046875,7088.2001953125,4232.25,28839.5390625,15749.7998046875,7088.2001953125,4242.89990234375,29030.0390625,15796.4501953125,509040600.0,3815010000.0,71100000.0,363000.0
2021-06-14,7146.7001953125,4255.14990234375,29161.80078125,15811.849609375,7188.2998046875,4255.58984375,29208.349609375,15823.0498046875,7131.7998046875,4234.06982421875,29026.26953125,15606.5,7134.10009765625,4248.31005859375,29153.109375,15791.400390625,551244200.0,4151200000.0,45000000.0,392900.0
2021-06-15,7172.5,4246.58984375,29441.30078125,15869.25,7189.60009765625,4257.16015625,29480.849609375,15901.599609375,7142.7001953125,4238.35009765625,29235.7109375,15842.400390625,7146.7001953125,4255.27978515625,29256.029296875,15866.9501953125,779379400.0,4048940000.0,53000000.0,323300.0
2021-06-16,7185.0,4223.7001953125,29291.009765625,15767.5498046875,7217.5,4251.89013671875,29434.099609375,15880.849609375,7169.2001953125,4202.4501953125,29263.720703125,15742.599609375,7172.5,4248.8701171875,29306.140625,15847.5,723106300.0,4538350000.0,52400000.0,340200.0
2021-06-17,7153.39990234375,4221.85986328125,29018.330078125,15691.400390625,7185.0,4232.2900390625,29197.6796875,15769.349609375,7133.0,4196.0498046875,28875.390625,15616.75,7185.0,4220.3701171875,29149.33984375,15648.2998046875,724679900.0,5312680000.0,56900000.0,357600.0
2021-06-18,7017.5,4166.4501953125,28964.080078125,15683.349609375,7154.60009765625,4204.77978515625,29136.740234375,15761.5,7008.7001953125,4164.39990234375,28957.98046875,15450.900390625,7153.39990234375,4204.77978515625,29136.740234375,15756.5,1553511000.0,6817010000.0,90200000.0,640800.0
2021-06-21,7062.2998046875,4224.7900390625,28010.9296875,15746.5,7065.10009765625,4226.240234375,28506.83984375,15765.150390625,6948.60009765625,4173.39990234375,27795.859375,15505.650390625,7017.5,4173.39990234375,28506.83984375,15525.849609375,820495800.0,4128950000.0,75800000.0,351500.0
2021-06-22,7090.0,4246.43994140625,28884.130859375,15772.75,7098.7001953125,4255.83984375,28895.259765625,15895.75,7061.10009765625,4217.27001953125,28494.4609375,15752.099609375,7062.2998046875,4224.60986328125,28513.0703125,15840.5,522524500.0,3828390000.0,67800000.0,322200.0
2021-06-23,7074.10009765625,4241.83984375,28874.890625,15686.9501953125,7129.39990234375,4256.60009765625,29007.830078125,15862.9501953125,7074.10009765625,4241.43017578125,28860.060546875,15673.9501953125,7090.0,4249.27001953125,28886.919921875,15862.7998046875,567367400.0,3730350000.0,51100000.0,287500.0
2021-06-24,7110.0,4266.490234375,28875.23046875,15790.4501953125,7119.39990234375,4271.27978515625,28935.33984375,15821.400390625,7070.89990234375,4256.97021484375,28758.369140625,15702.7001953125,7074.10009765625,4256.97021484375,28811.8203125,15737.2998046875,726332500.0,3816660000.0,44600000.0,316700.0
2021-06-25,7136.10009765625,4280.7001953125,29066.1796875,15860.349609375,7139.10009765625,4286.1201171875,29174.169921875,15870.7998046875,7109.7998046875,4271.16015625,28992.740234375,15772.2998046875,7110.0,4274.4501953125,29137.30078125,15839.349609375,609038400.0,7341450000.0,51600000.0,314600.0
2021-06-28,7073.0,4290.60986328125,29048.01953125,15814.7001953125,7136.2001953125,4292.14013671875,29121.279296875,15915.650390625,7072.0,4274.669921875,28984.9296875,15792.150390625,7136.10009765625,4284.89990234375,29112.66015625,15915.349609375,682531900.0,4147890000.0,47700000.0,255100.0
2021-06-29,7087.60009765625,4291.7998046875,28812.609375,15748.4501953125,7120.7998046875,4300.52001953125,28951.6796875,15835.900390625,7071.89990234375,4287.0400390625,28735.55078125,15724.0498046875,7073.0,4293.2099609375,28927.439453125,15807.5,531015400.0,3707150000.0,59700000.0,360300.0
2021-06-30,7037.5,4297.5,28791.529296875,15721.5,7100.7001953125,4302.43017578125,28998.990234375,15839.099609375,7010.60009765625,4287.9599609375,28779.759765625,15708.75,7087.60009765625,4290.64990234375,28896.310546875,15776.900390625,659209600.0,4266040000.0,54000000.0,262400.0
2021-07-01,7125.2001953125,4319.93994140625,28707.0390625,15680.0,7134.2001953125,4320.66015625,28833.169921875,15755.5498046875,7037.5,4300.72998046875,28624.80078125,15667.0498046875,7037.5,4300.72998046875,28832.41015625,15755.0498046875,631273700.0,3788230000.0,45900000.0,224900.0
2021-07-02,7123.2998046875,4352.33984375,28783.279296875,15722.2001953125,7162.2001953125,4355.43017578125,28849.3203125,15738.349609375,7110.2998046875,4326.60009765625,28688.630859375,15635.9501953125,7125.2001953125,4326.60009765625,28719.240234375,15705.849609375,520006400.0,3225840000.0,47500000.0,254800.0
2021-07-05,7164.89990234375,,28598.189453125,15834.349609375,7168.0,,28731.0703125,15845.9501953125,7111.5,,28581.080078125,15762.0498046875,7123.2998046875,,28709.5703125,15793.400390625,384449600.0,,38500000.0,207000.0
2021-07-06,7100.89990234375,4343.5400390625,28643.2109375,15818.25,7170.60009765625,4356.4599609375,28748.23046875,15914.2001953125,7075.7001953125,4314.3701171875,28587.609375,15801.0,7164.89990234375,4356.4599609375,28677.94921875,15813.75,635763200.0,4309570000.0,41700000.0,391400.0
2021-07-07,7151.0,4358.1298828125,28366.94921875,15879.650390625,7153.7001953125,4361.8798828125,28434.990234375,15893.5498046875,7100.89990234375,4329.7900390625,28161.75,15779.7001953125,7100.89990234375,4351.009765625,28262.400390625,15819.599609375,600040700.0,4037380000.0,60300000.0,329300.0
2021-07-08,7030.7001953125,4320.81982421875,28118.029296875,15727.900390625,7151.0,4330.8798828125,28366.759765625,15885.75,6981.60009765625,4289.3701171875,28118.029296875,15682.900390625,7151.0,4321.06982421875,28332.630859375,15855.400390625,741526200.0,4347500000.0,62200000.0,307900.0
2021-07-09,7121.89990234375,4369.5498046875,27940.419921875,15689.7998046875,7121.89990234375,4371.60009765625,28000.01953125,15730.849609375,7030.2001953125,4329.3798828125,27419.400390625,15632.75,7030.7001953125,4329.3798828125,27739.419921875,15688.25,577541200.0,3531120000.0,82300000.0,243200.0
2021-07-12,7125.39990234375,4384.6298828125,28569.01953125,15692.599609375,7134.89990234375,4386.68017578125,28595.119140625,15789.2001953125,7066.2001953125,4364.02978515625,28405.599609375,15644.75,7121.89990234375,4372.41015625,28412.69921875,15766.7998046875,484702100.0,3384460000.0,55500000.0,216300.0
2021-07-13,7124.7001953125,4369.2099609375,28718.240234375,15812.349609375,7152.39990234375,4392.3701171875,28852.310546875,15820.7998046875,7116.2998046875,4366.919921875,28699.0390625,15744.599609375,7125.39990234375,4381.06982421875,28713.8203125,15794.0,613836900.0,3695430000.0,49800000.0,246700.0
2021-07-14,7091.2001953125,4374.2998046875,28608.490234375,15853.9501953125,7124.7001953125,4393.68017578125,28696.80078125,15877.349609375,7073.60009765625,4362.35986328125,28482.8203125,15764.2001953125,7124.7001953125,4380.10986328125,28517.310546875,15808.7001953125,565377200.0,4006370000.0,54800000.0,0.0
2021-07-15,7012.0,4360.02978515625,28279.08984375,15924.2001953125,7111.7998046875,4369.02001953125,28571.720703125,15952.349609375,7005.0,4340.7001953125,28240.2109375,15855.0,7091.2001953125,4369.02001953125,28539.3203125,15872.150390625,612974400.0,3905230000.0,53200000.0,284900.0
2021-07-16,7008.10009765625,4327.16015625,28003.080078125,15923.400390625,7056.7001953125,4375.08984375,28201.30078125,15962.25,6978.10009765625,4322.52978515625,27847.349609375,15882.599609375,7012.0,4367.43017578125,28039.259765625,15958.349609375,617556700.0,3985700000.0,50400000.0,276300.0
2021-07-19,6844.39990234375,4258.490234375,27652.740234375,15752.400390625,7008.10009765625,4296.39990234375,27792.51953125,15836.900390625,6813.0,4233.1298828125,27493.630859375,15707.5,7008.10009765625,4296.39990234375,27663.400390625,15754.5,817237100.0,5157660000.0,49900000.0,242100.0
2021-07-20,6881.10009765625,4323.06005859375,27388.16015625,15632.099609375,6929.89990234375,4336.83984375,27564.51953125,15728.4501953125,6827.2998046875,4262.0498046875,27330.150390625,15578.5498046875,6844.39990234375,4265.10986328125,27351.80078125,15703.9501953125,941993900.0,4438270000.0,63000000.0,274300.0
2021-07-21,6998.2998046875,4358.68994140625,27548.0,,7007.7998046875,4359.7001953125,27882.4296875,,6881.10009765625,4331.1298828125,27438.0703125,,6881.10009765625,4331.1298828125,27747.060546875,,784895600.0,3810280000.0,51400000.0,
2021-07-22,6968.2998046875,4367.47998046875,,15824.0498046875,7019.0,4369.8701171875,,15834.7998046875,6956.2001953125,4350.06005859375,,15726.400390625,6998.2998046875,4361.27001953125,,15736.599609375,497512000.0,3358300000.0,,265300.0
2021-07-23,7027.60009765625,4411.7900390625,,15856.0498046875,7033.2998046875,4415.18017578125,,15899.7998046875,6968.2998046875,4381.2001953125,,15768.400390625,6968.2998046875,4381.2001953125,,15856.7998046875,461681400.0,4540070000.0,,294100.0
2021-07-26,7025.39990234375,4422.2998046875,27833.2890625,15824.4501953125,7038.7001953125,4422.72998046875,28036.470703125,15893.349609375,6980.7001953125,4405.4501953125,27786.439453125,15797.0,7027.60009765625,4409.580078125,27990.470703125,15849.2998046875,524700700.0,4275630000.0,54500000.0,267100.0
2021-07-27,6996.10009765625,4401.4599609375,27970.220703125,15746.4501953125,7028.39990234375,4416.3798828125,28036.23046875,15881.5498046875,6929.60009765625,4372.509765625,27862.689453125,15701.0,7025.39990234375,4416.3798828125,27911.9296875,15860.5,516983900.0,4241950000.0,51700000.0,311000.0
2021-07-28,7016.60009765625,4400.64013671875,27581.66015625,15709.400390625,7023.39990234375,4415.47021484375,27809.859375,15767.5,6974.7998046875,4387.009765625,27466.990234375,15513.4501953125,6996.10009765625,4402.9501953125,27674.990234375,15761.5498046875,595315800.0,4215290000.0,57100000.0,318600.0
2021-07-29,7078.39990234375,4419.14990234375,27782.419921875,15778.4501953125,7093.89990234375,4429.97021484375,27798.05078125,15817.349609375,7008.7001953125,4403.58984375,27663.41015625,15737.7998046875,7016.60009765625,4403.58984375,27722.609375,15762.7001953125,789496800.0,4044600000.0,67800000.0,401600.0
2021-07-30,7032.2998046875,4395.259765625,27283.58984375,15763.0498046875,7078.39990234375,4412.25,27699.349609375,15862.7998046875,6996.89990234375,4389.64990234375,27272.490234375,15744.849609375,7078.39990234375,4395.1201171875,27677.890625,15800.599609375,674951500.0,3956740000.0,70600000.0,400000.0
2021-08-02,7081.7001953125,4387.16015625,27781.01953125,15885.150390625,7111.7001953125,4422.18017578125,27834.599609375,15892.900390625,7032.2998046875,4384.81005859375,27493.3203125,15834.650390625,7032.2998046875,4406.85986328125,27493.3203125,15874.900390625,526271100.0,3724090000.0,60100000.0,244800.0
2021-08-03,7105.7001953125,4423.14990234375,27641.830078125,16130.75,7119.2001953125,4423.7900390625,27724.44921875,16146.900390625,7074.2998046875,4373.0,27492.400390625,15914.349609375,7081.7001953125,4392.740234375,27580.029296875,15951.5498046875,613947100.0,3965190000.0,57900000.0,341300.0
2021-08-04,7123.89990234375,4402.66015625,27584.080078125,16258.7998046875,7142.5,4416.169921875,27636.33984375,16290.2001953125,7105.7001953125,4400.22998046875,27488.740234375,16176.150390625,7105.7001953125,4415.9501953125,27612.900390625,16195.25,618704700.0,4260760000.0,67500000.0,427300.0
2021-08-05,7120.39990234375,4429.10009765625,27728.119140625,16294.599609375,7130.39990234375,4429.759765625,27741.55078125,16349.4501953125,7099.0,4408.85986328125,27526.669921875,16210.2998046875,7123.89990234375,4408.85986328125,27526.669921875,16288.9501953125,814802900.0,3769410000.0,55900000.0,418200.0
2021-08-06,7123.0,4436.52001953125,27820.0390625,16238.2001953125,7135.39990234375,4440.81982421875,27888.869140625,16336.75,7103.7001953125,4429.06982421875,27709.220703125,16223.2998046875,7120.39990234375,4429.06982421875,27709.220703125,16304.400390625,677358200.0,3451870000.0,56400000.0,320100.0
2021-08-09,7132.2998046875,4432.35009765625,,16258.25,7138.7998046875,4439.39013671875,,16320.75,7089.7001953125,4424.740234375,,16179.0498046875,7123.0,4437.77001953125,,16281.349609375,525136800.0,3449280000.0,,240500.0
2021-08-10,7161.0,4436.75,27888.150390625,16280.099609375,7166.7001953125,4445.2099609375,28128.609375,16359.25,7115.89990234375,4430.02978515625,27808.5390625,16202.25,7132.2998046875,4435.7900390625,27887.029296875,16274.7998046875,559144000.0,3886610000.0,61400000.0,288000.0
2021-08-11,7220.10009765625,4442.41015625,28070.509765625,16282.25,7220.10009765625,4449.43994140625,28146.6796875,16338.75,7157.7001953125,4436.419921875,27974.990234375,16162.5498046875,7161.0,4442.18017578125,28045.83984375,16327.2998046875,536436100.0,3532560000.0,67100000.0,277900.0
2021-08-12,7193.2001953125,4460.830078125,28015.01953125,16364.400390625,7220.7001953125,4461.77001953125,28279.80078125,16375.5,7182.89990234375,4435.9599609375,28006.310546875,16286.900390625,7220.10009765625,4446.080078125,28177.19921875,16303.650390625,574940100.0,3375310000.0,57900000.0,280200.0
2021-08-13,7218.7001953125,4468.0,27977.150390625,16529.099609375,7224.5,4468.3701171875,28070.0,16543.599609375,7193.10009765625,4460.81982421875,27949.330078125,16376.2998046875,7193.2001953125,4464.83984375,28038.9609375,16385.69921875,501180000.0,3016470000.0,55800000.0,321900.0
2021-08-16,7154.0,4479.7099609375,27523.189453125,16563.05078125,7218.7001953125,4480.259765625,27833.2109375,16589.400390625,7117.7998046875,4437.66015625,27427.380859375,16480.75,7218.7001953125,4461.64990234375,27806.109375,16518.400390625,522255500.0,3370640000.0,57200000.0,254000.0
2021-08-17,7181.10009765625,4448.080078125,27424.470703125,16614.599609375,7188.60009765625,4462.1201171875,27750.390625,16628.55078125,7118.7001953125,4417.830078125,27424.470703125,16495.400390625,7154.0,4462.1201171875,27666.939453125,16545.25,573595700.0,3836960000.0,49600000.0,297400.0
2021-08-18,7169.2998046875,4400.27001953125,27585.91015625,16568.849609375,7198.7998046875,4454.31982421875,27671.5703125,16701.849609375,7143.60009765625,4397.58984375,27347.76953125,16535.849609375,7181.10009765625,4440.93994140625,27418.080078125,16691.94921875,792002500.0,3755590000.0,50100000.0,251800.0
2021-08-19,7058.89990234375,4405.7998046875,27281.169921875,,7169.2998046875,4418.60986328125,27504.80078125,,6993.10009765625,4367.72998046875,27255.580078125,,7169.2998046875,4382.43994140625,27398.580078125,,602767800.0,4398410000.0,65100000.0,
2021-08-20,7087.89990234375,4441.669921875,27013.25,16450.5,7095.60009765625,4444.35009765625,27316.7890625,16509.55078125,7032.5,4406.7998046875,26954.810546875,16376.0498046875,7058.89990234375,4410.56005859375,27238.44921875,16382.5,549551400.0,3652610000.0,75800000.0,350800.0
2021-08-23,7109.0,4479.52978515625,27494.240234375,16496.44921875,7147.7998046875,4489.8798828125,27541.630859375,16592.5,7087.89990234375,4450.2900390625,27193.099609375,16395.69921875,7087.89990234375,4450.2900390625,27193.099609375,16592.25,493195600.0,3576530000.0,56800000.0,275600.0
2021-08-24,7125.7998046875,4486.22998046875,27732.099609375,16624.599609375,7129.7001953125,4492.81005859375,27817.890625,16647.099609375,7076.10009765625,4482.27978515625,27653.23046875,16495.30078125,7109.0,4484.39990234375,27653.23046875,16561.400390625,582751900.0,3979220000.0,57100000.0,275400.0
2021-08-25,7150.10009765625,4496.18994140625,27724.80078125,16634.650390625,7151.7998046875,4501.7099609375,27897.720703125,16712.44921875,7121.2998046875,4485.66015625,27684.05078125,16617.5,7125.7998046875,4490.4501953125,27768.130859375,16654.0,510382500.0,3444700000.0,51500000.0,265900.0
2021-08-26,7125.0,4470.0,27742.2890625,16636.900390625,7150.10009765625,4495.89990234375,27828.279296875,16683.69921875,7095.39990234375,4468.990234375,27684.5,16603.400390625,7150.10009765625,4493.75,27793.630859375,16627.94921875,391705500.0,3263980000.0,48500000.0,253500.0
2021-08-27,7148.0,4509.3701171875,27641.140625,16705.19921875,7157.60009765625,4513.330078125,27670.66015625,16722.05078125,7108.5,4474.10009765625,27481.23046875,16565.599609375,7125.0,4474.10009765625,27581.240234375,16642.55078125,425583800.0,3331200000.0,49200000.0,217400.0
2021-08-30,,4528.7900390625,27789.2890625,16931.05078125,,4537.35986328125,27921.55078125,16951.5,,4513.759765625,27656.630859375,16764.849609375,,4513.759765625,27867.599609375,16775.849609375,,3168660000.0,58600000.0,283500.0
2021-08-31,7119.7001953125,4522.68017578125,28089.5390625,17132.19921875,7160.5,4531.39013671875,28158.94921875,17153.5,7092.0,4515.7998046875,27602.2109375,16915.849609375,7148.0,4529.75,27690.76953125,16947.5,1002276600.0,4290710000.0,75900000.0,464400.0
2021-09-01,7149.7998046875,4524.08984375,28451.01953125,17076.25,7187.2998046875,4537.10986328125,28457.669921875,17225.75,7119.7001953125,4522.02001953125,28179.0390625,17055.05078125,7119.7001953125,4528.7998046875,28179.0390625,17185.599609375,522902700.0,4057340000.0,64800000.0,301900.0
2021-09-02,7163.89990234375,4536.9501953125,28543.509765625,17234.150390625,7168.7998046875,4545.85009765625,28626.19921875,17245.5,7129.7001953125,4524.66015625,28412.91015625,17059.69921875,7149.7998046875,4534.47998046875,28522.4609375,17095.400390625,538705600.0,3735990000.0,60100000.0,242400.0
2021-09-03,7138.39990234375,4535.43017578125,29128.109375,17323.599609375,7182.2001953125,4541.4501953125,29149.650390625,17340.099609375,7123.89990234375,4521.2998046875,28607.869140625,17212.19921875,7163.89990234375,4532.419921875,28626.48046875,17262.44921875,499092300.0,3217530000.0,74900000.0,261400.0
2021-09-06,7187.2001953125,,29659.890625,17377.80078125,7195.60009765625,,29705.0390625,17429.55078125,7138.39990234375,,29469.349609375,17345.55078125,7138.39990234375,,29501.220703125,17399.349609375,306418900.0,,68300000.0,228000.0
2021-09-07,7149.39990234375,4520.02978515625,29916.140625,17362.099609375,7187.2001953125,4535.3798828125,30048.23046875,17436.5,7147.89990234375,4513.0,29838.4296875,17287.0,7187.2001953125,4535.3798828125,29883.919921875,17401.55078125,466824500.0,3822960000.0,75200000.0,243400.0
2021-09-08,7095.5,4514.06982421875,30181.2109375,17353.5,7149.39990234375,4521.7900390625,30241.869140625,17383.400390625,7061.10009765625,4493.9501953125,29787.130859375,17254.19921875,7149.39990234375,4518.08984375,29819.55078125,17375.75,567994400.0,3750880000.0,82500000.0,252700.0
2021-09-09,7024.2001953125,4493.27978515625,30008.189453125,17369.25,7095.5,4529.89990234375,30097.560546875,17379.650390625,6998.60009765625,4492.06982421875,29909.919921875,17302.69921875,7095.5,4513.02001953125,29959.2109375,17312.849609375,695389400.0,3735390000.0,78800000.0,241500.0
2021-09-10,7029.2001953125,4458.580078125,30381.83984375,,7055.2001953125,4520.47021484375,30381.83984375,,7014.39990234375,4457.66015625,30064.01953125,,7024.2001953125,4506.919921875,30089.44921875,,492655900.0,3623180000.0,88800000.0,
2021-09-13,7068.39990234375,4468.72998046875,30447.369140625,17355.30078125,7090.7998046875,4492.990234375,30447.369140625,17378.349609375,7029.2001953125,4445.7001953125,30229.009765625,17269.150390625,7029.2001953125,4474.81005859375,30372.01953125,17363.55078125,545721200.0,3914220000.0,64600000.0,241100.0
2021-09-14,7034.10009765625,4443.0498046875,30670.099609375,17380.0,7068.5,4485.68017578125,30795.779296875,17438.55078125,7020.10009765625,4435.4599609375,30504.810546875,17367.05078125,7068.39990234375,4479.330078125,30584.76953125,17420.349609375,678394800.0,3670460000.0,79100000.0,230400.0
2021-09-15,7016.5,4480.7001953125,30511.7109375,17519.44921875,7047.2998046875,4486.8701171875,30573.41015625,17532.69921875,7016.5,4438.3701171875,30347.30078125,17386.900390625,7034.10009765625,4447.490234375,30464.169921875,17387.650390625,772561700.0,4032020000.0,68600000.0,388200.0
2021-09-16,7027.5,4473.75,30323.33984375,17629.5,7059.0,4485.8701171875,30622.390625,17644.599609375,7016.2998046875,4443.7998046875,30202.509765625,17510.44921875,7016.5,4477.08984375,30606.150390625,17539.19921875,667606300.0,3984560000.0,69900000.0,503300.0
2021-09-17,6963.60009765625,4432.990234375,30500.05078125,17585.150390625,7092.7001953125,4471.52001953125,30541.990234375,17792.94921875,6941.7001953125,4427.759765625,30358.9296875,17537.650390625,7027.5,4469.740234375,30387.5390625,17709.650390625,1627774500.0,7289530000.0,97900000.0,508300.0
2021-09-20,6903.89990234375,4357.72998046875,,17396.900390625,6963.60009765625,4402.9501953125,,17622.75,6828.2998046875,4305.91015625,,17361.80078125,6963.60009765625,4402.9501953125,,17443.849609375,905908000.0,4898070000.0,,339100.0
2021-09-21,6981.0,4354.18994140625,29839.7109375,17562.0,7004.89990234375,4394.8701171875,30051.0,17578.349609375,6903.89990234375,4347.9599609375,29832.51953125,17326.099609375,6903.89990234375,4374.4501953125,30021.25,17450.5,811822000.0,3920920000.0,76300000.0,363600.0
2021-09-22,7083.39990234375,4395.64013671875,29639.400390625,17546.650390625,7090.5,4416.75,29868.099609375,17610.44921875,6981.0,4367.43017578125,29573.880859375,17524.0,6981.0,4367.43017578125,29744.73046875,17580.900390625,623048700.0,3939170000.0,69000000.0,295200.0
2021-09-23,7078.39990234375,4448.97998046875,,17822.94921875,7131.39990234375,4465.39990234375,,17843.900390625,7070.7001953125,4406.75,,17646.55078125,7083.39990234375,4406.75,,17670.849609375,731206400.0,3916350000.0,,320500.0
2021-09-24,7051.5,4455.47998046875,30248.810546875,17853.19921875,7080.2001953125,4463.1201171875,30276.380859375,17947.650390625,7041.2998046875,4430.27001953125,30110.30078125,17819.400390625,7078.39990234375,4438.0400390625,30141.609375,17897.44921875,836348200.0,3384290000.0,84600000.0,360100.0
2021-09-27,7063.39990234375,4443.10986328125,30240.060546875,17855.099609375,7122.10009765625,4457.2998046875,30414.609375,17943.5,7043.2001953125,4436.18994140625,30197.400390625,17802.900390625,7051.5,4442.1201171875,30277.8203125,17932.19921875,900413700.0,4058650000.0,74600000.0,295700.0
2021-09-28,7028.10009765625,4352.6298828125,30183.9609375,17748.599609375,7071.39990234375,4419.5400390625,30207.630859375,17912.849609375,7015.60009765625,4346.330078125,30001.990234375,17576.099609375,7063.39990234375,4419.5400390625,30142.380859375,17906.44921875,819400500.0,4416550000.0,89800000.0,398000.0
2021-09-29,7108.2001953125,4359.4599609375,29544.2890625,17711.30078125,7117.5,4385.56982421875,29679.259765625,17781.75,7026.89990234375,4355.080078125,29329.16015625,17608.150390625,7028.10009765625,4362.41015625,29611.919921875,17657.94921875,810850000.0,3712660000.0,94700000.0,562200.0
2021-09-30,7086.39990234375,4307.5400390625,29452.66015625,17618.150390625,7159.60009765625,4382.5498046875,29622.26953125,17742.150390625,7072.60009765625,4306.240234375,29311.33984375,17585.349609375,7108.2001953125,4370.669921875,29569.189453125,17718.900390625,868050200.0,4448140000.0,99000000.0,378600.0
2021-10-01,7027.10009765625,4357.0400390625,28771.0703125,17532.05078125,7086.39990234375,4375.18994140625,29393.669921875,17557.150390625,6989.60009765625,4288.52001953125,28680.73046875,17452.900390625,7086.39990234375,4317.16015625,29235.109375,17531.900390625,815417000.0,4010370000.0,82200000.0,305800.0
2021-10-04,7011.0,4300.4599609375,28444.890625,17691.25,7072.5,4355.509765625,29046.060546875,17750.900390625,7002.7001953125,4278.93994140625,28343.580078125,17581.349609375,7027.10009765625,4348.83984375,29044.470703125,17615.55078125,792854800.0,4307870000.0,76400000.0,295800.0
2021-10-05,7077.10009765625,4345.72021484375,27822.119140625,17822.30078125,7084.5,4369.22998046875,28058.669921875,17833.44921875,7011.0,4309.8701171875,27460.2890625,17640.900390625,7011.0,4309.8701171875,28050.390625,17661.349609375,846145500.0,3902890000.0,88200000.0,427000.0
2021-10-06,6995.89990234375,4363.5498046875,27528.869140625,17646.0,7077.10009765625,4365.56982421875,28209.8203125,17884.599609375,6945.5,4290.490234375,27293.619140625,17613.150390625,7077.10009765625,4319.56982421875,28033.91015625,17861.5,944014100.0,4009630000.0,100200000.0,395800.0
2021-10-07,7078.0,4399.759765625,27678.2109375,17790.349609375,7094.89990234375,4429.97021484375,28015.109375,17857.55078125,6995.89990234375,4383.72998046875,27607.970703125,17763.80078125,6995.89990234375,4383.72998046875,27665.970703125,17810.55078125,709629100.0,3843740000.0,79600000.0,419900.0
2021-10-08,7095.60009765625,4391.33984375,28048.939453125,17895.19921875,7109.2998046875,4412.02001953125,28321.349609375,17941.849609375,7070.5,4386.22021484375,28018.890625,17840.349609375,7078.0,4406.509765625,28031.369140625,17886.849609375,707356500.0,3280160000.0,82700000.0,324100.0
2021-10-11,7146.89990234375,4361.18994140625,28498.19921875,17945.94921875,7146.89990234375,4415.8798828125,28581.359375,18041.94921875,7085.89990234375,4360.58984375,27893.3203125,17839.099609375,7095.60009765625,4385.43994140625,27977.5703125,17867.55078125,709511700.0,3281970000.0,72300000.0,375800.0
2021-10-12,7130.2001953125,4350.64990234375,28230.609375,17991.94921875,7146.89990234375,4374.89013671875,28468.880859375,18008.650390625,7063.39990234375,4342.08984375,28166.380859375,17864.94921875,7146.89990234375,4368.31005859375,28458.880859375,17915.80078125,815613600.0,3558450000.0,66300000.0,355600.0
2021-10-13,7141.7998046875,4363.7998046875,28140.279296875,18161.75,7152.89990234375,4372.8701171875,28364.990234375,18197.80078125,7087.89990234375,4329.919921875,27993.4609375,18050.75,7130.2001953125,4358.009765625,28085.439453125,18097.849609375,1041234500.0,3620070000.0,63900000.0,506700.0
2021-10-14,7207.7001953125,4438.259765625,28550.9296875,18338.55078125,7216.2001953125,4439.72998046875,28576.6796875,18350.75,7141.7998046875,4386.75,28234.009765625,18248.69921875,7141.7998046875,4386.75,28264.41015625,18272.849609375,785955800.0,3598280000.0,64800000.0,538700.0
2021-10-15,7234.0,4471.3701171875,29068.630859375,,7243.89990234375,4475.81982421875,29082.349609375,,7206.2998046875,4447.68994140625,28726.220703125,,7207.7001953125,4447.68994140625,28787.259765625,,813605700.0,3819380000.0,66300000.0,
2021-10-18,7203.7998046875,4486.4599609375,29025.4609375,18477.05078125,7234.0,4488.75,29144.330078125,18543.150390625,7180.2001953125,4447.47021484375,28924.400390625,18445.30078125,7234.0,4463.72021484375,29093.8203125,18500.099609375,580835500.0,3662010000.0,62600000.0,469900.0
2021-10-19,7217.5,4519.6298828125,29215.51953125,18418.75,7223.2998046875,4520.39990234375,29272.490234375,18604.44921875,7189.5,4496.41015625,29075.369140625,18377.69921875,7203.7998046875,4497.33984375,29117.279296875,18602.349609375,677316100.0,3459130000.0,57600000.0,368200.0
2021-10-20,7223.10009765625,4536.18994140625,29255.55078125,18266.599609375,7229.2998046875,4540.8701171875,29489.109375,18458.30078125,7199.2998046875,4524.39990234375,29222.3203125,18209.349609375,7217.5,4524.419921875,29385.94921875,18439.900390625,655710900.0,3670760000.0,66100000.0,371300.0
2021-10-21,7190.2998046875,4549.77978515625,28708.580078125,18178.099609375,7227.10009765625,4551.43994140625,29220.8203125,18384.19921875,7181.7001953125,4526.89013671875,28688.779296875,18048.0,7223.10009765625,4532.240234375,29152.740234375,18382.69921875,615511300.0,3822330000.0,59100000.0,365900.0
2021-10-22,7204.60009765625,4544.89990234375,28804.849609375,18114.900390625,7235.2001953125,4559.669921875,28989.5,18314.25,7190.2998046875,4524.0,28546.5703125,18034.349609375,7190.2998046875,4546.1201171875,28578.529296875,18230.69921875,482745100.0,3758220000.0,60200000.0,324700.0
2021-10-25,7222.7998046875,4566.47998046875,28600.41015625,18125.400390625,7247.5,4572.6201171875,28668.69921875,18241.400390625,7204.60009765625,4537.35986328125,28472.55078125,17968.5,7204.60009765625,4553.68994140625,28527.130859375,18229.5,590620500.0,3899400000.0,62700000.0,418700.0
2021-10-26,7277.60009765625,4574.7900390625,29106.009765625,18268.400390625,7281.2001953125,4598.52978515625,29160.759765625,18310.44921875,7222.7998046875,4569.169921875,28893.94921875,18099.30078125,7222.7998046875,4578.68994140625,28927.609375,18154.5,683335400.0,3879740000.0,72800000.0,341400.0
2021-10-27,7253.2998046875,4551.68017578125,29098.240234375,18210.94921875,7280.5,4584.56982421875,29139.220703125,18342.05078125,7247.2998046875,4551.66015625,28870.25,18167.900390625,7277.60009765625,4580.22021484375,29056.009765625,18295.849609375,606503800.0,4226050000.0,70600000.0,335200.0
2021-10-28,7249.5,4596.419921875,28820.08984375,17857.25,7257.89990234375,4597.5498046875,28895.109375,18190.69921875,7219.7001953125,4562.83984375,28693.060546875,17799.44921875,7253.2998046875,4562.83984375,28871.609375,18187.650390625,677063000.0,4132950000.0,142800000.0,374200.0
2021-10-29,7237.60009765625,4605.3798828125,28892.689453125,17671.650390625,7249.5,4608.080078125,29000.650390625,17915.849609375,7192.10009765625,4567.58984375,28475.060546875,17613.099609375,7249.5,4572.8701171875,28819.16015625,17833.05078125,875049200.0,4510200000.0,104500000.0,336500.0
2021-11-01,7288.60009765625,4613.669921875,29647.080078125,17929.650390625,7303.39990234375,4620.33984375,29666.830078125,17954.099609375,7237.60009765625,4595.06005859375,29267.630859375,17697.099609375,7237.60009765625,4610.6201171875,29330.6796875,17783.150390625,644379600.0,3971540000.0,76700000.0,281200.0
2021-11-02,7274.7998046875,4630.64990234375,29520.900390625,17888.94921875,7288.60009765625,4635.14990234375,29599.5703125,18012.25,7240.0,4613.33984375,29457.1796875,17847.599609375,7288.60009765625,4613.33984375,29462.400390625,17970.900390625,788360700.0,3975250000.0,71100000.0,296400.0
2021-11-03,7248.89990234375,4660.56982421875,,17829.19921875,7277.60009765625,4663.4599609375,,17988.75,7235.2998046875,4621.18994140625,,17757.94921875,7274.7998046875,4630.64990234375,,17947.94921875,729024900.0,4319660000.0,,331000.0
2021-11-04,7279.89990234375,4680.06005859375,29794.369140625,17916.80078125,7293.0,4683.0,29880.810546875,17947.55078125,7247.60009765625,4662.58984375,29718.779296875,17900.599609375,7248.89990234375,4662.93017578125,29859.740234375,17935.05078125,988387200.0,4462300000.0,90400000.0,48500.0
2021-11-05,7304.0,4697.52978515625,29611.5703125,,7331.2998046875,4718.5,29840.73046875,,7270.0,4681.31982421875,29504.0703125,,7279.89990234375,4699.259765625,29840.73046875,,829628100.0,4467180000.0,73500000.0,
2021-11-08,7300.39990234375,4701.7001953125,29507.05078125,18068.55078125,7316.5,4714.919921875,29735.44921875,18087.80078125,7293.5,4694.39013671875,29507.05078125,17836.099609375,7304.0,4701.47998046875,29735.44921875,18040.19921875,617444100.0,4269710000.0,68300000.0,338900.0
2021-11-09,7274.0,4685.25,29285.4609375,18044.25,7314.10009765625,4708.52978515625,29750.4609375,18112.599609375,7268.7998046875,4670.8701171875,29240.310546875,17983.05078125,7300.39990234375,4707.25,29557.55078125,18084.349609375,780375900.0,4117080000.0,65000000.0,270200.0
2021-11-10,7340.2001953125,4646.7099609375,29106.779296875,18017.19921875,7340.2001953125,4684.85009765625,29296.880859375,18061.25,7270.10009765625,4630.85986328125,29079.76953125,17915.0,7274.0,4670.259765625,29209.060546875,17973.44921875,908302100.0,4503720000.0,63900000.0,261400.0
2021-11-11,7384.2001953125,4649.27001953125,29277.859375,17873.599609375,7394.39990234375,4664.5498046875,29336.029296875,17971.349609375,7329.7001953125,4648.31005859375,29040.080078125,17798.19921875,7340.2001953125,4659.39013671875,29046.189453125,17967.44921875,672658500.0,3926870000.0,60600000.0,232100.0
2021-11-12,7347.89990234375,4682.85009765625,29609.970703125,18102.75,7402.7001953125,4688.47021484375,29661.220703125,18123.0,7340.5,4650.77001953125,29381.44921875,17905.900390625,7384.2001953125,4655.240234375,29381.44921875,17977.599609375,766415500.0,3728600000.0,68400000.0,249100.0
2021-11-15,7351.89990234375,4682.7998046875,29776.80078125,18109.44921875,7363.5,4697.419921875,29861.880859375,18210.150390625,7324.10009765625,4672.85986328125,29718.2109375,18071.30078125,7347.89990234375,4689.2998046875,29807.369140625,18140.94921875,604752800.0,3488410000.0,60400000.0,280400.0
2021-11-16,7327.0,4700.89990234375,29808.119140625,17999.19921875,7368.2998046875,4714.9501953125,29960.9296875,18132.650390625,7324.10009765625,4679.419921875,29681.25,17958.80078125,7351.89990234375,4679.419921875,29749.7109375,18127.05078125,849713500.0,3972640000.0,62000000.0,267400.0
2021-11-17,7291.2001953125,4688.669921875,29688.330078125,17898.650390625,7327.0,4701.5,29909.970703125,18022.650390625,7290.0,4684.41015625,29623.7890625,17879.25,7327.0,4701.5,29906.6796875,17939.349609375,980280900.0,3969070000.0,63900000.0,295700.0
2021-11-18,7256.0,4704.5400390625,29598.66015625,17764.80078125,7291.2998046875,4708.7998046875,29715.94921875,17945.599609375,7242.0,4672.77978515625,29402.5703125,17688.5,7291.2001953125,4700.72021484375,29597.9296875,17890.55078125,590225200.0,4226410000.0,65400000.0,278400.0
2021-11-19,7223.60009765625,4697.9599609375,29745.869140625,,7289.5,4717.75,29768.5390625,,7198.7998046875,4694.22021484375,29589.189453125,,7256.0,4708.43994140625,29641.05078125,,1174484200.0,4253180000.0,65600000.0,
2021-11-22,7255.5,4682.93994140625,29774.109375,17416.55078125,7272.60009765625,4743.830078125,29806.490234375,17805.25,7207.7998046875,4682.169921875,29542.2890625,17280.44921875,7223.60009765625,4712.0,29618.55078125,17796.25,638191500.0,4441100000.0,58800000.0,356400.0
2021-11-23,7266.7001953125,4690.7001953125,,17503.349609375,7293.10009765625,4699.39013671875,,17553.69921875,7204.39990234375,4652.66015625,,17216.099609375,7255.5,4678.47998046875,,17281.75,624614500.0,4277590000.0,,308800.0
2021-11-24,7286.2998046875,4701.4599609375,29302.66015625,17415.05078125,7307.89990234375,4702.8701171875,29758.05078125,17600.599609375,7246.0,4659.89013671875,29212.9296875,17354.0,7266.7001953125,4675.77978515625,29663.44921875,17550.05078125,661514300.0,3418430000.0,69500000.0,298100.0
2021-11-25,7310.39990234375,,29499.279296875,17536.25,7311.89990234375,,29570.419921875,17564.349609375,7286.2998046875,,29444.44921875,17351.69921875,7286.2998046875,,29469.650390625,17417.30078125,487924100.0,,50700000.0,255900.0
2021-11-26,7044.0,4594.6201171875,28751.619140625,17026.44921875,7310.39990234375,4664.6298828125,29332.990234375,17355.400390625,7042.10009765625,4585.43017578125,28605.609375,16985.69921875,7310.39990234375,4664.6298828125,29324.470703125,17338.75,1714871800.0,3517700000.0,72900000.0,356300.0
2021-11-29,7110.0,4655.27001953125,28283.919921875,17053.94921875,7161.89990234375,4672.9501953125,28776.33984375,17160.69921875,7044.0,4625.259765625,28187.119140625,16782.400390625,7044.0,4628.75,28337.9609375,17055.80078125,945061900.0,4336410000.0,85900000.0,348900.0
2021-11-30,7059.5,4567.0,27821.759765625,16983.19921875,7110.0,4646.02001953125,28718.69921875,17324.650390625,6989.7001953125,4560.0,27819.140625,16931.400390625,7110.0,4640.25,28611.73046875,17051.150390625,1459578100.0,6625990000.0,140700000.0,498000.0
2021-12-01,7168.7001953125,4513.0400390625,27935.619140625,17166.900390625,7182.0,4652.93994140625,28106.30078125,17213.05078125,7059.39990234375,4510.27001953125,27594.009765625,17064.25,7059.5,4602.81982421875,27866.73046875,17104.400390625,779578300.0,5366730000.0,80900000.0,295500.0
2021-12-02,7129.2001953125,4577.10009765625,27753.369140625,17401.650390625,7168.7001953125,4595.4599609375,27938.55078125,17420.349609375,7083.2001953125,4504.72998046875,27644.9609375,17149.30078125,7168.7001953125,4504.72998046875,27716.19921875,17183.19921875,724509800.0,5077180000.0,77400000.0,279900.0
2021-12-03,7122.2998046875,4538.43017578125,28029.5703125,17196.69921875,7196.10009765625,4608.02978515625,28029.5703125,17489.80078125,7105.2998046875,4495.1201171875,27588.609375,17180.80078125,7129.2001953125,4589.490234375,27841.05078125,17424.900390625,867111100.0,5240070000.0,71900000.0,292500.0
2021-12-06,7232.2998046875,4591.669921875,27927.369140625,16912.25,7246.2998046875,4612.60009765625,28081.0390625,17216.75,7122.2998046875,4540.509765625,27693.91015625,16891.69921875,7122.2998046875,4548.3701171875,28069.9609375,17209.05078125,637274000.0,4770800000.0,61700000.0,231700.0
2021-12-07,7339.89990234375,4686.75,28455.599609375,17176.69921875,7344.7001953125,4694.0400390625,28618.4609375,17251.650390625,7232.2998046875,4631.97021484375,27961.66015625,16987.75,7232.2998046875,4631.97021484375,28138.8203125,17044.099609375,783615400.0,4492400000.0,78300000.0,254100.0
2021-12-08,7337.39990234375,4701.2099609375,28860.619140625,17469.75,7378.89990234375,4705.06005859375,28897.439453125,17484.599609375,7333.60009765625,4674.52001953125,28621.470703125,17308.94921875,7339.89990234375,4690.85986328125,28792.890625,17315.25,776663000.0,4234600000.0,72000000.0,257800.0
2021-12-09,7321.2998046875,4667.4501953125,28725.470703125,17516.849609375,7366.10009765625,4695.259765625,28908.2890625,17543.25,7303.0,4665.97998046875,28725.470703125,17379.599609375,7337.10009765625,4691.0,28827.3203125,17524.400390625,615185100.0,3903840000.0,54400000.0,237200.0
2021-12-10,7291.7998046875,4712.02001953125,28437.76953125,17511.30078125,7331.60009765625,4713.56982421875,28699.009765625,17534.349609375,7284.7998046875,4670.240234375,28392.869140625,17405.25,7321.2998046875,4687.64013671875,28542.5,17476.05078125,533854300.0,3870110000.0,63400000.0,204500.0
2021-12-13,7231.39990234375,4668.97021484375,28640.490234375,17368.25,7309.2001953125,4710.2998046875,28793.3203125,17639.5,7226.60009765625,4667.60009765625,28593.44921875,17355.94921875,7291.7998046875,4710.2998046875,28705.259765625,17619.099609375,1173948800.0,4397230000.0,53500000.0,256600.0
2021-12-14,7218.60009765625,4634.08984375,28432.640625,17324.900390625,7284.5,4660.47021484375,28672.9609375,17376.19921875,7218.60009765625,4606.52001953125,28309.669921875,17225.80078125,7231.39990234375,4642.990234375,28554.859375,17283.19921875,662325900.0,4485430000.0,55200000.0,271000.0
2021-12-15,7170.7998046875,4709.85009765625,28459.720703125,17221.400390625,7224.89990234375,4712.60009765625,28525.830078125,17351.19921875,7166.7998046875,4611.22021484375,28358.470703125,17192.19921875,7218.60009765625,4636.4599609375,28358.470703125,17323.650390625,813609300.0,4910130000.0,55900000.0,215000.0
2021-12-16,7260.60009765625,4668.669921875,29066.3203125,17248.400390625,7273.2998046875,4731.990234375,29070.080078125,17379.349609375,7170.7998046875,4651.89013671875,28782.189453125,17184.94921875,7170.7998046875,4719.1298828125,28868.369140625,17373.0,1155236100.0,4829500000.0,60300000.0,219500.0
2021-12-17,7269.89990234375,4620.64013671875,28545.6796875,16985.19921875,7286.5,4666.7001953125,28904.939453125,17298.150390625,7236.2001953125,4600.22021484375,28503.080078125,16966.44921875,7260.60009765625,4652.5,28854.599609375,17276.0,1477578800.0,7987090000.0,84400000.0,354600.0
2021-12-20,7198.0,4568.02001953125,27937.810546875,16614.19921875,7269.89990234375,4587.89990234375,28441.509765625,16840.099609375,7101.0,4531.10009765625,27893.1796875,16410.19921875,7269.89990234375,4587.89990234375,28325.4609375,16824.25,925062200.0,4635700000.0,65200000.0,330600.0
2021-12-21,7297.39990234375,4649.22998046875,28517.58984375,16770.849609375,7297.39990234375,4651.14013671875,28533.740234375,16936.400390625,7198.0,4583.16015625,28226.4296875,16688.25,7198.0,4594.9599609375,28309.599609375,16773.150390625,683669700.0,4072430000.0,55800000.0,241000.0
2021-12-22,7341.7001953125,4696.56005859375,28562.2109375,16955.44921875,7341.7001953125,4697.669921875,28673.76953125,16971.0,7273.5,4645.52978515625,28473.849609375,16819.5,7297.39990234375,4650.35986328125,28614.060546875,16865.55078125,514772900.0,3319610000.0,44700000.0,207900.0
2021-12-23,7373.2998046875,4725.7900390625,28798.369140625,17072.599609375,7385.39990234375,4740.740234375,28798.369140625,17118.650390625,7331.10009765625,4703.9599609375,28640.150390625,17015.55078125,7341.7001953125,4703.9599609375,28703.009765625,17066.80078125,422671500.0,2913040000.0,43600000.0,197000.0
2021-12-24,7372.10009765625,,28782.58984375,17003.75,7403.7001953125,,28870.130859375,17155.599609375,7368.7998046875,,28773.5,16909.599609375,7373.2998046875,,28836.05078125,17149.5,126005500.0,,35900000.0,182600.0
2021-12-27,,4791.18994140625,28676.4609375,17086.25,,4791.490234375,28805.279296875,17112.05078125,,4733.990234375,28658.8203125,16833.19921875,,4733.990234375,28786.330078125,16937.75,,2770290000.0,37500000.0,144800.0
2021-12-28,,4786.35009765625,29069.16015625,17233.25,,4807.02001953125,29121.009765625,17250.25,,4780.0400390625,28879.6796875,17161.150390625,,4795.490234375,28953.3203125,17177.599609375,,2707920000.0,47000000.0,176000.0
2021-12-29,7420.7001953125,4793.06005859375,28906.880859375,17213.599609375,7457.10009765625,4804.06005859375,29106.279296875,17285.94921875,7372.10009765625,4778.080078125,28729.609375,17176.650390625,7372.10009765625,4788.64013671875,28995.73046875,17220.099609375,445975700.0,2963310000.0,44700000.0,161700.0
2021-12-30,7403.0,4778.72998046875,28791.7109375,17203.94921875,7433.39990234375,4808.93017578125,28904.419921875,17264.05078125,7403.0,4775.330078125,28579.490234375,17146.349609375,7420.7001953125,4794.22998046875,28794.240234375,17201.44921875,266402700.0,3124950000.0,40400000.0,320800.0
2021-12-31,7384.5,4766.18017578125,,17354.05078125,7403.0,4786.830078125,,17400.80078125,7357.10009765625,4765.75,,17238.5,7403.0,4775.2099609375,,17244.5,179343800.0,2677820000.0,,167000.0
2022-01-03,,4796.56005859375,,17625.69921875,,4796.64013671875,,17646.650390625,,4758.169921875,,17383.30078125,,4778.14013671875,,17387.150390625,,3831020000.0,,200500.0
2022-01-04,7505.2001953125,4793.5400390625,29301.7890625,17805.25,7520.7998046875,4818.6201171875,29323.7890625,17827.599609375,7384.5,4774.27001953125,28954.560546875,17593.55078125,7384.5,4804.509765625,29098.41015625,17681.400390625,934179500.0,4683170000.0,66000000.0,247400.0
2022-01-05,7516.89990234375,4700.580078125,29332.16015625,17925.25,7530.0,4797.7001953125,29388.16015625,17944.69921875,7484.2998046875,4699.43994140625,29204.44921875,17748.849609375,7505.2001953125,4787.990234375,29288.80078125,17820.099609375,707511200.0,4887960000.0,78600000.0,251500.0
2022-01-06,7450.39990234375,4696.0498046875,28487.869140625,17745.900390625,7516.89990234375,4725.009765625,29158.94921875,17797.94921875,7420.0,4671.259765625,28487.869140625,17655.55078125,7516.89990234375,4693.39013671875,29136.75,17768.5,843728700.0,4295280000.0,71600000.0,236500.0
2022-01-07,7485.2998046875,4677.02978515625,28478.560546875,17812.69921875,7485.2998046875,4707.9501953125,28813.08984375,17905.0,7431.89990234375,4662.740234375,28293.69921875,17704.55078125,7450.39990234375,4697.66015625,28711.529296875,17797.599609375,705191000.0,4181510000.0,75200000.0,239300.0
2022-01-10,7445.2998046875,4670.2900390625,,18003.30078125,7496.10009765625,4673.02001953125,,18017.44921875,7422.89990234375,4582.240234375,,17879.150390625,7485.2998046875,4655.33984375,,17913.30078125,1047171300.0,4511810000.0,,232400.0
2022-01-11,7491.39990234375,4713.06982421875,28222.48046875,18055.75,7497.10009765625,4714.1298828125,28473.470703125,18081.25,7445.2998046875,4638.27001953125,28089.490234375,17964.400390625,7445.2998046875,4669.14013671875,28380.900390625,17997.75,727102400.0,4101590000.0,73700000.0,220200.0
2022-01-12,7551.7001953125,4726.35009765625,28765.66015625,18212.349609375,7564.2001953125,4748.830078125,28814.310546875,18227.94921875,7491.39990234375,4706.7099609375,28427.599609375,18128.80078125,7491.39990234375,4728.58984375,28449.529296875,18170.400390625,873805500.0,4048220000.0,72500000.0,245000.0
2022-01-13,7563.89990234375,4659.02978515625,28489.130859375,18257.80078125,7566.5,4744.1298828125,28660.44921875,18272.25,7530.10009765625,4650.2900390625,28444.9609375,18163.80078125,7551.7001953125,4733.56005859375,28658.220703125,18257.0,776326000.0,4251730000.0,69900000.0,303700.0
2022-01-14,7543.0,4662.85009765625,28124.279296875,18255.75,7568.2001953125,4665.1298828125,28252.9609375,18286.94921875,7523.0,4614.75,27889.2109375,18119.650390625,7563.89990234375,4637.990234375,28246.990234375,18185.0,790074900.0,4338490000.0,82100000.0,229500.0
2022-01-17,7611.2001953125,,28333.51953125,18308.099609375,7616.10009765625,,28449.990234375,18321.55078125,7543.0,,28274.1796875,18228.75,7543.0,,28332.720703125,18235.650390625,812336800.0,,54500000.0,266700.0
2022-01-18,7563.60009765625,4577.10986328125,28257.25,18113.05078125,7613.10009765625,4632.240234375,28690.33984375,18350.94921875,7532.0,4568.7001953125,28129.66015625,18085.900390625,7611.2001953125,4632.240234375,28451.33984375,18337.19921875,953228000.0,4748700000.0,71300000.0,227500.0
2022-01-19,7589.7001953125,4532.759765625,27467.23046875,17938.400390625,7614.89990234375,4611.5498046875,27958.169921875,18129.19921875,7525.2001953125,4530.2001953125,27314.41015625,17884.900390625,7563.60009765625,4588.02978515625,27928.890625,18129.19921875,867104400.0,4465740000.0,84300000.0,276700.0
2022-01-20,7585.0,4482.72998046875,27772.9296875,17757.0,7619.0,4602.10986328125,27882.529296875,17943.69921875,7549.89990234375,4477.9501953125,27217.58984375,17648.44921875,7589.7001953125,4547.35009765625,27401.4296875,17921.0,786613700.0,4640870000.0,74000000.0,258100.0
2022-01-21,7494.10009765625,4397.93994140625,27522.259765625,17617.150390625,7585.0,4494.52001953125,27586.419921875,17707.599609375,7450.5,4395.33984375,27129.609375,17485.849609375,7585.0,4471.3798828125,27404.359375,17613.69921875,819199800.0,5589100000.0,72700000.0,277600.0
2022-01-24,7297.2001953125,4410.1298828125,27588.369140625,17149.099609375,7494.10009765625,4417.35009765625,27627.599609375,17599.400390625,7283.39990234375,4222.6201171875,27203.330078125,16997.849609375,7494.10009765625,4356.31982421875,27258.44921875,17575.150390625,1332106600.0,6928110000.0,61000000.0,323800.0
2022-01-25,7371.5,4356.4501953125,27131.33984375,17277.94921875,7382.60009765625,4411.009765625,27493.75,17309.150390625,7297.2001953125,4287.10986328125,26890.939453125,16836.80078125,7297.2001953125,4366.64013671875,27466.8203125,17001.55078125,851981700.0,5145050000.0,77000000.0,326500.0
2022-01-26,7469.7998046875,4349.93017578125,27011.330078125,,7525.60009765625,4453.22998046875,27184.5390625,,7371.5,4304.7998046875,26858.6796875,,7371.5,4408.43017578125,27105.98046875,,783181000.0,5570640000.0,60500000.0,
2022-01-27,7554.2998046875,4326.509765625,26170.30078125,17110.150390625,7596.7001953125,4428.740234375,27193.58984375,17182.5,7388.7998046875,4309.5,26044.51953125,16866.75,7469.7998046875,4380.580078125,27139.880859375,17062.0,1022547800.0,5214200000.0,88700000.0,395600.0
2022-01-28,7466.10009765625,4431.85009765625,26717.33984375,17101.94921875,7554.2998046875,4432.72021484375,26764.849609375,17373.5,7420.2001953125,4292.4599609375,26289.689453125,17077.099609375,7554.2998046875,4336.18994140625,26429.849609375,17208.30078125,1529106100.0,5031090000.0,76000000.0,355300.0
2022-01-31,7464.39990234375,4515.5498046875,27001.98046875,17339.849609375,7524.0,4516.89013671875,27134.5703125,17410.0,7450.89990234375,4414.02001953125,26541.650390625,17264.150390625,7466.10009765625,4431.7900390625,26690.599609375,17301.05078125,761419500.0,5098610000.0,78300000.0,321700.0
2022-02-01,7535.7998046875,4546.5400390625,27078.48046875,17576.849609375,7549.2998046875,4550.490234375,27410.7890625,17622.400390625,7463.0,4483.52978515625,27016.7109375,17244.55078125,7464.39990234375,4519.56982421875,27167.140625,17529.44921875,746456700.0,4816830000.0,81100000.0,386400.0
2022-02-02,7583.0,4589.3798828125,27533.599609375,17780.0,7605.60009765625,4595.31005859375,27564.619140625,17794.599609375,7535.7998046875,4544.31982421875,27289.16015625,17674.80078125,7535.7998046875,4566.39013671875,27302.990234375,17706.19921875,719672400.0,4481580000.0,85200000.0,271200.0
2022-02-03,7528.7998046875,4477.43994140625,27241.310546875,17560.19921875,7605.7998046875,4542.8798828125,27357.330078125,17781.150390625,7528.7001953125,4470.39013671875,27165.9296875,17511.150390625,7583.0,4535.41015625,27330.9609375,17767.75,911775100.0,4401970000.0,81100000.0,226600.0
2022-02-04,7516.39990234375,4500.52978515625,27439.990234375,17516.30078125,7599.7001953125,4539.66015625,27455.98046875,17617.80078125,7497.2001953125,4451.5,27075.990234375,17462.55078125,7528.7998046875,4482.7900390625,27095.900390625,17590.19921875,885041900.0,4706290000.0,79600000.0,261400.0
2022-02-07,7573.5,4483.8701171875,27248.869140625,17213.599609375,7591.7001953125,4521.85986328125,27369.6796875,17536.75,7508.5,4471.47021484375,27085.3203125,17119.400390625,7516.39990234375,4505.75,27327.630859375,17456.30078125,1073651000.0,4228480000.0,77100000.0,265000.0
2022-02-08,7567.10009765625,4521.5400390625,27284.51953125,17266.75,7631.2998046875,4531.31982421875,27461.330078125,17306.44921875,7548.2001953125,4465.39990234375,27280.25,17043.650390625,7573.5,4480.02001953125,27318.30078125,17279.849609375,804533800.0,4459620000.0,76600000.0,268500.0
2022-02-09,7643.39990234375,4587.18017578125,27579.869140625,17463.80078125,7657.89990234375,4590.02978515625,27633.099609375,17477.150390625,7567.10009765625,4547.0,27405.880859375,17339.0,7567.10009765625,4547.0,27488.650390625,17370.099609375,992005300.0,4524350000.0,93500000.0,236400.0
2022-02-10,7672.39990234375,4504.080078125,27696.080078125,17605.849609375,7687.2998046875,4588.919921875,27880.69921875,17639.44921875,7622.7001953125,4484.31005859375,27575.0703125,17427.150390625,7643.39990234375,4553.240234375,27818.099609375,17554.099609375,831756900.0,5314860000.0,82900000.0,273600.0
2022-02-11,7661.0,4418.64013671875,,17374.75,7672.39990234375,4526.330078125,,17454.75,7596.10009765625,4401.41015625,,17303.0,7672.39990234375,4506.27001953125,,17451.0,909140800.0,5251500000.0,,253100.0
2022-02-14,7531.60009765625,4401.669921875,27079.58984375,16842.80078125,7661.0,4426.22021484375,27325.5,17099.5,7483.39990234375,4364.83984375,26947.650390625,16809.650390625,7661.0,4412.60986328125,27305.919921875,17076.150390625,925229500.0,4600390000.0,79800000.0,305500.0
2022-02-15,7608.89990234375,4471.06982421875,26865.189453125,17352.44921875,7608.89990234375,4472.77001953125,27205.19921875,17375.0,7513.2001953125,4429.27978515625,26724.91015625,16839.25,7531.60009765625,4429.27978515625,27183.560546875,16933.25,808114200.0,4430830000.0,76200000.0,298700.0
2022-02-16,7603.7998046875,4475.009765625,27460.400390625,17322.19921875,7630.7001953125,4489.5498046875,27486.08984375,17490.599609375,7560.89990234375,4429.68017578125,27227.240234375,17257.69921875,7608.89990234375,4455.75,27269.05078125,17408.44921875,1128096000.0,4283640000.0,64100000.0,244500.0
2022-02-17,7537.39990234375,4380.259765625,27232.869140625,17304.599609375,7607.2001953125,4456.06005859375,27438.740234375,17442.900390625,7499.89990234375,4373.81005859375,27080.919921875,17235.849609375,7603.7998046875,4456.06005859375,27431.419921875,17396.55078125,776929900.0,4539420000.0,67800000.0,232100.0
2022-02-18,7513.60009765625,4348.8701171875,27122.0703125,17276.30078125,7570.60009765625,4394.60009765625,27216.16015625,17380.80078125,7508.7001953125,4327.22021484375,26792.5390625,17219.19921875,7537.39990234375,4384.56982421875,26895.16015625,17236.05078125,768986400.0,4708060000.0,63500000.0,189600.0
2022-02-21,7484.2998046875,,26910.869140625,17206.650390625,7571.10009765625,,26998.470703125,17351.05078125,7446.39990234375,,26549.0,17070.69921875,7513.60009765625,,26771.580078125,17192.25,622636900.0,,52900000.0,215200.0
2022-02-22,7494.2001953125,4304.759765625,26449.609375,17092.19921875,7531.2998046875,4362.1201171875,26550.140625,17148.55078125,7365.0,4267.10986328125,26243.73046875,16843.80078125,7484.2998046875,4332.740234375,26515.44921875,16847.94921875,1018787100.0,5121900000.0,67300000.0,300100.0
2022-02-23,7498.2001953125,4225.5,,17063.25,7550.0,4341.509765625,,17220.69921875,7490.5,4221.509765625,,17027.849609375,7494.2001953125,4324.93017578125,,17194.5,862648700.0,4797430000.0,,200200.0
2022-02-24,7207.0,4288.7001953125,25970.8203125,16247.9501953125,7498.2001953125,4294.72998046875,26357.580078125,16705.25,7204.7001953125,4114.64990234375,25775.640625,16203.25,7498.2001953125,4155.77001953125,26281.349609375,16548.900390625,1966584700.0,6752130000.0,93500000.0,458000.0
2022-02-25,7489.5,4384.64990234375,26476.5,16658.400390625,7497.89990234375,4385.33984375,26481.599609375,16748.80078125,7207.39990234375,4286.830078125,26160.189453125,16478.30078125,7207.39990234375,4298.3798828125,26213.19921875,16515.650390625,1381725400.0,5177060000.0,77600000.0,329800.0
2022-02-28,7458.2998046875,4373.93994140625,26526.8203125,16793.900390625,7489.5,4388.83984375,26644.560546875,16815.900390625,7361.60009765625,4315.1201171875,26262.630859375,16356.2998046875,7489.5,4354.169921875,26457.51953125,16481.599609375,1584580200.0,6071370000.0,91100000.0,404200.0
2022-03-01,7330.2001953125,4306.259765625,26844.720703125,,7499.2998046875,4378.4501953125,27013.259765625,,7327.7998046875,4279.5400390625,26821.75,,7458.2998046875,4363.14013671875,26836.740234375,,1349616800.0,5846230000.0,74000000.0,
2022-03-02,7429.60009765625,4386.5400390625,26393.029296875,16605.94921875,7462.2001953125,4401.47998046875,26585.30078125,16678.5,7320.7998046875,4322.56005859375,26313.720703125,16478.650390625,7330.2001953125,4322.56005859375,26532.19921875,16593.099609375,1325548600.0,5337870000.0,87700000.0,517700.0
2022-03-03,7238.89990234375,4363.490234375,26577.26953125,16498.05078125,7468.7998046875,4416.77978515625,26704.849609375,16768.94921875,7231.5,4345.56005859375,26496.720703125,16442.94921875,7429.60009765625,4401.31005859375,26628.869140625,16723.19921875,1226956300.0,5039890000.0,74800000.0,442100.0
2022-03-04,6987.10009765625,4328.8701171875,25985.470703125,16245.349609375,7238.89990234375,4342.1201171875,26421.849609375,16456.0,6980.89990234375,4284.97998046875,25774.279296875,16133.7998046875,7238.89990234375,4342.1201171875,26421.849609375,16339.4501953125,1560387400.0,5797380000.0,93500000.0,456100.0
2022-03-07,6959.5,4201.08984375,25221.41015625,15863.150390625,7030.7001953125,4327.009765625,25640.41015625,15944.599609375,6788.0,4199.85009765625,25006.259765625,15711.4501953125,6987.10009765625,4327.009765625,25634.08984375,15867.9501953125,2177431900.0,6940470000.0,105400000.0,585400.0
2022-03-08,6964.10009765625,4170.7001953125,24790.94921875,16013.4501953125,7013.5,4276.93994140625,25291.330078125,16028.75,6893.60009765625,4157.8701171875,24767.330078125,15671.4501953125,6959.5,4202.66015625,24974.349609375,15747.75,1443985900.0,7243120000.0,114700000.0,543600.0
2022-03-09,7190.7001953125,4277.8798828125,24717.529296875,16345.349609375,7190.7001953125,4299.39990234375,25084.080078125,16418.05078125,6964.10009765625,4223.10009765625,24681.740234375,15990.0,6964.10009765625,4223.10009765625,24876.490234375,16078.0,1239463500.0,5662670000.0,91500000.0,462200.0
2022-03-10,7099.10009765625,4259.52001953125,25690.400390625,16594.900390625,7192.7998046875,4268.27978515625,25720.310546875,16757.30078125,7066.0,4209.7998046875,25099.849609375,16447.900390625,7190.7001953125,4252.5498046875,25108.470703125,16757.099609375,1139094000.0,4980830000.0,95200000.0,486400.0
2022-03-11,7155.60009765625,4204.31005859375,25162.779296875,16630.44921875,7260.39990234375,4291.009765625,25503.650390625,16694.400390625,7099.0,4200.490234375,24966.5,16470.900390625,7099.10009765625,4279.5,25495.029296875,16528.80078125,973207200.0,4938640000.0,89600000.0,343700.0
2022-03-14,7193.5,4173.10986328125,25307.849609375,16871.30078125,7222.89990234375,4247.56982421875,25631.009765625,16887.94921875,7144.0,4161.72021484375,25299.640625,16606.5,7155.60009765625,4202.75,25338.640625,16633.69921875,916048600.0,5574920000.0,72600000.0,314700.0
2022-03-15,7175.7001953125,4262.4501953125,25346.48046875,16663.0,7193.5,4271.0498046875,25441.669921875,16927.75,7075.7998046875,4187.89990234375,25219.130859375,16555.0,7193.5,4188.81982421875,25228.529296875,16900.650390625,870528100.0,5392470000.0,73200000.0,381600.0
2022-03-16,7291.7001953125,4357.85986328125,25762.009765625,16975.349609375,7312.2001953125,4358.89990234375,25824.939453125,16987.900390625,7175.7001953125,4251.990234375,25470.4609375,16837.849609375,7175.7001953125,4288.14013671875,25574.900390625,16876.650390625,1914129400.0,6309750000.0,82300000.0,260000.0
2022-03-17,7385.2998046875,4411.669921875,26652.890625,17287.05078125,7385.2998046875,4412.669921875,26702.939453125,17344.599609375,7260.5,4335.64990234375,26152.890625,17175.75,7291.7001953125,4345.10986328125,26170.380859375,17202.900390625,1095585500.0,4985090000.0,89600000.0,448300.0
2022-03-18,7404.7001953125,4463.1201171875,26827.4296875,,7406.10009765625,4465.39990234375,26862.4296875,,7318.89990234375,4390.56982421875,26592.98046875,,7385.2998046875,4407.33984375,26649.5,,2316358900.0,8278430000.0,108200000.0,
2022-03-21,7442.39990234375,4461.18017578125,,17117.599609375,7465.0,4481.75,,17353.349609375,7402.60009765625,4424.2998046875,,17096.400390625,7404.7001953125,4462.39990234375,,17329.5,811977600.0,4869820000.0,,285500.0
2022-03-22,7476.7001953125,4511.60986328125,27224.109375,17315.5,7490.5,4522.0,27284.470703125,17334.400390625,7442.39990234375,4469.10009765625,27076.330078125,17006.30078125,7442.39990234375,4469.10009765625,27091.3203125,17120.400390625,1017354500.0,4754840000.0,98000000.0,338300.0
2022-03-23,7460.60009765625,4456.240234375,28040.16015625,17245.650390625,7521.10009765625,4501.06982421875,28056.19921875,17442.400390625,7459.39990234375,4455.81005859375,27604.369140625,17199.599609375,7476.7001953125,4493.10009765625,27606.7890625,17405.05078125,859391300.0,4550670000.0,88200000.0,292100.0
2022-03-24,7467.39990234375,4520.16015625,28110.390625,17222.75,7492.0,4520.580078125,28110.390625,17291.75,7453.2998046875,4465.169921875,27624.619140625,17091.150390625,7460.60009765625,4469.97998046875,27693.76953125,17094.94921875,737167300.0,4131390000.0,71600000.0,290300.0
2022-03-25,7483.39990234375,4543.06005859375,28149.83984375,17153.0,7502.7001953125,4546.02978515625,28338.810546875,17294.900390625,7441.2998046875,4501.06982421875,27946.7890625,17076.55078125,7467.39990234375,4522.91015625,28338.810546875,17289.0,870705400.0,4305020000.0,67400000.0,237100.0
2022-03-28,7473.10009765625,4575.52001953125,27943.890625,17222.0,7539.2998046875,4575.64990234375,28084.080078125,17235.099609375,7471.5,4517.68994140625,27812.669921875,17003.900390625,7483.39990234375,4541.08984375,28084.080078125,17181.849609375,775526800.0,4312260000.0,65300000.0,253200.0
2022-03-29,7537.2998046875,4631.60009765625,28252.419921875,17325.30078125,7584.10009765625,4637.2998046875,28252.419921875,17343.650390625,7473.10009765625,4589.66015625,28063.919921875,17235.69921875,7473.10009765625,4602.85986328125,28173.4296875,17297.19921875,1172893900.0,5085910000.0,77700000.0,235100.0
2022-03-30,7578.7998046875,4602.4501953125,28027.25,17498.25,7578.7998046875,4627.77001953125,28281.44921875,17522.5,7523.7998046875,4581.31982421875,27736.26953125,17387.19921875,7537.2998046875,4624.2001953125,28250.80078125,17468.150390625,1036020900.0,4385570000.0,83400000.0,505000.0
2022-03-31,7515.7001953125,4530.41015625,27821.4296875,17464.75,7595.39990234375,4603.06982421875,28101.6796875,17559.80078125,7515.7001953125,4530.41015625,27763.9609375,17435.19921875,7578.7998046875,4599.02001953125,27809.970703125,17519.19921875,925410900.0,4823020000.0,78600000.0,281100.0
2022-04-01,7537.89990234375,4545.85986328125,27665.98046875,17670.44921875,7552.5,4548.7001953125,27738.310546875,17703.69921875,7508.89990234375,4507.56982421875,27399.48046875,17422.69921875,7515.7001953125,4540.31982421875,27624.109375,17436.900390625,811395500.0,4562940000.0,66800000.0,291800.0
2022-04-04,7558.89990234375,4582.64013671875,27736.470703125,18053.400390625,7574.2998046875,4583.5,27754.240234375,18114.650390625,7532.2001953125,4539.2099609375,27578.810546875,17791.400390625,7537.89990234375,4547.97021484375,27685.650390625,17809.099609375,837403600.0,4547350000.0,50300000.0,345500.0
2022-04-05,7613.7001953125,4525.1201171875,27787.98046875,17957.400390625,7613.7001953125,4593.4501953125,27965.939453125,18095.44921875,7536.2001953125,4514.169921875,27662.279296875,17921.55078125,7558.89990234375,4572.4501953125,27965.939453125,18080.599609375,1212100600.0,4800620000.0,64300000.0,283500.0
2022-04-06,7587.7001953125,4481.14990234375,27350.30078125,17807.650390625,7614.10009765625,4503.93994140625,27549.669921875,17901.0,7536.2001953125,4450.0400390625,27214.609375,17779.849609375,7613.7001953125,4494.169921875,27533.880859375,17842.75,1102885900.0,4986830000.0,68700000.0,328800.0
2022-04-07,7551.7998046875,4500.2099609375,26888.5703125,17639.55078125,7601.5,4521.16015625,27042.490234375,17787.5,7537.2998046875,4450.2998046875,26801.7890625,17623.69921875,7587.7001953125,4474.64990234375,27032.419921875,17723.30078125,1153908000.0,4821490000.0,71100000.0,308800.0
2022-04-08,7669.60009765625,4488.27978515625,26985.80078125,17784.349609375,7669.60009765625,4520.41015625,27185.23046875,17842.75,7551.7998046875,4474.60009765625,26764.359375,17600.55078125,7551.7998046875,4494.14990234375,27097.05078125,17698.150390625,919254100.0,4083200000.0,78100000.0,274400.0
2022-04-11,7618.2998046875,4412.52978515625,26821.51953125,17674.94921875,7669.60009765625,4464.35009765625,27004.5,17779.05078125,7611.7001953125,4408.3798828125,26720.4609375,17650.94921875,7669.60009765625,4462.64013671875,26877.599609375,17740.900390625,835767000.0,4266290000.0,73500000.0,251700.0
2022-04-12,7576.7001953125,4397.4501953125,26334.98046875,17530.30078125,7618.2998046875,4471.0,26674.859375,17595.30078125,7543.0,4381.33984375,26304.080078125,17442.349609375,7618.2998046875,4437.58984375,26606.869140625,17584.849609375,772543400.0,4152090000.0,75300000.0,266000.0
2022-04-13,7580.7998046875,4446.58984375,26843.490234375,17475.650390625,7597.89990234375,4453.919921875,26885.869140625,17663.650390625,7550.89990234375,4392.7001953125,26429.470703125,17457.400390625,7576.7001953125,4394.2998046875,26436.060546875,17599.900390625,742706800.0,3828150000.0,71600000.0,245100.0
2022-04-14,7616.39990234375,4392.58984375,27172.0,,7622.39990234375,4460.4599609375,27200.890625,,7551.39990234375,4390.77001953125,26890.6796875,,7580.7998046875,4449.1201171875,26925.640625,,1005764400.0,4083090000.0,61800000.0,
2022-04-15,,,27093.189453125,,,,27203.76953125,,,,26784.919921875,,,,26932.48046875,,,,51500000.0,
2022-04-18,,4391.68994140625,26799.7109375,17173.650390625,,4410.31005859375,26851.80078125,17237.75,,4370.2998046875,26571.380859375,17067.849609375,,4385.6298828125,26831.44921875,17183.44921875,,3910490000.0,48300000.0,376100.0
2022-04-19,7601.2998046875,4462.2099609375,26985.08984375,16958.650390625,7624.89990234375,4471.02978515625,27100.58984375,17275.650390625,7565.7998046875,4390.6298828125,26777.7109375,16824.69921875,7616.39990234375,4390.6298828125,27096.490234375,17258.94921875,846777100.0,4108120000.0,60500000.0,401400.0
2022-04-20,7629.2001953125,4459.4501953125,27217.849609375,17136.55078125,7637.89990234375,4488.2900390625,27389.83984375,17186.900390625,7590.60009765625,4448.759765625,27066.1796875,16978.94921875,7601.2998046875,4472.259765625,27210.7890625,17045.25,1212543400.0,4290450000.0,72300000.0,286100.0
2022-04-21,7628.0,4393.66015625,27553.060546875,17392.599609375,7656.5,4512.93994140625,27580.640625,17414.69921875,7596.2998046875,4384.47021484375,27252.830078125,17215.5,7629.2001953125,4489.169921875,27259.140625,17234.599609375,764750300.0,4636890000.0,62300000.0,285200.0
2022-04-22,7521.7001953125,4271.77978515625,27105.259765625,17171.94921875,7628.0,4385.830078125,27205.830078125,17315.30078125,7521.7001953125,4267.6201171875,26904.380859375,17149.19921875,7628.0,4385.830078125,27197.80078125,17242.75,694792900.0,4651940000.0,58500000.0,262700.0
2022-04-25,7380.5,4296.1201171875,26590.779296875,16953.94921875,7521.7001953125,4299.02001953125,26764.48046875,17054.30078125,7339.5,4200.81982421875,26487.83984375,16888.69921875,7521.7001953125,4255.33984375,26692.48046875,17009.05078125,755160100.0,5240040000.0,62700000.0,275700.0
2022-04-26,7386.2001953125,4175.2001953125,26700.109375,17200.80078125,7463.2001953125,4278.14013671875,26808.990234375,17223.849609375,7380.5,4175.0400390625,26592.990234375,17064.44921875,7380.5,4278.14013671875,26743.2109375,17121.30078125,847986700.0,4689970000.0,64300000.0,261100.0
2022-04-27,7425.60009765625,4183.9599609375,26386.630859375,17038.400390625,7458.2001953125,4240.7099609375,26406.619140625,17110.69921875,7344.89990234375,4162.89990234375,26051.0390625,16958.44921875,7386.2001953125,4186.52001953125,26313.140625,17073.349609375,958503900.0,4769680000.0,97300000.0,265100.0
2022-04-28,7509.2001953125,4287.5,26847.900390625,17245.05078125,7519.7001953125,4308.4501953125,26876.94921875,17322.5,7425.60009765625,4188.6298828125,26348.359375,17071.05078125,7425.60009765625,4222.580078125,26430.279296875,17189.5,917004000.0,4854180000.0,86700000.0,312900.0
2022-04-29,7544.60009765625,4131.93017578125,,17102.55078125,7569.7998046875,4269.68017578125,,17377.650390625,7509.2001953125,4124.27978515625,,17053.25,7509.2001953125,4253.75,,17329.25,983441700.0,5084030000.0,,336200.0
2022-05-02,,4155.3798828125,26818.529296875,17069.099609375,,4169.81005859375,26964.58984375,17092.25,,4062.510009765625,26610.859375,16917.25,,4130.60986328125,26851.099609375,16924.44921875,,5163790000.0,74500000.0,278200.0
2022-05-03,7561.2998046875,4175.47998046875,,,7561.2998046875,4200.10009765625,,,7475.7001953125,4147.080078125,,,7544.60009765625,4159.77978515625,,,1342876200.0,4582050000.0,,
2022-05-04,7493.5,4300.169921875,,16677.599609375,7572.7001953125,4307.66015625,,17132.849609375,7493.5,4148.91015625,,16623.94921875,7561.2998046875,4181.18017578125,,17096.599609375,699267900.0,5136360000.0,,310600.0
2022-05-05,7503.2998046875,4146.8701171875,,16682.650390625,7619.39990234375,4270.43017578125,,16945.69921875,7493.5,4106.009765625,,16651.849609375,7493.5,4270.43017578125,,16854.75,931632400.0,5077030000.0,,265800.0
2022-05-06,7387.89990234375,4123.33984375,27003.560546875,16411.25,7503.2998046875,4157.68994140625,27072.58984375,16484.19921875,7354.10009765625,4067.909912109375,26543.2890625,16340.900390625,7503.2998046875,4128.169921875,26784.2890625,16415.55078125,1089227300.0,5116940000.0,98500000.0,300500.0
2022-05-09,7216.60009765625,3991.239990234375,26319.33984375,16301.849609375,7391.60009765625,4081.27001953125,26732.609375,16403.69921875,7216.60009765625,3975.47998046875,26309.220703125,16142.099609375,7387.89990234375,4081.27001953125,26705.3203125,16227.7001953125,803955700.0,5954520000.0,79500000.0,288400.0
2022-05-10,7243.2001953125,4001.050048828125,26167.099609375,16240.0498046875,7311.7001953125,4068.820068359375,26246.630859375,16404.55078125,7216.60009765625,3958.169921875,25773.830078125,16197.2998046875,7216.60009765625,4035.179931640625,26149.060546875,16248.900390625,919988500.0,5885820000.0,80800000.0,283100.0
2022-05-11,7347.7001953125,3935.179931640625,26213.640625,16167.099609375,7349.7001953125,4049.090087890625,26290.619140625,16318.75,7239.0,3928.820068359375,26003.259765625,15992.599609375,7243.2001953125,3990.080078125,26045.380859375,16270.0498046875,1206944700.0,5816140000.0,85900000.0,284300.0
2022-05-12,7233.2998046875,3930.080078125,25748.720703125,15808.0,7347.7001953125,3964.800048828125,26028.359375,16041.9501953125,7158.5,3858.8701171875,25688.109375,15735.75,7347.7001953125,3903.949951171875,25945.0390625,16021.099609375,966343100.0,6286450000.0,91200000.0,314900.0
2022-05-13,7418.2001953125,4023.889892578125,26427.650390625,15782.150390625,7422.0,4038.8798828125,26479.9296875,16083.599609375,7233.2998046875,3963.89990234375,25904.400390625,15740.849609375,7233.2998046875,3963.89990234375,25918.80078125,15977.0,871946000.0,5183340000.0,103800000.0,369100.0
2022-05-16,7464.7998046875,4008.010009765625,26547.05078125,15842.2998046875,7464.7998046875,4046.4599609375,26836.9609375,15977.9501953125,7361.7001953125,3983.989990234375,26438.609375,15739.650390625,7418.2001953125,4013.02001953125,26753.369140625,15845.099609375,814978400.0,4415030000.0,87000000.0,217600.0
2022-05-17,7518.39990234375,4088.85009765625,26659.75,16259.2998046875,7538.7001953125,4090.719970703125,26709.259765625,16284.25,7464.7998046875,4033.929931640625,26440.619140625,15900.7998046875,7464.7998046875,4052.0,26555.23046875,15912.599609375,821412200.0,4841410000.0,78900000.0,295700.0
2022-05-18,7438.10009765625,3923.679931640625,26911.19921875,16240.2998046875,7526.10009765625,4051.97998046875,27053.1796875,16399.80078125,7438.10009765625,3911.909912109375,26741.33984375,16211.2001953125,7518.39990234375,4051.97998046875,26826.8203125,16318.150390625,830397600.0,5103220000.0,74700000.0,290400.0
2022-05-19,7302.7001953125,3900.7900390625,26402.83984375,15809.400390625,7438.10009765625,3945.9599609375,26458.849609375,15984.75,7228.7001953125,3876.580078125,26150.08984375,15775.2001953125,7438.10009765625,3899.0,26435.3203125,15917.400390625,1037438100.0,5113550000.0,74500000.0,313900.0
2022-05-20,7390.0,3901.360107421875,26739.029296875,16266.150390625,7453.5,3943.419921875,26769.19921875,16283.0498046875,7302.7001953125,3810.320068359375,26426.990234375,16003.849609375,7302.7001953125,3927.760009765625,26448.23046875,16043.7998046875,790841400.0,5130730000.0,76300000.0,252400.0
2022-05-23,7513.39990234375,3973.75,27001.51953125,16214.7001953125,7513.39990234375,3981.8798828125,27047.470703125,16414.69921875,7390.0,3909.0400390625,26832.650390625,16185.75,7390.0,3919.419921875,26991.419921875,16290.9501953125,819767300.0,4420030000.0,65000000.0,293800.0
2022-05-24,7484.39990234375,3941.47998046875,26748.140625,16125.150390625,7529.7001953125,3955.679931640625,27005.4296875,16262.7998046875,7434.5,3875.1298828125,26736.009765625,16078.599609375,7513.39990234375,3942.93994140625,27005.4296875,16225.5498046875,1113802600.0,4923190000.0,67400000.0,249800.0
2022-05-25,7522.7998046875,3978.72998046875,26677.80078125,16025.7998046875,7546.39990234375,3999.330078125,26795.890625,16223.349609375,7484.39990234375,3925.030029296875,26578.029296875,16006.9501953125,7484.39990234375,3929.590087890625,26711.529296875,16196.349609375,898078000.0,4802560000.0,72300000.0,243300.0
2022-05-26,7564.89990234375,4057.840087890625,26604.83984375,16170.150390625,7575.5,4075.139892578125,26898.75,16204.4501953125,7512.5,3984.60009765625,26597.970703125,15903.7001953125,7522.7998046875,3984.60009765625,26685.01953125,16105.0,709669900.0,4709970000.0,64500000.0,314300.0
2022-05-27,7585.5,4158.240234375,26781.6796875,16352.4501953125,7597.60009765625,4158.490234375,26996.69921875,16370.599609375,7542.7998046875,4077.429931640625,26731.599609375,16221.9501953125,7564.89990234375,4077.429931640625,26947.80078125,16296.599609375,713185000.0,4375620000.0,69300000.0,274100.0
2022-05-30,7600.10009765625,,27369.4296875,16661.400390625,7625.60009765625,,27401.240234375,16695.5,7576.39990234375,,27057.19921875,16506.150390625,7585.5,,27092.8203125,16527.900390625,1009169800.0,,97000000.0,251400.0
2022-05-31,7607.7001953125,4132.14990234375,27279.80078125,16584.55078125,7648.2998046875,4168.33984375,27463.330078125,16690.75,7591.7998046875,4104.8798828125,27250.69921875,16521.900390625,7600.10009765625,4151.08984375,27318.08984375,16578.44921875,1620576000.0,6822640000.0,141800000.0,651600.0
2022-06-01,7533.0,4101.22998046875,27457.890625,16522.75,7639.2001953125,4166.5400390625,27482.310546875,16649.19921875,7529.2001953125,4073.85009765625,27295.419921875,16438.849609375,7607.7001953125,4149.77978515625,27295.630859375,16594.400390625,734829800.0,4531800000.0,75800000.0,249600.0
2022-06-02,,4176.81982421875,27413.880859375,16628.0,,4177.509765625,27450.470703125,16646.400390625,,4074.3701171875,27251.240234375,16443.05078125,,4095.409912109375,27340.51953125,16481.650390625,,4405790000.0,63600000.0,236000.0
2022-06-03,,4108.5400390625,27761.5703125,16584.30078125,,4142.669921875,27776.330078125,16793.849609375,,4098.669921875,27614.859375,16567.900390625,,4137.56982421875,27660.619140625,16761.650390625,,3711110000.0,63700000.0,245500.0
2022-06-06,7608.2001953125,4121.43017578125,27915.890625,16569.55078125,7646.7001953125,4168.77978515625,27979.5390625,16610.94921875,7532.7998046875,4109.18017578125,27523.94921875,16444.55078125,7533.0,4134.72021484375,27549.640625,16530.69921875,696171700.0,4332700000.0,56800000.0,233600.0
2022-06-07,7598.89990234375,4160.68017578125,27943.94921875,16416.349609375,7617.5,4164.85986328125,28094.73046875,16487.25,7570.7001953125,4080.18994140625,27863.380859375,16347.099609375,7608.2001953125,4096.47021484375,27984.7890625,16469.599609375,750124500.0,4248210000.0,68300000.0,233800.0
2022-06-08,7593.0,4115.77001953125,28234.2890625,16356.25,7616.2001953125,4160.14013671875,28234.2890625,16514.30078125,7550.7001953125,4107.2001953125,28089.779296875,16293.349609375,7598.89990234375,4147.1201171875,28100.259765625,16474.94921875,776478300.0,4159470000.0,78700000.0,243500.0
2022-06-09,7476.2001953125,4017.820068359375,28246.529296875,16478.099609375,7593.0,4119.10009765625,28389.75,16492.80078125,7472.2998046875,4017.169921875,28189.349609375,16243.849609375,7593.0,4101.64990234375,28189.349609375,16263.849609375,771939100.0,4134170000.0,80300000.0,205000.0
2022-06-10,7317.5,3900.860107421875,27824.2890625,16201.7998046875,7476.2001953125,3974.389892578125,28044.44921875,16324.7001953125,7294.2001953125,3900.159912109375,27795.169921875,16172.599609375,7476.2001953125,3974.389892578125,27996.349609375,16283.9501953125,911375600.0,4889640000.0,79700000.0,189700.0
2022-06-13,7205.7998046875,3749.6298828125,26987.439453125,15774.400390625,7317.5,3838.14990234375,27389.30078125,15886.150390625,7174.0,3734.300048828125,26948.220703125,15684.0,7317.5,3838.14990234375,27369.66015625,15877.5498046875,980090400.0,5636890000.0,71400000.0,225500.0
2022-06-14,7187.5,3735.47998046875,26629.859375,15732.099609375,7271.89990234375,3778.179931640625,26657.919921875,15858.0,7135.2001953125,3705.679931640625,26357.900390625,15659.4501953125,7205.7998046875,3763.52001953125,26555.75,15674.25,864847700.0,5153890000.0,75000000.0,225400.0
2022-06-15,7273.39990234375,3789.989990234375,26326.16015625,15692.150390625,7313.7001953125,3837.56005859375,26638.759765625,15783.650390625,7186.5,3722.300048828125,26321.6796875,15678.900390625,7187.5,3764.050048828125,26625.6796875,15729.25,1089092800.0,5530480000.0,72700000.0,183000.0
2022-06-16,7045.0,3666.77001953125,26431.19921875,15360.599609375,7273.39990234375,3728.179931640625,26947.69921875,15863.150390625,7039.5,3639.77001953125,26431.19921875,15335.099609375,7273.39990234375,3728.179931640625,26715.51953125,15832.25,1162889200.0,5644930000.0,67800000.0,264700.0
2022-06-17,7016.2998046875,3674.840087890625,25963.0,15293.5,7130.60009765625,3707.7099609375,26072.349609375,15400.400390625,6998.2001953125,3636.8701171875,25720.80078125,15183.400390625,7045.0,3665.89990234375,25988.19921875,15272.650390625,1908921300.0,8520740000.0,115200000.0,342600.0
2022-06-20,7121.7998046875,,25771.220703125,15350.150390625,7129.60009765625,,26156.619140625,15382.5,7016.2001953125,,25520.23046875,15191.099609375,7016.2998046875,,26156.619140625,15334.5,666757200.0,,72200000.0,260000.0
2022-06-21,7152.10009765625,3764.7900390625,26246.310546875,15638.7998046875,7193.89990234375,3779.64990234375,26418.83984375,15707.25,7119.2998046875,3715.31005859375,25972.279296875,15419.849609375,7121.7998046875,3715.31005859375,26070.919921875,15455.9501953125,580244500.0,5292260000.0,65400000.0,262800.0
2022-06-22,7089.2001953125,3759.889892578125,26149.55078125,15413.2998046875,7152.10009765625,3801.7900390625,26462.830078125,15565.400390625,7030.0,3717.68994140625,26149.169921875,15385.9501953125,7152.10009765625,3733.889892578125,26441.720703125,15545.650390625,1204359700.0,5058990000.0,66400000.0,220900.0
2022-06-23,7020.5,3795.72998046875,26171.25,15556.650390625,7115.7998046875,3802.580078125,26401.970703125,15628.4501953125,7014.2001953125,3743.52001953125,26039.5703125,15367.5,7089.2001953125,3774.7099609375,26134.890625,15451.5498046875,763870700.0,5098640000.0,65700000.0,259200.0
2022-06-24,7208.7998046875,3911.739990234375,26491.970703125,15699.25,7211.10009765625,3913.64990234375,26519.16015625,15749.25,7016.0,3821.75,26148.560546875,15619.4501953125,7020.5,3821.75,26228.419921875,15657.400390625,772223900.0,8120260000.0,72600000.0,219600.0
2022-06-27,7258.2998046875,3900.110107421875,26871.26953125,15832.0498046875,7284.5,3927.719970703125,26938.4296875,15927.4501953125,7208.5,3889.659912109375,26665.439453125,15815.5,7208.7998046875,3920.760009765625,26741.80078125,15926.2001953125,802411400.0,4325310000.0,65800000.0,210900.0
2022-06-28,7323.39990234375,3821.550048828125,27049.470703125,15850.2001953125,7362.39990234375,3945.860107421875,27062.310546875,15892.099609375,7258.2998046875,3820.139892578125,26789.5,15710.150390625,7258.2998046875,3913.0,26795.6796875,15757.4501953125,735789800.0,4270120000.0,73400000.0,251900.0
2022-06-29,7312.2998046875,3818.830078125,26804.599609375,15799.099609375,7345.5,3836.5,26858.6796875,15861.599609375,7263.5,3799.02001953125,26687.470703125,15687.7998046875,7323.39990234375,3825.090087890625,26814.23046875,15701.7001953125,718640800.0,4211240000.0,101100000.0,444900.0
2022-06-30,7169.2998046875,3785.3798828125,26393.0390625,15780.25,7312.2998046875,3818.989990234375,26753.279296875,15890.0,7110.7001953125,3738.669921875,26324.310546875,15728.849609375,7312.2998046875,3785.989990234375,26753.279296875,15774.5,903650800.0,4840070000.0,86100000.0,306000.0
2022-07-01,7168.7001953125,3825.330078125,25935.619140625,15752.0498046875,7214.7998046875,3829.820068359375,26531.240234375,15793.9501953125,7101.39990234375,3752.10009765625,25841.75,15511.0498046875,7169.2998046875,3781.0,26460.7109375,15703.7001953125,677216200.0,4046950000.0,81700000.0,364100.0
2022-07-04,7232.7001953125,,26153.810546875,15835.349609375,7258.5,,26258.859375,15852.349609375,7168.7001953125,,25945.830078125,15661.7998046875,7168.7001953125,,26086.779296875,15710.5,420674600.0,,68700000.0,304300.0
2022-07-05,7025.5,3831.389892578125,26423.470703125,15810.849609375,7260.2998046875,3832.18994140625,26532.509765625,16025.75,7016.7998046875,3742.06005859375,26294.83984375,15785.4501953125,7232.7001953125,3792.610107421875,26386.23046875,15909.150390625,1105144500.0,5076590000.0,62800000.0,254200.0
2022-07-06,7107.7998046875,3845.080078125,26107.650390625,15989.7998046875,7198.7001953125,3870.909912109375,26298.9609375,16011.349609375,7025.39990234375,3809.3701171875,26051.189453125,15800.900390625,7025.5,3831.97998046875,26190.400390625,15818.2001953125,933905000.0,4417720000.0,89700000.0,288400.0
2022-07-07,7189.10009765625,3902.6201171875,26490.529296875,16132.900390625,7213.10009765625,3910.6298828125,26533.650390625,16150.5,7107.7998046875,3858.85009765625,26136.990234375,16045.9501953125,7107.7998046875,3858.85009765625,26280.939453125,16113.75,1108987400.0,4057770000.0,80700000.0,264600.0
2022-07-08,7196.2001953125,3899.3798828125,26517.189453125,16220.599609375,7210.60009765625,3918.5,26881.75,16275.5,7129.2001953125,3869.340087890625,26510.529296875,16157.900390625,7189.10009765625,3888.260009765625,26623.849609375,16273.650390625,604222100.0,3521620000.0,89300000.0,281100.0
2022-07-11,7196.60009765625,3854.429931640625,26812.30078125,16216.0,7204.10009765625,3880.93994140625,27062.169921875,16248.5498046875,7097.39990234375,3847.219970703125,26710.58984375,16115.5,7196.2001953125,3880.93994140625,26892.73046875,16136.150390625,676893400.0,3423480000.0,68500000.0,255900.0
2022-07-12,7209.89990234375,3818.800048828125,26336.66015625,16058.2998046875,7216.89990234375,3873.409912109375,26718.669921875,16158.75,7143.2998046875,3802.360107421875,26278.279296875,16031.150390625,7196.60009765625,3851.949951171875,26701.0,16126.2001953125,855143900.0,3817210000.0,64400000.0,208600.0
2022-07-13,7156.39990234375,3801.780029296875,26478.76953125,15966.650390625,7209.89990234375,3829.43994140625,26543.0703125,16140.0,7104.10009765625,3759.070068359375,26389.099609375,15950.150390625,7209.89990234375,3779.669921875,26403.7890625,16128.2001953125,805881600.0,4109390000.0,54100000.0,233300.0
2022-07-14,7039.7998046875,3790.3798828125,26643.390625,15938.650390625,7157.60009765625,3796.409912109375,26713.0703125,16070.849609375,7007.10009765625,3721.56005859375,26312.7890625,15858.2001953125,7156.39990234375,3763.989990234375,26357.3203125,16018.849609375,848278400.0,4199690000.0,60600000.0,228600.0
2022-07-15,7159.0,3863.159912109375,26788.470703125,16049.2001953125,7167.89990234375,3863.6201171875,26857.76953125,16066.9501953125,7038.2001953125,3817.179931640625,26571.380859375,15927.2998046875,7039.7998046875,3818.0,26736.080078125,16010.7998046875,782905500.0,4143800000.0,65500000.0,205800.0
2022-07-18,7223.2001953125,3830.85009765625,,16278.5,7268.89990234375,3902.43994140625,,16287.9501953125,7159.0,3818.6298828125,,16142.2001953125,7159.0,3883.7900390625,,16151.400390625,670662200.0,4046870000.0,,227700.0
2022-07-19,7296.2998046875,3936.68994140625,26961.6796875,16340.5498046875,7309.0,3939.81005859375,27043.580078125,16359.5,7174.39990234375,3860.72998046875,26791.7109375,16187.0498046875,7223.2001953125,3860.72998046875,27003.830078125,16187.0498046875,665883200.0,4041070000.0,59400000.0,222600.0
2022-07-20,7264.2998046875,3959.89990234375,27680.259765625,16520.849609375,7347.60009765625,3974.1298828125,27692.849609375,16588.0,7253.60009765625,3922.030029296875,27295.94921875,16490.94921875,7296.2998046875,3935.320068359375,27295.94921875,16562.80078125,1059158500.0,4185300000.0,66700000.0,284400.0
2022-07-21,7270.5,3998.949951171875,27803.0,16605.25,7274.7001953125,3999.2900390625,27803.0,16626.94921875,7200.10009765625,3927.639892578125,27549.560546875,16483.900390625,7264.2998046875,3955.469970703125,27627.880859375,16523.55078125,798169600.0,4132790000.0,56700000.0,243600.0
2022-07-22,7276.39990234375,3961.6298828125,27914.66015625,16719.44921875,7315.2998046875,4012.43994140625,27952.25,16752.25,7254.0,3938.860107421875,27701.25,16610.900390625,7270.5,3998.429931640625,27773.140625,16661.25,606877600.0,3979240000.0,60100000.0,190900.0
2022-07-25,7306.2998046875,3966.840087890625,27699.25,16631.0,7309.7001953125,3975.300048828125,27848.58984375,16706.05078125,7242.89990234375,3943.4599609375,27663.16015625,16564.25,7276.39990234375,3965.719970703125,27697.76953125,16662.55078125,711402100.0,3568340000.0,46500000.0,211400.0
2022-07-26,7306.2998046875,3921.050048828125,27655.2109375,16483.849609375,7365.39990234375,3953.219970703125,27715.779296875,16636.099609375,7301.2001953125,3910.739990234375,27538.390625,16463.30078125,7306.2998046875,3953.219970703125,27682.19921875,16632.900390625,730984300.0,3778950000.0,50000000.0,208200.0
2022-07-27,7348.2001953125,4023.610107421875,27715.75,16641.80078125,7365.2001953125,4039.56005859375,27772.970703125,16653.44921875,7306.2998046875,3951.429931640625,27525.08984375,16438.75,7306.2998046875,3951.429931640625,27575.16015625,16475.349609375,1188866700.0,4112180000.0,51100000.0,185200.0
2022-07-28,7345.2998046875,4072.429931640625,27815.48046875,16929.599609375,7396.2001953125,4078.949951171875,28015.6796875,16947.650390625,7309.0,3992.969970703125,27651.990234375,16746.25,7348.2001953125,4026.1298828125,27909.150390625,16774.849609375,745838600.0,4413000000.0,83500000.0,376300.0
2022-07-29,7423.39990234375,4130.2900390625,27801.640625,17158.25,7441.2001953125,4140.14990234375,28001.80078125,17172.80078125,7345.2998046875,4079.219970703125,27725.240234375,17018.150390625,7345.2998046875,4087.330078125,27915.220703125,17079.5,883363000.0,4616360000.0,79300000.0,436100.0
2022-08-01,7413.39990234375,4118.6298828125,27993.349609375,17340.05078125,7471.89990234375,4144.9501953125,27993.349609375,17356.25,7408.89990234375,4096.02001953125,27751.58984375,17154.80078125,7446.0,4112.3798828125,27813.8203125,17243.19921875,558506400.0,4202810000.0,71900000.0,381500.0
2022-08-02,7409.10009765625,4091.18994140625,27594.73046875,17345.44921875,7433.2998046875,4140.47021484375,27830.580078125,17390.150390625,7386.7998046875,4079.81005859375,27530.599609375,17215.849609375,7413.39990234375,4104.2099609375,27812.48046875,17310.150390625,623919300.0,4727710000.0,71800000.0,333600.0
2022-08-03,7445.7001953125,4155.169921875,27741.900390625,17388.150390625,7445.89990234375,4167.66015625,27837.630859375,17407.5,7372.7001953125,4107.9599609375,27634.650390625,17225.849609375,7409.10009765625,4107.9599609375,27673.0,17349.25,947917500.0,4351760000.0,72300000.0,285400.0
2022-08-04,7448.10009765625,4151.93994140625,27932.19921875,17382.0,7491.7001953125,4161.2900390625,28005.58984375,17490.69921875,7417.5,4135.419921875,27870.05078125,17161.25,7445.7001953125,4154.85009765625,27930.939453125,17463.099609375,858684300.0,4283320000.0,83100000.0,325000.0
2022-08-05,7439.7001953125,4145.18994140625,28175.869140625,17397.5,7470.60009765625,4151.580078125,28190.0390625,17474.400390625,7420.2001953125,4107.31005859375,27910.220703125,17348.75,7448.10009765625,4115.8701171875,27915.060546875,17423.650390625,609722300.0,4085940000.0,71300000.0,355300.0
2022-08-08,7482.39990234375,4140.06005859375,28249.240234375,17525.099609375,7513.7998046875,4186.6201171875,28279.119140625,17548.80078125,7439.7001953125,4128.97021484375,28047.080078125,17359.75,7439.7001953125,4155.93017578125,28050.08984375,17401.5,626255900.0,4221090000.0,66100000.0,257000.0
2022-08-09,7488.2001953125,4122.47021484375,27999.9609375,,7504.60009765625,4137.2998046875,28257.33984375,,7475.0,4112.08984375,27966.91015625,,7482.39990234375,4133.10986328125,28236.83984375,,648601100.0,3913090000.0,64900000.0,
2022-08-10,7507.10009765625,4210.240234375,27819.330078125,17534.75,7520.7001953125,4211.02978515625,27964.9609375,17566.099609375,7468.60009765625,4177.259765625,27729.4609375,17442.80078125,7488.2001953125,4181.02001953125,27955.109375,17566.099609375,766193200.0,4546010000.0,59900000.0,312700.0
2022-08-11,7465.89990234375,4207.27001953125,,17659.0,7515.0,4257.91015625,,17719.30078125,7460.10009765625,4201.41015625,,17631.94921875,7507.10009765625,4227.39990234375,,17711.650390625,630220500.0,4630200000.0,,311200.0
2022-08-12,7500.89990234375,4280.14990234375,28546.98046875,17698.150390625,7516.7998046875,4280.47021484375,28546.98046875,17724.650390625,7464.10009765625,4219.77978515625,28207.859375,17597.849609375,7465.89990234375,4225.02001953125,28251.740234375,17659.650390625,497719500.0,3788010000.0,89600000.0,303900.0
2022-08-15,7509.2001953125,4297.14013671875,28871.779296875,,7539.2001953125,4301.7900390625,28897.0703125,,7463.5,4256.89990234375,28623.779296875,,7500.89990234375,4269.3701171875,28623.779296875,,460509300.0,3696830000.0,53700000.0,
2022-08-16,7536.10009765625,4305.2001953125,28868.91015625,17825.25,7563.7001953125,4325.27978515625,28928.16015625,17839.099609375,7509.2001953125,4277.77001953125,28752.880859375,17764.05078125,7509.2001953125,4290.4599609375,28829.529296875,17797.19921875,514362800.0,4329820000.0,50100000.0,0.0
2022-08-17,7515.7998046875,4274.0400390625,29222.76953125,17944.25,7554.0,4302.18017578125,29222.76953125,17965.94921875,7501.5,4253.080078125,28944.7109375,17833.349609375,7536.10009765625,4280.39990234375,28952.650390625,17868.150390625,505660900.0,3885030000.0,66600000.0,262800.0
2022-08-18,7541.89990234375,4283.740234375,28942.140625,17956.5,7541.89990234375,4292.52978515625,28999.640625,17968.44921875,7493.7001953125,4261.97998046875,28846.51953125,17852.05078125,7515.7998046875,4273.1298828125,28957.400390625,17898.650390625,606626300.0,3340330000.0,47400000.0,263900.0
2022-08-19,7550.39990234375,4228.47998046875,28930.330078125,17758.44921875,7578.89990234375,4266.31005859375,29150.80078125,17992.19921875,7513.2998046875,4218.7001953125,28913.05078125,17710.75,7541.89990234375,4266.31005859375,29095.7109375,17966.55078125,726312000.0,3761340000.0,48400000.0,295600.0
2022-08-22,7533.7998046875,4137.990234375,28794.5,17490.69921875,7550.39990234375,4195.080078125,28828.2109375,17690.05078125,7491.2998046875,4129.85986328125,28586.359375,17467.349609375,7550.39990234375,4195.080078125,28654.0703125,17682.900390625,575411700.0,3907430000.0,49200000.0,287600.0
2022-08-23,7488.10009765625,4128.72998046875,28452.75,17577.5,7533.7998046875,4159.77001953125,28580.19921875,17625.55078125,7467.60009765625,4124.02978515625,28395.30078125,17345.19921875,7533.7998046875,4133.08984375,28580.19921875,17357.349609375,673045500.0,3823520000.0,55700000.0,285600.0
2022-08-24,7471.5,4140.77001953125,28313.470703125,17604.94921875,7488.10009765625,4156.56005859375,28515.609375,17623.650390625,7410.39990234375,4119.97021484375,28282.2109375,17499.25,7488.10009765625,4126.5498046875,28481.33984375,17525.44921875,579010600.0,3583630000.0,62000000.0,262000.0
2022-08-25,7479.7001953125,4199.1201171875,28479.009765625,17522.44921875,7535.7001953125,4200.5400390625,28534.7109375,17726.5,7469.2001953125,4147.58984375,28357.029296875,17487.44921875,7471.5,4153.259765625,28415.109375,17679.0,438562000.0,3566870000.0,53700000.0,230200.0
2022-08-26,7427.2998046875,4057.659912109375,28641.380859375,17558.900390625,7530.7001953125,4203.0400390625,28792.9296875,17685.849609375,7422.0,4057.659912109375,28608.69921875,17519.349609375,7479.7001953125,4198.740234375,28639.470703125,17619.30078125,627296800.0,3832750000.0,49100000.0,266600.0
2022-08-29,,4030.610107421875,27878.9609375,17312.900390625,,4062.989990234375,28179.08984375,17380.150390625,,4017.419921875,27788.119140625,17166.19921875,,4034.580078125,28161.060546875,17188.650390625,,3396510000.0,64100000.0,244900.0
2022-08-30,7361.60009765625,3986.159912109375,28195.580078125,17759.30078125,7486.39990234375,4044.97998046875,28233.80078125,17777.650390625,7351.10009765625,3965.2099609375,27944.25,17401.5,7427.2998046875,4041.25,28086.720703125,17414.94921875,1120430700.0,3835860000.0,60700000.0,324700.0
2022-08-31,7284.2001953125,3955.0,28091.529296875,,7378.39990234375,4015.3701171875,28104.80078125,,7263.60009765625,3954.530029296875,27906.169921875,,7361.60009765625,4000.669921875,27928.08984375,,1154010300.0,4542490000.0,86200000.0,
2022-09-01,7148.5,3966.85009765625,27661.470703125,17542.80078125,7284.2001953125,3970.22998046875,27832.779296875,17695.599609375,7131.7001953125,3903.64990234375,27589.69921875,17468.44921875,7284.2001953125,3936.72998046875,27797.0,17485.69921875,746248100.0,4152250000.0,68900000.0,308500.0
2022-09-02,7281.2001953125,3924.260009765625,27650.83984375,17539.44921875,7288.7001953125,4018.429931640625,27772.369140625,17643.849609375,7148.5,3906.2099609375,27570.740234375,17476.44921875,7148.5,3994.659912109375,27755.599609375,17598.400390625,820948300.0,3665850000.0,58800000.0,256300.0
2022-09-05,7287.39990234375,,27619.609375,17665.80078125,7288.5,,27673.439453125,17683.150390625,7191.2001953125,,27511.6796875,17540.349609375,7281.2001953125,,27567.2890625,17546.44921875,670793100.0,,47100000.0,230300.0
2022-09-06,7300.39990234375,3908.18994140625,27626.509765625,17655.599609375,7324.2001953125,3942.550048828125,27813.779296875,17764.650390625,7256.5,3886.75,27557.990234375,17587.650390625,7287.39990234375,3930.889892578125,27650.150390625,17695.69921875,836364000.0,4127340000.0,46300000.0,251200.0
2022-09-07,7237.7998046875,3979.8701171875,27430.30078125,17624.400390625,7300.39990234375,3987.889892578125,27546.009765625,17650.75,7186.60009765625,3906.030029296875,27268.69921875,17484.30078125,7300.39990234375,3909.429931640625,27546.009765625,17519.400390625,1176357500.0,3890320000.0,69400000.0,354100.0
2022-09-08,7262.10009765625,4006.179931640625,28065.279296875,17798.75,7273.0,4010.5,28083.7890625,17807.650390625,7175.7998046875,3944.81005859375,27718.30078125,17691.94921875,7237.7998046875,3959.93994140625,27732.6796875,17748.150390625,676276000.0,3966850000.0,75200000.0,279800.0
2022-09-09,7351.10009765625,4067.360107421875,28214.75,17833.349609375,7386.60009765625,4076.81005859375,28286.01953125,17925.94921875,7262.10009765625,4022.93994140625,28091.380859375,17786.0,7262.10009765625,4022.93994140625,28204.7109375,17923.349609375,703941600.0,3901940000.0,74000000.0,270300.0
2022-09-12,7473.0,4110.41015625,28542.109375,17936.349609375,7483.0,4119.27978515625,28612.890625,17980.55078125,7351.10009765625,4083.669921875,28438.369140625,17889.150390625,7351.10009765625,4083.669921875,28483.58984375,17890.849609375,903301500.0,3814200000.0,50500000.0,228200.0
2022-09-13,7385.89990234375,3932.68994140625,28614.630859375,18070.05078125,7514.0,4037.1201171875,28659.759765625,18088.30078125,7385.89990234375,3921.280029296875,28530.359375,18015.44921875,7473.0,4037.1201171875,28556.2109375,18044.44921875,712367700.0,4224550000.0,51700000.0,259900.0
2022-09-14,7277.2998046875,3946.010009765625,27818.619140625,18003.75,7385.89990234375,3961.93994140625,28141.919921875,18091.55078125,7259.2001953125,3912.179931640625,27795.640625,17771.150390625,7385.89990234375,3940.72998046875,28132.69921875,17771.150390625,1021172400.0,4293240000.0,70900000.0,365900.0
2022-09-15,7282.10009765625,3901.35009765625,27875.91015625,17877.400390625,7329.0,3959.139892578125,27946.19921875,18096.150390625,7258.7001953125,3888.280029296875,27801.439453125,17861.5,7277.2998046875,3932.409912109375,27873.9609375,18046.349609375,843763100.0,4441830000.0,48700000.0,289600.0
2022-09-16,7236.7001953125,3873.330078125,27567.650390625,17530.849609375,7297.10009765625,3880.949951171875,27654.990234375,17820.05078125,7236.2001953125,3837.080078125,27525.6796875,17497.25,7282.10009765625,3880.949951171875,27631.390625,17796.80078125,2140678300.0,7954650000.0,81600000.0,468500.0
2022-09-19,,3899.889892578125,,17622.25,,3900.449951171875,,17667.19921875,,3838.5,,17429.69921875,,3849.909912109375,,17540.650390625,,3766850000.0,,258300.0
2022-09-20,7192.7001953125,3855.929931640625,27688.419921875,17816.25,7326.5,3876.010009765625,27907.44921875,17919.30078125,7171.2001953125,3827.5400390625,27627.859375,17744.400390625,7236.7001953125,3875.22998046875,27788.6796875,17770.400390625,1046871600.0,4058050000.0,60000000.0,263100.0
2022-09-21,7237.60009765625,3789.929931640625,27313.130859375,17718.349609375,7258.89990234375,3907.070068359375,27467.33984375,17838.69921875,7170.7001953125,3789.489990234375,27297.5,17663.599609375,7192.7001953125,3871.39990234375,27440.83984375,17766.349609375,1446128700.0,4078330000.0,65500000.0,245500.0
2022-09-22,7159.5,3757.989990234375,27153.830078125,17629.80078125,7243.89990234375,3790.89990234375,27197.0703125,17722.75,7149.60009765625,3749.449951171875,26955.1796875,17532.44921875,7237.60009765625,3782.360107421875,27053.580078125,17609.650390625,906687400.0,4284600000.0,62200000.0,284100.0
2022-09-23,7018.60009765625,3693.22998046875,,17327.349609375,7169.10009765625,3727.139892578125,,17642.150390625,6981.5,3647.469970703125,,17291.650390625,7159.5,3727.139892578125,,17593.849609375,982104000.0,5144270000.0,,390800.0
2022-09-26,7021.0,3655.0400390625,26431.55078125,17016.30078125,7071.10009765625,3715.669921875,26779.439453125,17196.400390625,6937.39990234375,3644.760009765625,26424.599609375,16978.30078125,7018.60009765625,3682.719970703125,26779.439453125,17156.30078125,1161459400.0,4886140000.0,96500000.0,492000.0
2022-09-27,6984.60009765625,3647.2900390625,26571.869140625,17007.400390625,7074.0,3717.530029296875,26680.19921875,17176.44921875,6984.60009765625,3623.2900390625,26523.76953125,16942.349609375,7021.0,3686.43994140625,26585.380859375,17110.900390625,1223459100.0,4577740000.0,66800000.0,359900.0
2022-09-28,7005.39990234375,3719.0400390625,26173.98046875,16858.599609375,7011.5,3736.739990234375,26516.3203125,17037.599609375,6836.2998046875,3640.610107421875,25938.359375,16820.400390625,6984.60009765625,3651.93994140625,26422.859375,16870.55078125,1525149400.0,4684850000.0,92900000.0,323900.0
2022-09-29,6881.60009765625,3640.469970703125,26422.05078125,16818.099609375,7005.39990234375,3687.010009765625,26458.669921875,17026.05078125,6829.2998046875,3610.39990234375,26221.779296875,16788.599609375,7005.39990234375,3687.010009765625,26280.5,16993.599609375,1165954500.0,4681810000.0,88900000.0,340000.0
2022-09-30,6893.7998046875,3585.6201171875,25937.2109375,17094.349609375,6954.89990234375,3671.43994140625,26273.650390625,17187.099609375,6840.10009765625,3584.1298828125,25805.58984375,16747.69921875,6881.60009765625,3633.47998046875,26240.0,16798.05078125,1171310300.0,5645360000.0,101300000.0,376100.0
2022-10-03,6908.7998046875,3678.429931640625,26215.7890625,16887.349609375,6923.7998046875,3698.35009765625,26223.83984375,17114.650390625,6797.39990234375,3604.929931640625,25621.9609375,16855.55078125,6893.7998046875,3609.780029296875,25778.94921875,17102.099609375,1216065800.0,4806680000.0,80700000.0,278400.0
2022-10-04,7086.5,3790.929931640625,26992.2109375,17274.30078125,7088.2001953125,3791.919921875,26994.439453125,17287.30078125,6908.7001953125,3726.4599609375,26633.51953125,17117.30078125,6908.7998046875,3726.4599609375,26653.490234375,17147.44921875,1121827800.0,5146580000.0,87100000.0,226000.0
2022-10-05,7052.60009765625,3783.280029296875,27120.529296875,,7086.5,3806.909912109375,27216.80078125,,6978.0,3722.659912109375,27030.55078125,,7086.5,3753.25,27211.3203125,,868625500.0,4293180000.0,73300000.0,
2022-10-06,6997.2998046875,3744.52001953125,27311.30078125,17331.80078125,7079.7001953125,3797.929931640625,27399.189453125,17428.80078125,6961.10009765625,3739.219970703125,27137.98046875,17315.650390625,7052.60009765625,3771.969970703125,27137.98046875,17379.25,995714800.0,4252100000.0,69400000.0,265500.0
2022-10-07,6991.10009765625,3639.659912109375,27116.109375,17314.650390625,7022.39990234375,3706.739990234375,27198.91015625,17337.349609375,6960.39990234375,3620.72998046875,26921.900390625,17216.94921875,6997.2998046875,3706.739990234375,26975.919921875,17287.19921875,807923600.0,4449660000.0,66700000.0,216300.0
2022-10-10,6959.2998046875,3612.389892578125,,17241.0,6999.2001953125,3652.169921875,,17280.150390625,6922.89990234375,3588.10009765625,,17064.69921875,6991.10009765625,3647.510009765625,,17094.349609375,918512600.0,3834320000.0,,234000.0
2022-10-11,6885.2001953125,3588.840087890625,26401.25,16983.55078125,6959.39990234375,3640.659912109375,26759.619140625,17261.80078125,6860.2998046875,3568.449951171875,26369.560546875,16950.30078125,6959.2998046875,3595.860107421875,26757.119140625,17256.05078125,813949300.0,4759030000.0,78900000.0,282600.0
2022-10-12,6826.2001953125,3577.030029296875,26396.830078125,17123.599609375,6916.89990234375,3608.340087890625,26495.75,17142.349609375,6793.7998046875,3573.860107421875,26313.41015625,16960.05078125,6885.2001953125,3590.830078125,26353.220703125,17025.55078125,973810400.0,4006830000.0,68800000.0,256000.0
2022-10-13,6850.2998046875,3669.909912109375,26237.419921875,17014.349609375,6872.89990234375,3685.409912109375,26408.310546875,17112.349609375,6707.60009765625,3491.580078125,26237.419921875,16956.94921875,6826.2001953125,3520.3701171875,26398.2890625,17087.349609375,1116625200.0,5021680000.0,59200000.0,266400.0
2022-10-14,6858.7998046875,3583.070068359375,27090.759765625,17185.69921875,6976.2998046875,3712.0,27180.16015625,17348.55078125,6850.2998046875,3579.679931640625,26595.349609375,17169.75,6850.2998046875,3690.409912109375,26599.3203125,17322.30078125,881210300.0,4243030000.0,82400000.0,227000.0
2022-10-17,6920.2001953125,3677.949951171875,26775.7890625,17311.80078125,6959.7001953125,3689.72998046875,26814.919921875,17328.55078125,6850.39990234375,3638.64990234375,26649.130859375,17098.55078125,6858.7998046875,3638.64990234375,26785.01953125,17144.80078125,951222700.0,4352780000.0,65300000.0,212200.0
2022-10-18,6936.7001953125,3719.97998046875,27156.140625,17486.94921875,7017.39990234375,3762.7900390625,27229.880859375,17527.80078125,6920.2001953125,3686.530029296875,26910.099609375,17434.05078125,6920.2001953125,3746.260009765625,27167.73046875,17438.75,932599200.0,4483740000.0,66100000.0,239500.0
2022-10-19,6925.0,3695.159912109375,27257.380859375,17512.25,6968.2998046875,3728.580078125,27371.380859375,17607.599609375,6890.7001953125,3666.510009765625,27192.7890625,17472.849609375,6936.7001953125,3703.110107421875,27225.169921875,17568.150390625,699543100.0,4223800000.0,57600000.0,210500.0
2022-10-20,6943.89990234375,3665.780029296875,27006.9609375,17563.94921875,6954.2001953125,3736.0,27092.55078125,17584.150390625,6894.89990234375,3656.43994140625,26872.44921875,17421.0,6925.0,3689.050048828125,26981.75,17423.099609375,814484300.0,4496620000.0,60300000.0,249600.0
2022-10-21,6969.7001953125,3752.75,26890.580078125,17576.30078125,6976.2001953125,3757.889892578125,26985.380859375,17670.150390625,6864.10009765625,3647.419921875,26869.380859375,17520.75,6943.89990234375,3657.10009765625,26903.5,17622.849609375,668448000.0,5078020000.0,56300000.0,277700.0
2022-10-24,7014.0,3797.340087890625,26974.900390625,17730.75,7047.39990234375,3810.739990234375,27308.970703125,17777.55078125,6914.7001953125,3741.64990234375,26974.900390625,17707.400390625,6969.7001953125,3762.010009765625,27233.0,17736.349609375,620033900.0,4747930000.0,59100000.0,45000.0
2022-10-25,7013.5,3859.110107421875,27250.279296875,17656.349609375,7025.2001953125,3862.85009765625,27337.80078125,17811.5,6949.2001953125,3799.43994140625,27073.1796875,17637.0,7014.0,3799.43994140625,27113.19921875,17808.30078125,621328900.0,4843120000.0,62200000.0,251400.0
2022-10-26,7056.10009765625,3830.60009765625,27431.83984375,,7057.39990234375,3886.14990234375,27578.05078125,,6960.10009765625,3824.070068359375,27404.900390625,,7013.5,3825.969970703125,27410.640625,,1054624200.0,4817310000.0,61000000.0,
2022-10-27,7073.7001953125,3807.300048828125,27345.240234375,17736.94921875,7093.10009765625,3859.949951171875,27450.259765625,17783.900390625,7034.2001953125,3803.7900390625,27330.7890625,17654.5,7056.10009765625,3834.68994140625,27407.23046875,17771.400390625,920365100.0,4687320000.0,65400000.0,324600.0
2022-10-28,7047.7001953125,3901.06005859375,27105.19921875,17786.80078125,7073.7001953125,3905.419921875,27265.4609375,17838.900390625,6997.5,3808.260009765625,26981.080078125,17723.69921875,7073.7001953125,3808.260009765625,27097.380859375,17756.400390625,683640200.0,4459410000.0,144600000.0,250000.0
2022-10-31,7094.5,3871.97998046875,27587.4609375,18012.19921875,7132.89990234375,3893.72998046875,27602.990234375,18022.80078125,7030.10009765625,3863.179931640625,27392.990234375,17899.900390625,7047.7001953125,3881.85009765625,27404.30078125,17910.19921875,881761300.0,4820620000.0,71100000.0,227200.0
2022-11-01,7186.2001953125,3856.10009765625,27678.919921875,18145.400390625,7221.2998046875,3911.7900390625,27682.970703125,18175.80078125,7094.5,3843.800048828125,27526.1796875,18060.150390625,7094.5,3901.7900390625,27614.640625,18130.69921875,879817800.0,4481210000.0,72600000.0,349900.0
2022-11-02,7144.10009765625,3759.68994140625,27663.390625,18082.849609375,7205.10009765625,3894.43994140625,27692.55078125,18178.75,7130.5,3758.679931640625,27546.880859375,18048.650390625,7186.2001953125,3852.89990234375,27562.30078125,18177.900390625,688038000.0,4899000000.0,86600000.0,270900.0
2022-11-03,7188.60009765625,3719.889892578125,,18052.69921875,7188.60009765625,3750.590087890625,,18106.30078125,7076.5,3698.14990234375,,17959.19921875,7144.10009765625,3733.25,,17968.349609375,721711200.0,4625290000.0,,213000.0
2022-11-04,7334.7998046875,3770.550048828125,27199.740234375,18117.150390625,7376.2001953125,3796.340087890625,27389.30078125,18135.099609375,7188.60009765625,3708.840087890625,27032.01953125,18017.150390625,7188.60009765625,3766.97998046875,27371.890625,18053.400390625,960620800.0,5400180000.0,111100000.0,267900.0
2022-11-07,7300.0,3806.800048828125,27527.640625,18202.80078125,7346.7001953125,3813.949951171875,27578.009765625,18255.5,7288.0,3764.699951171875,27357.529296875,18064.75,7334.7998046875,3780.7099609375,27406.779296875,18211.75,718412900.0,4341620000.0,78900000.0,314800.0
2022-11-08,7306.10009765625,3828.110107421875,27872.109375,,7313.5,3859.39990234375,27943.26953125,,7244.7998046875,3786.280029296875,27704.640625,,7300.0,3817.02001953125,27718.83984375,,959888700.0,4607640000.0,84400000.0,
2022-11-09,7296.2998046875,3748.570068359375,27716.4296875,18157.0,7307.7998046875,3818.199951171875,27926.51953125,18296.400390625,7263.5,3744.219970703125,27688.859375,18117.5,7306.10009765625,3810.93994140625,27884.55078125,18288.25,529922700.0,4645010000.0,79100000.0,307200.0
2022-11-10,7375.2998046875,3956.3701171875,27446.099609375,18028.19921875,7405.10009765625,3958.330078125,27485.380859375,18103.099609375,7253.39990234375,3859.889892578125,27370.619140625,17969.400390625,7296.2998046875,3859.889892578125,27459.080078125,18044.349609375,769446200.0,5781260000.0,77100000.0,256500.0
2022-11-11,7318.0,3992.929931640625,28263.5703125,18349.69921875,7408.60009765625,4001.47998046875,28329.5390625,18362.30078125,7316.7998046875,3944.820068359375,27837.08984375,18259.349609375,7375.2998046875,3963.719970703125,27868.689453125,18272.349609375,931267700.0,5593310000.0,103700000.0,378500.0
2022-11-14,7385.2001953125,3957.25,27963.470703125,18329.150390625,7413.7998046875,4008.969970703125,28305.0390625,18399.44921875,7317.60009765625,3956.39990234375,27963.470703125,18311.400390625,7318.0,3977.969970703125,28277.640625,18376.400390625,732981800.0,4561930000.0,85100000.0,301400.0
2022-11-15,7369.39990234375,3991.72998046875,27990.169921875,18403.400390625,7413.0,4028.840087890625,28038.630859375,18427.94921875,7344.89990234375,3953.169921875,27903.26953125,18282.0,7385.2001953125,4006.409912109375,27940.259765625,18362.75,939772400.0,5015310000.0,71200000.0,250900.0
2022-11-16,7351.2001953125,3958.7900390625,28028.30078125,18409.650390625,7394.39990234375,3983.090087890625,28069.25,18442.150390625,7341.60009765625,3954.340087890625,27743.150390625,18344.150390625,7369.39990234375,3976.820068359375,28020.490234375,18398.25,765409500.0,4165320000.0,73200000.0,219300.0
2022-11-17,7346.5,3946.56005859375,27930.5703125,18343.900390625,7354.10009765625,3954.330078125,28029.619140625,18417.599609375,7294.7998046875,3906.5400390625,27910.009765625,18312.94921875,7351.2001953125,3919.260009765625,27952.2109375,18358.69921875,752043800.0,4051780000.0,58900000.0,200500.0
2022-11-18,7385.5,3965.340087890625,27899.76953125,18307.650390625,7423.5,3979.889892578125,28045.439453125,18394.599609375,7343.5,3935.97998046875,27877.779296875,18209.80078125,7346.5,3966.389892578125,28009.8203125,18382.94921875,844911100.0,4037360000.0,64800000.0,198800.0
2022-11-21,7376.89990234375,3949.93994140625,27944.7890625,18159.94921875,7402.7998046875,3962.0,28007.060546875,18262.30078125,7343.39990234375,3933.340087890625,27846.30078125,18133.349609375,7385.5,3956.22998046875,27982.0,18246.400390625,666262800.0,3850690000.0,56500000.0,213800.0
2022-11-22,7452.7998046875,4003.580078125,28115.740234375,18244.19921875,7458.89990234375,4005.8798828125,28203.349609375,18261.849609375,7373.60009765625,3956.8798828125,28038.16015625,18137.69921875,7376.89990234375,3965.510009765625,28059.509765625,18179.150390625,575525600.0,3887990000.0,75900000.0,177700.0
2022-11-23,7465.2001953125,4027.260009765625,,18267.25,7498.2998046875,4033.780029296875,,18325.400390625,7452.7998046875,3998.659912109375,,18246.0,7452.7998046875,4000.300048828125,,18325.19921875,872545100.0,3279720000.0,,178800.0
2022-11-24,7466.60009765625,,28383.08984375,18484.099609375,7488.10009765625,,28502.2890625,18529.69921875,7443.5,,28363.66015625,18294.25,7465.2001953125,,28373.720703125,18326.099609375,418286100.0,,83900000.0,204000.0
2022-11-25,7486.7001953125,4026.1201171875,28283.029296875,18512.75,7497.2001953125,4034.02001953125,28399.880859375,18534.900390625,7461.7998046875,4020.760009765625,28263.599609375,18445.099609375,7466.60009765625,4023.340087890625,28398.76953125,18528.44921875,522719700.0,1706460000.0,56800000.0,205900.0
2022-11-28,7474.0,3963.93994140625,28162.830078125,18562.75,7496.7998046875,4012.27001953125,28238.5,18614.25,7420.0,3955.77001953125,28046.3203125,18365.599609375,7486.7001953125,4005.360107421875,28220.560546875,18430.55078125,662622600.0,3615430000.0,64600000.0,206500.0
2022-11-29,7512.0,3957.6298828125,28027.83984375,18618.05078125,7543.10009765625,3976.77001953125,28055.91015625,18678.099609375,7474.0,3937.64990234375,27899.98046875,18552.150390625,7474.0,3964.18994140625,27991.5,18552.44921875,714685200.0,3546040000.0,64800000.0,195300.0
2022-11-30,7573.10009765625,4080.110107421875,27968.990234375,18758.349609375,7599.2998046875,4080.110107421875,27972.890625,18816.05078125,7512.0,3938.580078125,27802.7109375,18616.55078125,7512.0,3957.179931640625,27886.669921875,18625.69921875,1394738300.0,6579360000.0,106600000.0,345600.0
2022-12-01,7558.5,4076.570068359375,28226.080078125,18812.5,7599.7001953125,4100.509765625,28423.4609375,18887.599609375,7552.2998046875,4050.8701171875,28226.080078125,18778.19921875,7573.10009765625,4087.139892578125,28273.130859375,18871.94921875,642843000.0,4527130000.0,71400000.0,325000.0
2022-12-02,7556.2001953125,4071.699951171875,27777.900390625,18696.099609375,7570.5,4080.47998046875,27983.1796875,18781.94921875,7508.0,4026.6298828125,27662.119140625,18639.19921875,7558.5,4040.169921875,27983.1796875,18752.400390625,540219900.0,4012620000.0,79400000.0,254400.0
2022-12-05,7567.5,3998.840087890625,27820.400390625,18701.05078125,7598.2001953125,4052.449951171875,27854.109375,18728.599609375,7547.7998046875,3984.489990234375,27700.859375,18591.349609375,7556.2001953125,4052.02001953125,27752.990234375,18719.55078125,509145400.0,4280820000.0,63900000.0,288400.0
2022-12-06,7521.39990234375,3941.260009765625,27885.869140625,18642.75,7567.60009765625,4001.510009765625,27934.0703125,18654.900390625,7521.39990234375,3918.389892578125,27698.310546875,18577.900390625,7567.5,3996.6298828125,27704.060546875,18600.650390625,805368600.0,4368380000.0,60400000.0,217800.0
2022-12-07,7489.2001953125,3933.919921875,27686.400390625,18560.5,7567.2001953125,3957.570068359375,27786.25,18668.30078125,7489.2001953125,3922.679931640625,27646.779296875,18528.400390625,7521.39990234375,3933.280029296875,27670.2890625,18638.849609375,727846100.0,4118050000.0,63000000.0,200500.0
2022-12-08,7472.2001953125,3963.510009765625,27574.4296875,18609.349609375,7508.0,3974.18994140625,27643.640625,18625.0,7469.10009765625,3935.830078125,27415.66015625,18536.94921875,7489.2001953125,3947.7900390625,27622.30078125,18570.849609375,637244700.0,4006900000.0,64900000.0,202800.0
2022-12-09,7476.60009765625,3934.3798828125,27901.009765625,18496.599609375,7498.0,3977.02001953125,27952.80078125,18664.69921875,7431.39990234375,3933.0400390625,27633.9609375,18410.099609375,7472.2001953125,3954.169921875,27633.9609375,18662.400390625,741398100.0,3888260000.0,70200000.0,215800.0
2022-12-12,7446.0,3990.56005859375,27842.330078125,18497.150390625,7476.60009765625,3990.7099609375,27865.720703125,18521.55078125,7438.89990234375,3935.300048828125,27734.66015625,18345.69921875,7476.60009765625,3939.2900390625,27741.099609375,18402.150390625,606464000.0,3904130000.0,49600000.0,193900.0
2022-12-13,7502.89990234375,4019.64990234375,27954.849609375,18608.0,7553.39990234375,4100.9599609375,28116.560546875,18617.25,7429.0,3993.030029296875,27907.490234375,18490.19921875,7446.0,4069.3798828125,28067.369140625,18524.400390625,688121300.0,5079360000.0,51900000.0,187600.0
2022-12-14,7495.89990234375,3995.320068359375,28156.2109375,18660.30078125,7504.5,4053.760009765625,28195.689453125,18696.099609375,7461.7001953125,3965.64990234375,27993.779296875,18632.900390625,7502.89990234375,4015.5400390625,28005.029296875,18671.25,745004400.0,4472340000.0,54800000.0,208000.0
2022-12-15,7426.2001953125,3895.75,28051.69921875,18414.900390625,7495.89990234375,3958.3701171875,28163.169921875,18652.900390625,7411.10009765625,3879.449951171875,27987.5390625,18387.69921875,7495.89990234375,3958.3701171875,27991.140625,18614.400390625,616549200.0,4493900000.0,51100000.0,183100.0
2022-12-16,7332.10009765625,3852.360107421875,27527.119140625,18269.0,7429.2998046875,3890.909912109375,27713.0390625,18440.94921875,7305.7001953125,3827.909912109375,27488.830078125,18255.150390625,7426.2001953125,3890.909912109375,27706.69921875,18319.099609375,1834745500.0,7493660000.0,83800000.0,277700.0
2022-12-19,7361.2998046875,3817.659912109375,27237.640625,18420.44921875,7385.39990234375,3854.860107421875,27349.580078125,18431.650390625,7332.10009765625,3800.0400390625,27165.779296875,18244.55078125,7332.10009765625,3853.7900390625,27279.919921875,18288.099609375,517840400.0,3969610000.0,58200000.0,154800.0
2022-12-20,7370.60009765625,3821.6201171875,26568.029296875,18385.30078125,7389.89990234375,3838.239990234375,27339.490234375,18404.900390625,7302.7998046875,3795.6201171875,26416.91015625,18202.650390625,7361.2998046875,3810.469970703125,27257.349609375,18340.30078125,799491300.0,3985370000.0,118500000.0,169000.0
2022-12-21,7497.2998046875,3878.43994140625,26387.720703125,18199.099609375,7498.5,3889.820068359375,26616.279296875,18473.349609375,7368.7001953125,3839.489990234375,26269.80078125,18162.75,7370.60009765625,3839.489990234375,26547.169921875,18435.150390625,499178500.0,3775200000.0,119200000.0,187600.0
2022-12-22,7469.2998046875,3822.389892578125,26507.869140625,18127.349609375,7540.2998046875,3853.260009765625,26585.279296875,18318.75,7463.5,3764.489990234375,26399.310546875,18068.599609375,7497.2998046875,3853.260009765625,26552.4296875,18288.80078125,402305900.0,3956950000.0,73400000.0,195700.0
2022-12-23,7473.0,3844.820068359375,26235.25,17806.80078125,7496.39990234375,3845.800048828125,26291.98046875,18050.44921875,7462.7998046875,3797.010009765625,26106.380859375,17779.5,7469.2998046875,3815.110107421875,26207.76953125,17977.650390625,222853700.0,2819280000.0,75700000.0,221500.0
2022-12-26,,,26405.869140625,18014.599609375,,,26438.650390625,18084.099609375,,,26294.849609375,17774.25,,,26299.5390625,17830.400390625,,,47300000.0,176700.0
2022-12-27,,3829.25,26447.869140625,18132.30078125,,3846.64990234375,26620.490234375,18149.25,,3813.219970703125,26447.869140625,17967.44921875,,3843.340087890625,26570.779296875,18089.80078125,,3030300000.0,50200000.0,214300.0
2022-12-28,7497.2001953125,3783.219970703125,26340.5,18122.5,7547.0,3848.320068359375,26354.26953125,18173.099609375,7473.0,3780.780029296875,26199.669921875,18068.349609375,7473.0,3829.56005859375,26309.33984375,18084.75,416900400.0,3083520000.0,61500000.0,193900.0
2022-12-29,7512.7001953125,3849.280029296875,26093.669921875,18191.0,7516.39990234375,3858.18994140625,26126.69921875,18229.69921875,7434.60009765625,3805.449951171875,25953.919921875,17992.80078125,7497.2001953125,3805.449951171875,26074.900390625,18045.69921875,351759900.0,3003680000.0,63100000.0,281100.0
2022-12-30,7451.7001953125,3839.5,26094.5,18105.30078125,7512.89990234375,3839.85009765625,26321.369140625,18265.25,7451.7001953125,3800.340087890625,26067.919921875,18080.30078125,7512.7001953125,3829.06005859375,26288.0,18259.099609375,254135300.0,2979870000.0,52700000.0,192000.0
2023-01-02,,,,18197.44921875,,,,18215.150390625,,,,18086.5,,,,18131.69921875,,,,256100.0
2023-01-03,7554.10009765625,3824.139892578125,,18232.55078125,7626.39990234375,3878.4599609375,,18251.94921875,7448.7001953125,3794.330078125,,18149.80078125,7451.7001953125,3853.2900390625,,18163.19921875,914070400.0,3959140000.0,,208700.0
2023-01-04,7585.2001953125,3852.969970703125,25716.859375,18042.94921875,7609.2998046875,3873.159912109375,25840.6796875,18243.0,7545.2001953125,3815.77001953125,25661.890625,18020.599609375,7554.10009765625,3840.360107421875,25834.9296875,18230.650390625,753877000.0,4414080000.0,83300000.0,235200.0
2023-01-05,7633.5,3808.10009765625,25820.80078125,17992.150390625,7658.7998046875,3839.739990234375,25947.099609375,18120.30078125,7564.7001953125,3802.419921875,25750.4609375,17892.599609375,7585.2001953125,3839.739990234375,25825.5,18101.94921875,883850800.0,3893450000.0,72300000.0,269900.0
2023-01-06,7699.5,3895.080078125,25973.849609375,17859.44921875,7700.7998046875,3906.18994140625,26034.060546875,18047.400390625,7633.5,3809.56005859375,25719.609375,17795.55078125,7633.5,3823.3701171875,25740.080078125,18008.05078125,813538800.0,3923560000.0,68200000.0,238200.0
2023-01-09,7724.89990234375,3892.090087890625,,18101.19921875,7725.7001953125,3950.570068359375,,18141.400390625,7688.7001953125,3890.419921875,,17936.150390625,7699.5,3910.820068359375,,17952.55078125,847858600.0,4311770000.0,,257200.0
2023-01-10,7694.5,3919.25,26175.560546875,17914.150390625,7724.89990234375,3919.830078125,26316.66015625,18127.599609375,7684.39990234375,3877.2900390625,26132.80078125,17856.0,7724.89990234375,3888.570068359375,26176.609375,18121.30078125,933139900.0,3851030000.0,71200000.0,283300.0
2023-01-11,7725.0,3969.610107421875,26446.0,17895.69921875,7772.39990234375,3970.070068359375,26479.990234375,17976.349609375,7694.39990234375,3928.5400390625,26332.05078125,17824.349609375,7694.5,3932.35009765625,26362.2109375,17924.25,1041280000.0,4303360000.0,62400000.0,259900.0
2023-01-12,7794.0,3983.169921875,26449.8203125,17858.19921875,7809.10009765625,3997.760009765625,26547.609375,17945.80078125,7724.60009765625,3937.56005859375,26381.9296875,17761.650390625,7725.0,3977.570068359375,26524.939453125,17920.849609375,738395600.0,4440260000.0,77000000.0,227800.0
2023-01-13,7844.10009765625,3999.090087890625,26119.51953125,17956.599609375,7865.0,4003.949951171875,26409.2109375,17999.349609375,7793.60009765625,3947.669921875,26090.83984375,17774.25,7794.0,3960.60009765625,26391.779296875,17867.5,754267100.0,3939700000.0,98300000.0,256700.0
2023-01-16,7860.10009765625,,25822.3203125,17894.849609375,7867.2001953125,,25938.0390625,18049.650390625,7841.89990234375,,25748.099609375,17853.650390625,7844.10009765625,,25836.669921875,18033.150390625,662559400.0,,71700000.0,206200.0
2023-01-17,7851.0,3990.969970703125,26138.6796875,18053.30078125,7875.60009765625,4015.389892578125,26198.689453125,18072.05078125,7830.39990234375,3984.570068359375,25895.30078125,17886.94921875,7860.10009765625,3999.280029296875,25915.509765625,17922.80078125,992753700.0,4235560000.0,68100000.0,219100.0
2023-01-18,7830.7001953125,3928.860107421875,26791.119140625,18165.349609375,7867.39990234375,4014.159912109375,26816.6796875,18183.75,7824.7001953125,3926.590087890625,26211.83984375,18032.44921875,7851.0,4002.25,26251.33984375,18074.30078125,963849600.0,4298710000.0,93400000.0,255800.0
2023-01-19,7747.2998046875,3898.85009765625,26405.23046875,18107.849609375,7830.7998046875,3922.93994140625,26592.869140625,18155.19921875,7726.2001953125,3885.5400390625,26368.970703125,18063.75,7830.7001953125,3911.840087890625,26541.080078125,18119.80078125,732044900.0,3991500000.0,68700000.0,237800.0
2023-01-20,7770.60009765625,3972.610107421875,26553.529296875,18027.650390625,7790.89990234375,3972.9599609375,26553.529296875,18145.44921875,7747.2998046875,3897.860107421875,26320.9609375,18016.19921875,7747.2998046875,3909.0400390625,26346.689453125,18115.599609375,801110300.0,4013360000.0,60400000.0,237200.0
2023-01-23,7784.7001953125,4019.81005859375,26906.0390625,18118.55078125,7811.2001953125,4039.31005859375,26938.279296875,18162.599609375,7768.5,3971.639892578125,26788.759765625,18063.44921875,7770.60009765625,3978.139892578125,26880.2109375,18118.44921875,562127700.0,3945210000.0,60200000.0,202500.0
2023-01-24,7757.39990234375,4016.949951171875,27299.189453125,18118.30078125,7800.89990234375,4023.919921875,27381.0,18201.25,7741.7998046875,3989.7900390625,27150.4296875,18078.650390625,7784.7001953125,4001.739990234375,27150.4296875,18183.94921875,754271900.0,3320430000.0,70800000.0,216900.0
2023-01-25,7744.89990234375,4016.219970703125,27395.009765625,17891.94921875,7773.60009765625,4019.550048828125,27473.900390625,18100.599609375,7710.7998046875,3949.06005859375,27175.880859375,17846.150390625,7757.39990234375,3982.7099609375,27175.880859375,18093.349609375,717266400.0,3724020000.0,63400000.0,257200.0
2023-01-26,7761.10009765625,4060.429931640625,27362.75,,7787.60009765625,4061.570068359375,27502.150390625,,7744.89990234375,4013.2900390625,27284.080078125,,7744.89990234375,4036.080078125,27444.640625,,828610300.0,3809590000.0,63300000.0,
2023-01-27,7765.2001953125,4070.56005859375,27382.560546875,17604.349609375,7777.39990234375,4094.2099609375,27452.669921875,17884.75,7742.10009765625,4048.699951171875,27326.91015625,17493.55078125,7761.10009765625,4053.719970703125,27428.41015625,17877.19921875,709941200.0,3907760000.0,71500000.0,476300.0
2023-01-30,7784.89990234375,4017.77001953125,27433.400390625,17648.94921875,7790.7001953125,4063.85009765625,27486.419921875,17709.150390625,7718.2998046875,4015.550048828125,27337.25,17405.55078125,7765.2001953125,4049.27001953125,27384.76953125,17541.94921875,1123538000.0,3802000000.0,65800000.0,432400.0
2023-01-31,7771.7001953125,4076.60009765625,27327.109375,17662.150390625,7784.89990234375,4077.159912109375,27494.169921875,17735.69921875,7708.2998046875,4020.43994140625,27302.220703125,17537.55078125,7784.89990234375,4020.85009765625,27458.560546875,17731.44921875,838335600.0,4679320000.0,74600000.0,398300.0
2023-02-01,7761.10009765625,4119.2099609375,27346.880859375,17616.30078125,7798.5,4148.9501953125,27547.669921875,17972.19921875,7745.39990234375,4037.199951171875,27322.7890625,17353.400390625,7771.7001953125,4070.070068359375,27483.41015625,17811.599609375,924663100.0,4856930000.0,65800000.0,512900.0
2023-02-02,7820.2001953125,4179.759765625,27402.05078125,17610.400390625,7837.7998046875,4195.43994140625,27472.439453125,17653.900390625,7758.5,4141.8798828125,27338.4296875,17445.94921875,7761.10009765625,4158.68017578125,27453.669921875,17517.099609375,726760200.0,5624360000.0,73200000.0,490100.0
2023-02-03,7901.7998046875,4136.47998046875,27509.4609375,17854.05078125,7906.60009765625,4182.35986328125,27612.5703125,17870.30078125,7806.89990234375,4123.35986328125,27445.689453125,17584.19921875,7820.2001953125,4136.68994140625,27455.029296875,17721.75,713859100.0,4694510000.0,92800000.0,424100.0
2023-02-06,7836.7001953125,4111.080078125,27693.650390625,17764.599609375,7901.7998046875,4124.6298828125,27821.220703125,17823.69921875,7808.39990234375,4093.3798828125,27656.470703125,17698.349609375,7901.7998046875,4119.56982421875,27764.66015625,17818.55078125,665926500.0,4114240000.0,88400000.0,282500.0
2023-02-07,7864.7001953125,4164.0,27685.470703125,17721.5,7890.7998046875,4176.5400390625,27814.9609375,17811.150390625,7835.39990234375,4088.389892578125,27662.109375,17652.55078125,7836.7001953125,4105.35009765625,27744.900390625,17790.099609375,777311900.0,4355860000.0,74300000.0,354400.0
2023-02-08,7885.2001953125,4117.85986328125,27606.4609375,17871.69921875,7934.2998046875,4156.85009765625,27719.44921875,17898.69921875,7864.7001953125,4111.669921875,27458.529296875,17744.150390625,7864.7001953125,4153.47021484375,27690.740234375,17750.30078125,587150400.0,4029820000.0,69000000.0,291000.0
2023-02-09,7911.2001953125,4081.5,27584.349609375,17893.44921875,7949.60009765625,4156.22998046875,27635.380859375,17916.900390625,7874.2001953125,4069.669921875,27424.689453125,17779.80078125,7885.2001953125,4144.25,27453.400390625,17885.5,1061015400.0,4270200000.0,61700000.0,260900.0
2023-02-10,7882.5,4090.4599609375,27670.98046875,17856.5,7913.2998046875,4094.360107421875,27814.01953125,17876.94921875,7850.89990234375,4060.7900390625,27609.330078125,17801.0,7911.2001953125,4068.919921875,27711.25,17847.55078125,974265500.0,3891520000.0,88800000.0,232000.0
2023-02-13,7947.60009765625,4137.2900390625,27427.3203125,17770.900390625,7947.60009765625,4138.89990234375,27570.3203125,17880.69921875,7881.89990234375,4092.669921875,27266.939453125,17719.75,7882.5,4096.6201171875,27550.349609375,17859.099609375,570125100.0,3448620000.0,70400000.0,231300.0
2023-02-14,7953.89990234375,4136.1298828125,27602.76953125,17929.849609375,7996.39990234375,4159.77001953125,27721.8203125,17954.55078125,7947.60009765625,4095.010009765625,27553.1796875,17800.05078125,7947.60009765625,4126.7001953125,27705.369140625,17840.349609375,697856100.0,3929200000.0,55800000.0,244500.0
2023-02-15,7997.7998046875,4147.60009765625,27501.859375,18015.849609375,8003.7001953125,4148.10986328125,27720.26953125,18034.099609375,7921.2998046875,4103.97998046875,27444.130859375,17853.80078125,7953.89990234375,4119.5,27686.009765625,17896.599609375,841595900.0,4075980000.0,72100000.0,229300.0
2023-02-16,8012.5,4090.409912109375,27696.439453125,18035.849609375,8047.10009765625,4136.5400390625,27727.66015625,18134.75,7978.60009765625,4089.489990234375,27597.119140625,18000.650390625,7997.7998046875,4114.75,27654.720703125,18094.75,731954200.0,4143660000.0,68100000.0,230200.0
2023-02-17,8004.39990234375,4079.090087890625,27513.130859375,17944.19921875,8012.5,4081.510009765625,27608.58984375,18034.25,7957.7001953125,4047.949951171875,27466.609375,17884.599609375,8012.5,4077.389892578125,27484.599609375,17974.849609375,1270492000.0,4045480000.0,68800000.0,208100.0
2023-02-20,8014.2998046875,,27531.939453125,17844.599609375,8020.10009765625,,27531.939453125,18004.349609375,7995.5,,27426.48046875,17818.400390625,8004.39990234375,,27497.130859375,17965.55078125,696068100.0,,62500000.0,174600.0
2023-02-21,7977.7998046875,3997.340087890625,27473.099609375,17826.69921875,8014.39990234375,4052.35009765625,27538.2890625,17924.900390625,7952.5,3995.18994140625,27359.119140625,17800.30078125,8014.2998046875,4052.35009765625,27486.08984375,17905.80078125,889518400.0,4121590000.0,61600000.0,198200.0
2023-02-22,7930.60009765625,3991.050048828125,27104.3203125,17554.30078125,7977.7998046875,4017.3701171875,27300.529296875,17772.5,7879.0,3976.89990234375,27046.080078125,17529.44921875,7977.7998046875,4001.830078125,27265.990234375,17755.349609375,682684900.0,4079320000.0,74700000.0,204000.0
2023-02-23,7907.7001953125,4012.320068359375,,17511.25,7935.60009765625,4028.300048828125,,17620.05078125,7888.89990234375,3969.18994140625,,17455.400390625,7930.60009765625,4018.60009765625,,17574.650390625,974842600.0,3952940000.0,,240800.0
2023-02-24,7878.7001953125,3970.0400390625,27453.48046875,17465.80078125,7939.2001953125,3978.25,27465.900390625,17599.75,7870.39990234375,3943.080078125,27128.3203125,17421.80078125,7907.7001953125,3973.239990234375,27144.720703125,17591.349609375,879172000.0,3877700000.0,76000000.0,209400.0
2023-02-27,7935.10009765625,3982.239990234375,27423.9609375,17392.69921875,7950.0,4018.050048828125,27456.220703125,17451.599609375,7878.7001953125,3973.550048828125,27292.740234375,17299.0,7878.7001953125,3992.360107421875,27322.73046875,17428.599609375,755879000.0,3836950000.0,59400000.0,246400.0
2023-02-28,7876.2998046875,3970.14990234375,27445.560546875,17303.94921875,7935.10009765625,3997.5,27585.169921875,17440.44921875,7854.7998046875,3968.97998046875,27400.359375,17255.19921875,7935.10009765625,3977.18994140625,27515.33984375,17383.25,1246757900.0,5043400000.0,86300000.0,420900.0
2023-03-01,7914.89990234375,3951.389892578125,27516.529296875,17450.900390625,7950.7001953125,3971.72998046875,27530.759765625,17467.75,7874.2998046875,3939.050048828125,27305.369140625,17345.25,7876.2998046875,3963.340087890625,27363.5703125,17360.099609375,1202133000.0,4249480000.0,69800000.0,272900.0
2023-03-02,7944.0,3981.35009765625,27498.869140625,17321.900390625,7945.7998046875,3990.840087890625,27617.80078125,17445.80078125,7875.0,3928.159912109375,27408.5390625,17306.0,7914.89990234375,3938.679931640625,27564.8203125,17421.5,889732700.0,4244900000.0,69300000.0,310700.0
2023-03-03,7947.10009765625,4045.639892578125,27927.470703125,17594.349609375,7974.39990234375,4048.2900390625,27961.2109375,17644.75,7920.10009765625,3995.169921875,27655.33984375,17427.69921875,7944.0,3998.02001953125,27683.259765625,17451.25,644050800.0,4084730000.0,78200000.0,356200.0
2023-03-06,7929.7998046875,4048.419921875,28237.779296875,17711.44921875,7948.7001953125,4078.489990234375,28288.619140625,17799.94921875,7897.5,4044.610107421875,28153.8203125,17671.94921875,7947.10009765625,4055.14990234375,28182.310546875,17680.349609375,629550100.0,4000870000.0,65700000.0,362800.0
2023-03-07,7919.5,3986.3701171875,28309.16015625,,7959.7998046875,4050.0,28398.26953125,,7909.7998046875,3980.31005859375,28202.58984375,,7929.7998046875,4048.260009765625,28202.58984375,,869427500.0,3922500000.0,69800000.0,
2023-03-08,7929.89990234375,3992.010009765625,28444.189453125,17754.400390625,7946.60009765625,4000.409912109375,28469.41015625,17766.5,7891.39990234375,3969.760009765625,28232.6796875,17602.25,7919.5,3987.550048828125,28237.2109375,17665.75,770649400.0,3535570000.0,67200000.0,267000.0
2023-03-09,7880.0,3918.320068359375,28623.150390625,17589.599609375,7930.2998046875,4017.81005859375,28734.7890625,17772.349609375,7862.0,3908.699951171875,28558.880859375,17573.599609375,7929.89990234375,3998.659912109375,28648.109375,17772.05078125,839666000.0,4445260000.0,72300000.0,262400.0
2023-03-10,7748.39990234375,3861.590087890625,28143.970703125,17412.900390625,7880.0,3934.050048828125,28424.240234375,17451.5,7708.2998046875,3846.320068359375,28118.740234375,17324.349609375,7880.0,3912.77001953125,28385.2890625,17443.80078125,987132200.0,5518190000.0,111300000.0,235900.0
2023-03-13,7548.60009765625,3855.760009765625,27832.9609375,17154.30078125,7752.39990234375,3905.050048828125,27906.970703125,17529.900390625,7546.0,3808.860107421875,27631.529296875,17113.44921875,7748.39990234375,3835.1201171875,27886.2109375,17421.900390625,1201999000.0,6558020000.0,96100000.0,254900.0
2023-03-14,7637.10009765625,3919.2900390625,27222.0390625,17043.30078125,7641.60009765625,3937.2900390625,27455.94921875,17224.650390625,7503.2998046875,3873.6298828125,27104.75,16987.099609375,7548.60009765625,3894.010009765625,27455.94921875,17160.55078125,875583300.0,5665870000.0,125700000.0,290600.0
2023-03-15,7344.5,3891.929931640625,27229.48046875,16972.150390625,7637.39990234375,3894.260009765625,27424.939453125,17211.349609375,7333.39990234375,3838.239990234375,27105.990234375,16938.900390625,7637.10009765625,3876.739990234375,27421.66015625,17166.44921875,1340604500.0,6594010000.0,86600000.0,248200.0
2023-03-16,7410.0,3960.280029296875,27010.609375,16985.599609375,7458.60009765625,3964.4599609375,27057.5390625,17062.44921875,7331.5,3864.110107421875,26632.919921875,16850.150390625,7344.5,3878.929931640625,26796.669921875,16994.650390625,1196884100.0,5695790000.0,107100000.0,349800.0
2023-03-17,7335.39990234375,3916.639892578125,27333.7890625,17100.05078125,7510.5,3958.909912109375,27356.150390625,17145.80078125,7309.2998046875,3901.27001953125,27071.7109375,16958.150390625,7410.0,3958.68994140625,27232.23046875,17111.80078125,2095306400.0,9354280000.0,101500000.0,408100.0
2023-03-20,7403.89990234375,3951.570068359375,26945.669921875,16988.400390625,7426.2001953125,3956.6201171875,27367.1796875,17066.599609375,7206.7998046875,3916.889892578125,26945.669921875,16828.349609375,7335.39990234375,3917.469970703125,27253.73046875,17066.599609375,1084762200.0,5347140000.0,79200000.0,241800.0
2023-03-21,7536.2001953125,4002.8701171875,,17107.5,7557.60009765625,4009.080078125,,17127.69921875,7403.89990234375,3971.18994140625,,17016.0,7403.89990234375,3975.889892578125,,17060.400390625,801743800.0,4920240000.0,,246700.0
2023-03-22,7566.7998046875,3936.969970703125,27466.609375,17151.900390625,7585.60009765625,4039.489990234375,27520.970703125,17207.25,7505.5,3936.169921875,27267.259765625,17107.849609375,7536.2001953125,4002.0400390625,27298.150390625,17177.44921875,892439300.0,4533010000.0,78100000.0,0.0
2023-03-23,7499.60009765625,3948.719970703125,27419.609375,17076.900390625,7566.7998046875,4007.659912109375,27461.970703125,17205.400390625,7476.10009765625,3919.050048828125,27175.630859375,17045.30078125,7566.7998046875,3959.2099609375,27232.970703125,17097.400390625,1227843700.0,4991600000.0,64100000.0,219200.0
2023-03-24,7405.5,3970.989990234375,27385.25,16945.05078125,7499.60009765625,3972.739990234375,27397.2890625,17109.44921875,7335.7001953125,3909.159912109375,27257.439453125,16917.349609375,7499.60009765625,3939.2099609375,27368.619140625,17076.19921875,862536800.0,4583970000.0,59500000.0,228000.0
2023-03-27,7471.7998046875,3977.530029296875,27476.869140625,16985.69921875,7491.7001953125,4003.830078125,27543.48046875,17091.0,7405.5,3970.489990234375,27359.720703125,16918.55078125,7405.5,3982.929931640625,27482.390625,16984.30078125,703755400.0,4233540000.0,57400000.0,218400.0
2023-03-28,7484.2998046875,3971.27001953125,27518.25,16951.69921875,7524.60009765625,3979.199951171875,27603.44921875,17061.75,7464.60009765625,3951.530029296875,27432.759765625,16913.75,7471.7998046875,3974.1298828125,27573.8203125,17031.75,1159788800.0,4014600000.0,66400000.0,238800.0
2023-03-29,7564.2998046875,4027.81005859375,27883.779296875,17080.69921875,7566.7998046875,4030.590087890625,27897.720703125,17126.150390625,7484.2001953125,3999.530029296875,27505.48046875,16940.599609375,7484.2998046875,3999.530029296875,27549.369140625,16977.30078125,637649500.0,4145250000.0,83800000.0,345900.0
2023-03-30,7620.39990234375,4050.830078125,27782.9296875,,7638.5,4057.85009765625,27876.380859375,,7564.2998046875,4032.10009765625,27630.55078125,,7564.2998046875,4046.739990234375,27827.890625,,792010000.0,3930860000.0,82000000.0,
2023-03-31,7631.7001953125,4109.31005859375,28041.48046875,17359.75,7654.39990234375,4110.75,28124.619140625,17381.599609375,7616.10009765625,4056.179931640625,27986.619140625,17204.650390625,7620.39990234375,4056.179931640625,28009.220703125,17210.349609375,816288100.0,4525120000.0,91100000.0,263900.0
2023-04-03,7673.0,4124.509765625,28188.150390625,17398.05078125,7698.2001953125,4127.66015625,28258.91015625,17428.05078125,7631.7001953125,4098.7900390625,28120.7109375,17312.75,7631.7001953125,4102.2001953125,28203.349609375,17427.94921875,921588900.0,4234700000.0,75000000.0,230200.0
2023-04-04,7634.5,4100.60009765625,28287.419921875,,7726.89990234375,4133.1298828125,28287.419921875,,7634.5,4086.8701171875,28139.119140625,,7673.0,4128.02978515625,28213.9296875,,791013200.0,4227800000.0,73300000.0,
2023-04-05,7662.89990234375,4090.3798828125,27813.259765625,17557.05078125,7678.5,4099.68994140625,28133.5703125,17570.55078125,7634.2998046875,4072.56005859375,27788.76953125,17402.69921875,7634.5,4094.5,28111.0390625,17422.30078125,660285800.0,3968020000.0,74300000.0,248300.0
2023-04-06,7741.60009765625,4105.02001953125,27472.630859375,17599.150390625,7742.10009765625,4107.31982421875,27609.859375,17638.69921875,7654.5,4069.840087890625,27427.66015625,17502.849609375,7662.89990234375,4081.14990234375,27589.140625,17533.849609375,589778800.0,3486690000.0,73200000.0,242700.0
2023-04-07,,,27518.310546875,,,,27591.150390625,,,,27456.25,,,,27554.369140625,,,,49100000.0,
2023-04-10,,4109.10986328125,27633.66015625,17624.05078125,,4109.5,27737.490234375,17694.099609375,,4072.550048828125,27597.1796875,17597.94921875,,4085.199951171875,27658.51953125,17634.900390625,,3423650000.0,48000000.0,254800.0
2023-04-11,7785.7001953125,4108.93994140625,27923.369140625,17722.30078125,7806.39990234375,4124.259765625,28068.390625,17748.75,7741.60009765625,4102.60986328125,27854.8203125,17655.150390625,7741.60009765625,4110.2900390625,27895.900390625,17704.80078125,999467200.0,3665830000.0,64800000.0,304300.0
2023-04-12,7824.7998046875,4091.949951171875,28082.69921875,17812.400390625,7859.7001953125,4134.3701171875,28121.4609375,17825.75,7783.39990234375,4086.93994140625,27983.970703125,17717.25,7785.7001953125,4121.72021484375,27985.9296875,17759.55078125,797796300.0,3633120000.0,62700000.0,232800.0
2023-04-13,7843.39990234375,4146.22021484375,28156.970703125,17828.0,7851.60009765625,4150.259765625,28163.869140625,17842.150390625,7814.10009765625,4099.39990234375,27952.009765625,17729.650390625,7824.7998046875,4100.0400390625,27952.580078125,17807.30078125,724768300.0,3596590000.0,59900000.0,285800.0
2023-04-14,7871.89990234375,4137.64013671875,28493.470703125,,7904.0,4163.18994140625,28515.509765625,,7843.39990234375,4113.2001953125,28282.8203125,,7843.39990234375,4140.10986328125,28321.5390625,,860530500.0,3575690000.0,72900000.0,
2023-04-17,7879.5,4151.31982421875,28514.779296875,17706.849609375,7916.7001953125,4151.72021484375,28599.75,17863.0,7871.89990234375,4123.18017578125,28414.98046875,17574.05078125,7871.89990234375,4137.169921875,28537.990234375,17863.0,665446000.0,3611180000.0,58000000.0,357400.0
2023-04-18,7909.39990234375,4154.8701171875,28658.830078125,17660.150390625,7912.7001953125,4169.47998046875,28698.220703125,17766.599609375,7879.5,4140.35986328125,28520.759765625,17610.19921875,7879.5,4164.259765625,28567.5390625,17766.599609375,531338200.0,3536640000.0,62300000.0,258900.0
2023-04-19,7898.7998046875,4154.52001953125,28606.759765625,17618.75,7909.39990234375,4162.56982421875,28677.220703125,17666.150390625,7871.39990234375,4134.490234375,28531.5390625,17579.849609375,7909.39990234375,4139.330078125,28619.83984375,17653.349609375,506763800.0,3572560000.0,58000000.0,281500.0
2023-04-20,7902.60009765625,4129.7900390625,28657.5703125,17624.44921875,7903.0,4148.56982421875,28694.25,17684.44921875,7876.39990234375,4114.56982421875,28442.44921875,17584.349609375,7898.7998046875,4130.47998046875,28472.0,17638.599609375,918927800.0,3772080000.0,56700000.0,215100.0
2023-04-21,7914.10009765625,4133.52001953125,28564.369140625,17624.05078125,7936.10009765625,4138.02001953125,28778.369140625,17663.19921875,7886.5,4113.85986328125,28527.80078125,17553.94921875,7902.60009765625,4132.14013671875,28590.55078125,17639.75,631165500.0,3611750000.0,61400000.0,230200.0
2023-04-24,7912.2001953125,4137.0400390625,28593.51953125,17743.400390625,7927.10009765625,4142.41015625,28680.650390625,17754.5,7877.60009765625,4117.77001953125,28567.240234375,17612.5,7914.10009765625,4132.06982421875,28631.779296875,17707.55078125,724845900.0,3290940000.0,50000000.0,255700.0
2023-04-25,7891.10009765625,4071.6298828125,28620.0703125,17769.25,7912.5,4126.43017578125,28806.689453125,17807.44921875,7863.89990234375,4071.3798828125,28609.76953125,17716.849609375,7912.2001953125,4126.43017578125,28697.73046875,17761.55078125,657900800.0,3978640000.0,59300000.0,297400.0
2023-04-26,7852.60009765625,4055.989990234375,28416.470703125,17813.599609375,7894.0,4089.669921875,28551.609375,17827.75,7825.89990234375,4049.35009765625,28319.76953125,17711.19921875,7891.10009765625,4087.780029296875,28478.51953125,17767.30078125,902747300.0,3837030000.0,68700000.0,233000.0
2023-04-27,7831.60009765625,4135.35009765625,28457.6796875,17915.05078125,7865.7001953125,4138.240234375,28459.73046875,17931.599609375,7816.7998046875,4075.2900390625,28241.669921875,17797.900390625,7852.60009765625,4075.2900390625,28340.58984375,17813.099609375,669734300.0,3750550000.0,73600000.0,241400.0
2023-04-28,7870.60009765625,4169.47998046875,28856.439453125,18065.0,7870.60009765625,4170.06005859375,28879.240234375,18089.150390625,7791.60009765625,4127.18017578125,28499.509765625,17885.30078125,7831.60009765625,4129.6298828125,28705.91015625,17950.400390625,945273500.0,4087800000.0,104000000.0,290300.0
2023-05-01,,4167.8701171875,29123.1796875,,,4186.919921875,29145.890625,,,4164.1201171875,29016.830078125,,,4166.7900390625,29058.05078125,,,3321370000.0,73400000.0,
2023-05-02,7773.0,4119.580078125,29157.94921875,18147.650390625,7898.7001953125,4164.10009765625,29278.80078125,18180.25,7773.0,4089.719970703125,29083.130859375,18101.75,7870.60009765625,4164.10009765625,29278.80078125,18124.80078125,1020657900.0,4486130000.0,63900000.0,265200.0
2023-05-03,7788.39990234375,4090.75,,18089.849609375,7819.7001953125,4148.2998046875,,18116.349609375,7773.0,4088.860107421875,,18042.400390625,7773.0,4122.25,,18113.80078125,967192800.0,4246510000.0,,226200.0
2023-05-04,7702.60009765625,4061.219970703125,,18255.80078125,7788.39990234375,4082.610107421875,,18267.44921875,7691.2998046875,4048.280029296875,,18066.69921875,7788.39990234375,4082.550048828125,,18081.0,776321800.0,4920090000.0,,226600.0
2023-05-05,7778.39990234375,4136.25,,18069.0,7781.5,4147.02001953125,,18216.94921875,7702.60009765625,4084.72998046875,,18055.44921875,7702.60009765625,4084.72998046875,,18117.30078125,608277200.0,4186270000.0,,239700.0
2023-05-08,,4138.1201171875,28949.880859375,18264.400390625,,4142.2998046875,29144.119140625,18286.94921875,,4123.81005859375,28931.810546875,18100.30078125,,4136.97998046875,29095.4609375,18120.599609375,,3641640000.0,74100000.0,228400.0
2023-05-09,7764.10009765625,4119.169921875,29242.8203125,18265.94921875,7792.39990234375,4130.35009765625,29262.359375,18344.19921875,7735.10009765625,4116.64990234375,29020.630859375,18229.650390625,7778.39990234375,4124.25,29020.630859375,18303.400390625,951320100.0,3810140000.0,86400000.0,245400.0
2023-05-10,7741.2998046875,4137.64013671875,29122.1796875,18315.099609375,7779.0,4154.27978515625,29195.16015625,18326.75,7727.10009765625,4098.919921875,29070.109375,18211.94921875,7764.10009765625,4143.740234375,29189.41015625,18313.599609375,712870600.0,4057160000.0,87300000.0,220500.0
2023-05-11,7730.60009765625,4130.6201171875,29126.720703125,18297.0,7784.2998046875,4132.7998046875,29165.58984375,18389.69921875,7679.60009765625,4109.2900390625,29028.7109375,18270.400390625,7741.2998046875,4132.240234375,29110.7890625,18357.80078125,883996400.0,3752900000.0,82200000.0,248900.0
2023-05-12,7754.60009765625,4124.080078125,29388.30078125,18314.80078125,7772.7998046875,4143.740234375,29426.060546875,18342.75,7729.0,4099.1201171875,29141.51953125,18194.55078125,7730.60009765625,4138.5400390625,29199.30078125,18273.75,748114500.0,3533740000.0,106100000.0,241700.0
2023-05-15,7777.7001953125,4136.27978515625,29626.33984375,18398.849609375,7794.89990234375,4141.25,29629.470703125,18458.900390625,7754.60009765625,4110.27001953125,29475.970703125,18287.900390625,7754.60009765625,4126.64990234375,29547.0390625,18339.30078125,735218600.0,3562170000.0,88600000.0,216100.0
2023-05-16,7751.10009765625,4109.89990234375,29842.990234375,18286.5,7804.89990234375,4135.5400390625,29916.560546875,18432.349609375,7741.2998046875,4109.85986328125,29779.0703125,18264.349609375,7777.7001953125,4127.9501953125,29838.009765625,18432.349609375,1082316100.0,3654200000.0,107400000.0,219500.0
2023-05-17,7723.2001953125,4158.77001953125,30093.58984375,18181.75,7758.2001953125,4164.669921875,30115.3203125,18309.0,7713.0,4113.6201171875,29912.439453125,18115.349609375,7751.10009765625,4122.85009765625,29912.439453125,18300.44921875,701763700.0,4039080000.0,93100000.0,229900.0
2023-05-18,7742.2998046875,4198.0498046875,30573.9296875,18129.94921875,7776.60009765625,4202.2001953125,30667.130859375,18297.19921875,7723.2001953125,4153.5,30381.900390625,18104.849609375,7723.2001953125,4157.68017578125,30432.5390625,18287.5,757218800.0,3980500000.0,90500000.0,272100.0
2023-05-19,7756.89990234375,4191.97998046875,30808.349609375,18203.400390625,7790.89990234375,4212.91015625,30924.5703125,18218.099609375,7742.10009765625,4180.2001953125,30679.16015625,18060.400390625,7742.2998046875,4204.14990234375,30847.359375,18186.150390625,631941000.0,4041900000.0,80500000.0,260900.0
2023-05-22,7771.0,4192.6298828125,31086.8203125,18314.400390625,7783.39990234375,4209.22021484375,31086.8203125,18335.25,7750.5,4179.68017578125,30689.26953125,18178.849609375,7756.89990234375,4190.77978515625,30735.7109375,18201.099609375,1205325000.0,3728520000.0,75400000.0,262600.0
2023-05-23,7763.0,4145.580078125,30957.76953125,18348.0,7800.89990234375,4185.68017578125,31352.529296875,18419.75,7747.10009765625,4142.5400390625,30828.73046875,18324.19921875,7771.0,4176.7998046875,31245.720703125,18362.900390625,698476000.0,4155320000.0,92200000.0,270400.0
2023-05-24,7627.10009765625,4115.240234375,30682.6796875,18285.400390625,7763.0,4132.9599609375,30856.919921875,18392.599609375,7590.2001953125,4103.97998046875,30566.830078125,18262.94921875,7763.0,4132.9599609375,30728.689453125,18294.80078125,989739200.0,0.0,81700000.0,232600.0
2023-05-25,7570.89990234375,4151.27978515625,30801.130859375,18321.150390625,7629.10009765625,4165.740234375,30889.98046875,18338.099609375,7569.2001953125,4129.72998046875,30558.140625,18202.400390625,7627.10009765625,4155.7099609375,30599.26953125,18268.900390625,725330600.0,4147760000.0,84000000.0,235900.0
2023-05-26,7627.2001953125,4205.4501953125,30916.310546875,18499.349609375,7643.60009765625,4212.8701171875,31101.599609375,18508.55078125,7556.89990234375,4156.16015625,30864.490234375,18333.150390625,7570.89990234375,4156.16015625,30909.609375,18368.349609375,817609400.0,3715460000.0,78300000.0,198700.0
2023-05-29,,,31233.5390625,18598.650390625,,,31560.4296875,18641.19921875,,,31164.0,18581.25,,,31388.009765625,18619.150390625,,,78300000.0,265300.0
2023-05-30,7522.10009765625,4205.52001953125,31328.16015625,18633.849609375,7628.10009765625,4231.10009765625,31374.830078125,18662.44921875,7516.5,4192.18017578125,31064.189453125,18575.5,7627.2001953125,4226.7099609375,31196.240234375,18606.650390625,856682400.0,4228510000.0,71800000.0,234400.0
2023-05-31,7446.10009765625,4179.830078125,30887.880859375,18534.400390625,7522.10009765625,4195.43994140625,31142.779296875,18603.900390625,7446.10009765625,4166.14990234375,30785.98046875,18483.849609375,7522.10009765625,4190.740234375,31057.08984375,18594.19921875,2295618500.0,5980670000.0,184600000.0,696500.0
2023-06-01,7490.2998046875,4221.02001953125,31148.009765625,18487.75,7498.60009765625,4232.43017578125,31185.05078125,18580.30078125,7445.2998046875,4171.64013671875,30853.439453125,18464.55078125,7446.10009765625,4183.02978515625,30886.009765625,18579.400390625,967347300.0,4391860000.0,95100000.0,265600.0
2023-06-02,7607.2998046875,4282.3701171875,31524.220703125,18534.099609375,7614.89990234375,4290.669921875,31555.5390625,18573.69921875,7490.0,4241.009765625,31257.009765625,18478.400390625,7490.2998046875,4241.009765625,31300.720703125,18550.849609375,638696900.0,4454200000.0,90700000.0,270900.0
2023-06-05,7600.0,4273.7900390625,32217.4296875,18593.849609375,7654.7998046875,4299.27978515625,32217.4296875,18640.150390625,7594.10009765625,4266.81982421875,31798.720703125,18582.80078125,7607.2998046875,4282.990234375,31864.119140625,18612.0,548992900.0,3813290000.0,98800000.0,256100.0
2023-06-06,7628.10009765625,4283.85009765625,32506.779296875,18599.0,7636.10009765625,4288.330078125,32534.470703125,18622.75,7556.2001953125,4263.08984375,31933.869140625,18531.599609375,7600.0,4271.33984375,31988.369140625,18600.80078125,686044700.0,3996560000.0,82500000.0,220800.0
2023-06-07,7624.2998046875,4267.52001953125,31913.740234375,18726.400390625,7642.39990234375,4299.18994140625,32708.529296875,18738.94921875,7604.39990234375,4263.9599609375,31913.740234375,18636.0,7628.10009765625,4285.47021484375,32618.779296875,18665.599609375,617864100.0,4537800000.0,111900000.0,260100.0
2023-06-08,7599.7001953125,4293.93017578125,31641.26953125,18634.55078125,7638.60009765625,4298.009765625,32035.94921875,18777.900390625,7588.0,4261.06982421875,31420.44921875,18615.599609375,7624.2998046875,4268.68994140625,31877.7890625,18725.349609375,531758500.0,3826740000.0,86000000.0,286500.0
2023-06-09,7562.39990234375,4298.85986328125,32265.169921875,18563.400390625,7621.7001953125,4322.6201171875,32304.0390625,18676.650390625,7546.5,4291.7001953125,31898.75,18555.400390625,7599.7001953125,4304.8798828125,31927.380859375,18655.900390625,564539300.0,3786510000.0,101500000.0,221800.0
2023-06-12,7570.7001953125,4338.93017578125,32434.0,18601.5,7599.89990234375,4340.1298828125,32517.6796875,18633.599609375,7556.7998046875,4304.3701171875,32280.5390625,18559.75,7562.39990234375,4308.31982421875,32412.119140625,18595.05078125,542917600.0,3945670000.0,68700000.0,179500.0
2023-06-13,7594.7998046875,4369.009765625,33018.6484375,18716.150390625,7610.7998046875,4375.3701171875,33127.359375,18728.900390625,7556.2998046875,4349.31005859375,32638.2109375,18631.80078125,7570.7001953125,4352.60986328125,32668.94921875,18631.80078125,1003241900.0,4275400000.0,89500000.0,233200.0
2023-06-14,7602.7001953125,4372.58984375,33502.421875,18755.900390625,7639.7998046875,4391.81982421875,33665.51953125,18769.69921875,7579.2998046875,4337.85009765625,33203.94921875,18690.0,7594.7998046875,4366.2900390625,33331.46875,18744.599609375,698184100.0,4252110000.0,111600000.0,261400.0
2023-06-15,7628.2998046875,4425.83984375,33485.48828125,18688.099609375,7632.7001953125,4439.2001953125,33767.12890625,18794.099609375,7584.7998046875,4362.60009765625,33386.01171875,18669.05078125,7602.7001953125,4365.330078125,33493.69140625,18774.44921875,837993200.0,4176690000.0,105800000.0,263000.0
2023-06-16,7642.7001953125,4409.58984375,33706.078125,18826.0,7687.60009765625,4448.47021484375,33772.76171875,18864.69921875,7627.7998046875,4407.43994140625,33186.9296875,18710.5,7628.2998046875,4440.9501953125,33399.1484375,18723.30078125,2009880700.0,6848600000.0,132000000.0,272800.0
2023-06-19,7588.5,,33370.421875,18755.44921875,7642.7001953125,,33772.890625,18881.44921875,7581.7998046875,,33231.55859375,18719.150390625,7642.7001953125,,33768.69140625,18873.30078125,439722500.0,,82900000.0,219800.0
2023-06-20,7569.2998046875,4388.7099609375,33388.91015625,18816.69921875,7607.5,4400.14990234375,33474.73828125,18839.69921875,7566.2998046875,4367.18994140625,33089.01953125,18660.650390625,7588.5,4396.10986328125,33269.5703125,18752.349609375,584448300.0,4055790000.0,82400000.0,211600.0
2023-06-21,7559.2001953125,4365.68994140625,33575.140625,18856.849609375,7577.60009765625,4386.22021484375,33657.87109375,18875.900390625,7520.89990234375,4360.14013671875,33154.6796875,18794.849609375,7569.2998046875,4380.009765625,33200.62890625,18849.400390625,611718700.0,3709330000.0,82000000.0,217500.0
2023-06-22,7502.0,4381.89013671875,33264.87890625,18771.25,7559.2001953125,4382.25,33641.4609375,18886.599609375,7458.39990234375,4351.81982421875,33232.19140625,18759.5,7559.2001953125,4355.39990234375,33438.01171875,18853.599609375,677771300.0,3511000000.0,94700000.0,252700.0
2023-06-23,7461.89990234375,4348.330078125,32781.5390625,18665.5,7502.0,4366.5498046875,33533.46875,18756.400390625,7439.7001953125,4341.33984375,32575.560546875,18647.099609375,7502.0,4354.169921875,33458.3515625,18741.849609375,621489600.0,6053620000.0,103600000.0,210600.0
2023-06-26,7453.60009765625,4328.81982421875,32698.810546875,18691.19921875,7476.5,4362.06005859375,32884.73046875,18722.05078125,7401.2001953125,4328.080078125,32392.720703125,18646.69921875,7461.89990234375,4344.83984375,32647.080078125,18682.349609375,850546800.0,3415030000.0,74100000.0,171300.0
2023-06-27,7461.5,4378.41015625,32538.330078125,18817.400390625,7495.89990234375,4384.419921875,32689.099609375,18829.25,7428.10009765625,4335.0,32306.990234375,18714.25,7453.60009765625,4337.35986328125,32629.9609375,18748.55078125,674737200.0,3573500000.0,79600000.0,222500.0
2023-06-28,7500.5,4376.85986328125,33193.98828125,18972.099609375,7518.2998046875,4390.35009765625,33193.98828125,19011.25,7461.5,4360.22021484375,32642.869140625,18861.349609375,7461.5,4367.47998046875,32807.83984375,18908.150390625,642762300.0,3739330000.0,91100000.0,398800.0
2023-06-29,7471.7001953125,4396.43994140625,33234.140625,,7505.60009765625,4398.39013671875,33527.98046875,,7460.5,4371.97021484375,33185.19921875,,7500.5,4374.93994140625,33306.83984375,,609425000.0,3696660000.0,117900000.0,
2023-06-30,7531.5,4450.3798828125,33189.0390625,19189.05078125,7551.60009765625,4458.47998046875,33232.890625,19201.69921875,7471.7001953125,4422.43994140625,32918.76953125,19024.599609375,7471.7001953125,4422.43994140625,33068.359375,19076.849609375,729525300.0,3923450000.0,111300000.0,247900.0
2023-07-03,7527.2998046875,4455.58984375,33753.328125,19322.55078125,7561.2998046875,4456.4599609375,33762.80859375,19345.099609375,7513.89990234375,4442.2900390625,33510.55078125,19234.400390625,7531.5,4450.47998046875,33517.6015625,19246.5,533889900.0,2034280000.0,95400000.0,226100.0
2023-07-04,7519.7001953125,,33422.51953125,19389.0,7547.39990234375,,33576.44921875,19434.150390625,7518.39990234375,,33338.78125,19300.0,7527.2998046875,,33512.26171875,19406.599609375,664948700.0,,99400000.0,226900.0
2023-07-05,7442.10009765625,4446.81982421875,33338.69921875,19398.5,7519.7001953125,4454.06005859375,33389.21875,19421.599609375,7434.7001953125,4436.60986328125,33041.140625,19339.599609375,7519.7001953125,4442.0400390625,33165.05859375,19405.94921875,765061200.0,3482620000.0,95100000.0,224400.0
2023-07-06,7280.5,4411.58984375,32773.01953125,19497.30078125,7442.10009765625,4422.6201171875,33079.44921875,19512.19921875,7267.60009765625,4385.0498046875,32637.720703125,19373.0,7442.10009765625,4422.6201171875,33058.3984375,19385.69921875,744552600.0,3682020000.0,100600000.0,268300.0
2023-07-07,7256.89990234375,4398.9501953125,32388.419921875,19331.80078125,7280.5,4440.39013671875,32730.25,19523.599609375,7229.60009765625,4397.39990234375,32327.900390625,19303.599609375,7280.5,4404.5400390625,32450.640625,19422.80078125,494690600.0,3630480000.0,105100000.0,237100.0
2023-07-10,7273.7998046875,4409.52978515625,32189.73046875,19355.900390625,7306.10009765625,4412.60009765625,32558.98046875,19435.849609375,7238.7001953125,4389.919921875,32065.630859375,19327.099609375,7256.89990234375,4394.22998046875,32393.4609375,19400.349609375,428066100.0,3429600000.0,101200000.0,268200.0
2023-07-11,7282.5,4439.259765625,32203.5703125,19439.400390625,7285.2998046875,4443.64013671875,32468.69921875,19515.099609375,7239.2001953125,4408.4599609375,32084.419921875,19406.44921875,7273.7998046875,4415.5498046875,32434.669921875,19427.099609375,790355100.0,3624220000.0,87200000.0,251300.0
2023-07-12,7416.10009765625,4472.16015625,31943.9296875,19384.30078125,7425.10009765625,4488.33984375,32312.029296875,19507.69921875,7282.5,4463.22998046875,31791.7109375,19361.75,7282.5,4467.68994140625,32280.05078125,19497.44921875,994258000.0,3920290000.0,88400000.0,327900.0
2023-07-13,7440.2001953125,4510.0400390625,32419.330078125,19413.75,7457.2001953125,4517.3798828125,32484.400390625,19567.0,7409.2998046875,4489.35986328125,31952.98046875,19385.80078125,7416.10009765625,4491.5,32106.05078125,19495.19921875,584537900.0,3839530000.0,77800000.0,310400.0
2023-07-14,7434.60009765625,4505.419921875,32391.259765625,19564.5,7480.39990234375,4527.759765625,32780.62890625,19595.349609375,7421.2998046875,4499.56005859375,32225.369140625,19433.5,7440.2001953125,4514.60986328125,32587.900390625,19493.44921875,620458500.0,3647450000.0,90300000.0,291200.0
2023-07-17,7406.39990234375,4522.7900390625,,19711.44921875,7437.60009765625,4532.85009765625,,19731.849609375,7395.7001953125,4504.89990234375,,19562.94921875,7434.60009765625,4508.85986328125,,19612.150390625,439714200.0,3538240000.0,,268700.0
2023-07-18,7453.7001953125,4554.97998046875,32493.890625,19749.25,7459.2001953125,4562.2998046875,32714.58984375,19819.44921875,7398.5,4514.58984375,32338.30078125,19690.19921875,7406.39990234375,4521.77978515625,32457.1796875,19787.5,464666400.0,4090010000.0,81100000.0,286400.0
2023-07-19,7588.2001953125,4565.72021484375,32896.03125,19833.150390625,7625.10009765625,4578.43017578125,32896.03125,19851.69921875,7453.7001953125,4557.47998046875,32671.029296875,19727.44921875,7453.7001953125,4563.8701171875,32812.359375,19802.94921875,888485400.0,4115670000.0,81900000.0,259700.0
2023-07-20,7646.10009765625,4534.8701171875,32490.51953125,19979.150390625,7661.89990234375,4564.740234375,32861.01953125,19991.849609375,7585.89990234375,4527.56005859375,32462.859375,19758.400390625,7588.2001953125,4554.3798828125,32803.3515625,19831.69921875,637548700.0,3761770000.0,75600000.0,274700.0
2023-07-21,7663.7001953125,4536.33984375,32304.25,19745.0,7674.2001953125,4555.0,32462.439453125,19887.400390625,7639.5,4535.7900390625,32080.94921875,19700.0,7646.10009765625,4550.16015625,32336.859375,19800.44921875,506950300.0,3570190000.0,79400000.0,312500.0
2023-07-24,7678.60009765625,4554.64013671875,32700.939453125,19672.349609375,7685.0,4563.41015625,32793.76953125,19782.75,7633.2998046875,4541.2900390625,32554.4609375,19658.30078125,7663.7001953125,4543.39013671875,32648.140625,19748.44921875,521826500.0,3856250000.0,83500000.0,265600.0
2023-07-25,7691.7998046875,4567.4599609375,32682.509765625,19680.599609375,7702.39990234375,4580.6201171875,32715.560546875,19729.349609375,7676.5,4552.419921875,32509.939453125,19615.94921875,7678.60009765625,4555.18994140625,32705.390625,19729.349609375,444691500.0,3812470000.0,101000000.0,369700.0
2023-07-26,7676.89990234375,4566.75,32668.33984375,19778.30078125,7702.7001953125,4582.47021484375,32724.25,19825.599609375,7630.0,4547.580078125,32488.51953125,19716.69921875,7691.7998046875,4558.9599609375,32704.9609375,19733.349609375,807357200.0,3990290000.0,85200000.0,244700.0
2023-07-27,7692.7998046875,4537.41015625,32891.16015625,19659.900390625,7709.7001953125,4607.06982421875,32938.58984375,19867.55078125,7662.39990234375,4528.56005859375,32503.689453125,19603.55078125,7676.89990234375,4598.259765625,32523.689453125,19850.900390625,963946300.0,4553210000.0,90900000.0,334900.0
2023-07-28,7694.2998046875,4582.22998046875,32759.23046875,19646.05078125,7716.7998046875,4590.16015625,32846.96875,19695.900390625,7680.2001953125,4564.009765625,32037.55078125,19563.099609375,7692.7998046875,4565.75,32444.419921875,19659.75,713370800.0,3981010000.0,170500000.0,258700.0
2023-07-31,7699.39990234375,4588.9599609375,33172.21875,19753.80078125,7722.89990234375,4594.22021484375,33402.078125,19772.75,7667.7998046875,4573.14013671875,33025.9296875,19597.599609375,7694.2998046875,4584.81982421875,33128.828125,19666.349609375,594121300.0,4503600000.0,134300000.0,295100.0
2023-08-01,7666.2998046875,4576.72998046875,33476.578125,19733.55078125,7715.2001953125,4584.6201171875,33488.76953125,19795.599609375,7650.2001953125,4567.52978515625,33203.87890625,19704.599609375,7699.39990234375,4578.830078125,33292.30859375,19784.0,557045700.0,4042370000.0,110800000.0,298000.0
2023-08-02,7561.60009765625,4513.39013671875,32707.689453125,19526.55078125,7666.2998046875,4550.93017578125,33158.578125,19678.25,7522.2001953125,4505.75,32628.2890625,19423.55078125,7666.2998046875,4550.93017578125,33123.12109375,19655.400390625,746909700.0,4270710000.0,124200000.0,290700.0
2023-08-03,7529.2001953125,4501.89013671875,32159.279296875,19381.650390625,7562.10009765625,4519.490234375,32467.060546875,19537.650390625,7437.89990234375,4485.5400390625,32142.25,19296.44921875,7561.60009765625,4494.27001953125,32375.849609375,19463.75,1245242400.0,4149120000.0,120300000.0,315700.0
2023-08-04,7564.39990234375,4478.02978515625,32192.75,19517.0,7569.60009765625,4540.33984375,32294.69921875,19538.849609375,7487.39990234375,4474.5498046875,31934.349609375,19436.44921875,7529.2001953125,4513.9599609375,32019.060546875,19462.80078125,524386200.0,4143310000.0,106600000.0,280800.0
2023-08-07,7554.5,4518.43994140625,32254.560546875,19597.30078125,7565.0,4519.83984375,32306.869140625,19620.44921875,7505.2001953125,4491.14990234375,31830.23046875,19524.80078125,7564.39990234375,4491.580078125,31921.279296875,19576.849609375,487016200.0,3493920000.0,94100000.0,216600.0
2023-08-08,7527.39990234375,4499.3798828125,32377.2890625,19570.849609375,7554.5,4503.31005859375,32539.880859375,19634.400390625,7487.5,4464.39013671875,32238.58984375,19533.099609375,7554.5,4498.02978515625,32430.609375,19627.19921875,862447700.0,3884910000.0,91800000.0,260300.0
2023-08-09,7587.2998046875,4467.7099609375,32204.330078125,19632.55078125,7600.7998046875,4502.43994140625,32407.849609375,19645.5,7527.39990234375,4461.330078125,32175.640625,19467.5,7527.39990234375,4501.56982421875,32346.3203125,19578.80078125,1098862000.0,3803100000.0,104500000.0,266500.0
2023-08-10,7618.60009765625,4468.830078125,32473.650390625,19543.099609375,7622.89990234375,4527.3701171875,32504.849609375,19623.599609375,7572.60009765625,4457.919921875,32015.9609375,19495.400390625,7587.2998046875,4487.16015625,32015.9609375,19605.55078125,636901200.0,4504370000.0,108000000.0,312200.0
2023-08-11,7524.2001953125,4464.0498046875,,19428.30078125,7618.60009765625,4476.22998046875,,19557.75,7507.7998046875,4443.97998046875,,19412.75,7618.60009765625,4450.68994140625,,19554.25,494679400.0,3753290000.0,,235500.0
2023-08-14,7507.2001953125,4489.72021484375,32059.91015625,19434.55078125,7530.2998046875,4490.330078125,32613.990234375,19465.849609375,7476.5,4453.43994140625,32031.5390625,19257.900390625,7524.2001953125,4458.1298828125,32456.720703125,19383.94921875,1154816600.0,3896410000.0,95600000.0,243900.0
2023-08-15,7389.60009765625,4437.85986328125,32238.890625,,7508.60009765625,4478.8701171875,32403.9296875,,7369.7001953125,4432.18994140625,32217.51953125,,7507.2001953125,4478.8701171875,32372.529296875,,463377300.0,3832250000.0,75100000.0,
2023-08-16,7356.89990234375,4404.330078125,31766.8203125,19465.0,7398.2001953125,4449.9501953125,31997.279296875,19482.75,7338.5,4403.5498046875,31766.8203125,19317.19921875,7389.60009765625,4433.7900390625,31965.580078125,19369.0,687073100.0,3753910000.0,84800000.0,0.0
2023-08-17,7310.2001953125,4370.35986328125,31626.0,19365.25,7357.0,4421.169921875,31704.080078125,19461.55078125,7305.0,4364.830078125,31309.6796875,19326.25,7356.89990234375,4416.31982421875,31621.98046875,19450.55078125,438920000.0,3943700000.0,87700000.0,268700.0
2023-08-18,7262.39990234375,4369.7099609375,31450.759765625,19310.150390625,7310.2001953125,4381.81982421875,31644.890625,19373.80078125,7215.7998046875,4335.31005859375,31275.25,19253.599609375,7310.2001953125,4344.8798828125,31321.259765625,19301.75,571961300.0,3940400000.0,74800000.0,256100.0
2023-08-21,7257.7998046875,4399.77001953125,31565.640625,19393.599609375,7316.0,4407.5498046875,31758.69921875,19425.94921875,7250.89990234375,4360.2998046875,31409.859375,19296.30078125,7262.39990234375,4380.27978515625,31552.849609375,19320.650390625,469504000.0,3726850000.0,69500000.0,262600.0
2023-08-22,7270.7998046875,4387.5498046875,31856.7109375,19396.44921875,7310.5,4418.58984375,31906.099609375,19443.5,7257.60009765625,4382.77001953125,31693.759765625,19381.30078125,7257.7998046875,4415.330078125,31792.599609375,19417.099609375,747925500.0,3522760000.0,70200000.0,208700.0
2023-08-23,7320.5,4436.009765625,32010.259765625,19444.0,7348.7998046875,4443.18017578125,32039.599609375,19472.05078125,7270.7998046875,4396.43994140625,31717.91015625,19366.599609375,7270.7998046875,4396.43994140625,31717.91015625,19439.19921875,909639000.0,3837270000.0,65100000.0,225200.0
2023-08-24,7333.60009765625,4376.31005859375,32287.2109375,19386.69921875,7386.10009765625,4458.2998046875,32297.91015625,19584.44921875,7320.5,4375.5498046875,32063.140625,19369.0,7320.5,4455.16015625,32130.51953125,19535.150390625,377395800.0,3723470000.0,73400000.0,268300.0
2023-08-25,7338.60009765625,4405.7099609375,31624.279296875,19265.80078125,7389.39990234375,4418.4599609375,31885.529296875,19339.55078125,7327.0,4356.2900390625,31572.060546875,19229.69921875,7333.60009765625,4389.3798828125,31840.91015625,19297.400390625,372649700.0,3296180000.0,65700000.0,466500.0
2023-08-28,,4433.31005859375,32169.990234375,19306.05078125,,4439.56005859375,32205.48046875,19366.849609375,,4414.97998046875,31881.9296875,19249.69921875,,4426.02978515625,31915.6796875,19298.349609375,,2957230000.0,69900000.0,248200.0
2023-08-29,7465.0,4497.6298828125,32226.970703125,19342.650390625,7471.10009765625,4500.14013671875,32389.119140625,19377.900390625,7338.60009765625,4431.68017578125,32186.5703125,19309.099609375,7338.60009765625,4432.75,32280.5703125,19374.849609375,1139311100.0,3354820000.0,77500000.0,307400.0
2023-08-30,7473.7001953125,4514.8701171875,32333.4609375,19347.44921875,7509.39990234375,4521.64990234375,32557.44921875,19452.80078125,7464.7001953125,4493.58984375,32300.560546875,19334.75,7465.0,4500.33984375,32432.94921875,19433.44921875,536689700.0,3064110000.0,89100000.0,233000.0
2023-08-31,7439.10009765625,4507.66015625,32619.33984375,19253.80078125,7500.39990234375,4532.259765625,32692.759765625,19388.19921875,7439.10009765625,4507.39013671875,32359.150390625,19223.650390625,7473.7001953125,4517.009765625,32361.01953125,19375.55078125,1143207100.0,3946360000.0,114600000.0,562600.0
2023-09-01,7464.5,4515.77001953125,32710.619140625,19435.30078125,7492.60009765625,4541.25,32845.4609375,19458.55078125,7439.10009765625,4501.35009765625,32499.439453125,19255.69921875,7439.10009765625,4530.60009765625,32521.150390625,19258.150390625,683056600.0,3246260000.0,88400000.0,333000.0
2023-09-04,7452.7998046875,,32939.1796875,19528.80078125,7523.39990234375,,32939.1796875,19545.150390625,7448.2998046875,,32714.939453125,19432.849609375,7464.5,,32797.3203125,19525.05078125,391662300.0,,89600000.0,296800.0
2023-09-05,7437.89990234375,4496.830078125,33036.76171875,19574.900390625,7481.39990234375,4514.2900390625,33036.76171875,19587.05078125,7389.7998046875,4496.009765625,32784.3203125,19525.75,7452.7998046875,4510.06005859375,32941.41015625,19564.650390625,484546800.0,3526250000.0,91300000.0,256800.0
2023-09-06,7426.10009765625,4465.47998046875,33241.01953125,19611.05078125,7447.89990234375,4490.35009765625,33282.1484375,19636.44921875,7369.60009765625,4442.3798828125,33088.21875,19491.5,7437.89990234375,4490.35009765625,33115.05859375,19581.19921875,448751100.0,3418850000.0,94200000.0,287600.0
2023-09-07,7441.7001953125,4451.14013671875,32991.078125,19727.05078125,7462.2001953125,4457.81005859375,33322.44921875,19737.0,7385.89990234375,4430.4599609375,32986.3515625,19550.05078125,7426.10009765625,4434.5498046875,33118.55078125,19598.650390625,456225400.0,3763760000.0,100200000.0,304900.0
2023-09-08,7478.2001953125,4457.490234375,32606.83984375,19819.94921875,7480.60009765625,4473.52978515625,32920.4296875,19867.150390625,7402.10009765625,4448.3798828125,32512.80078125,19727.05078125,7441.7001953125,4451.2998046875,32916.25,19774.80078125,651366100.0,3259290000.0,114100000.0,288100.0
2023-09-11,7496.89990234375,4487.4599609375,32467.759765625,19996.349609375,7549.2998046875,4490.77001953125,32746.140625,20008.150390625,7467.39990234375,4467.89013671875,32391.689453125,19865.349609375,7478.2001953125,4480.97998046875,32690.5390625,19890.0,568717300.0,3369920000.0,84200000.0,248800.0
2023-09-12,7527.5,4461.89990234375,32776.37109375,19993.19921875,7550.2001953125,4487.10986328125,32799.69140625,20110.349609375,7496.2998046875,4456.830078125,32486.48046875,19914.650390625,7496.89990234375,4473.27001953125,32629.16015625,20110.150390625,670632100.0,3435740000.0,94000000.0,328100.0
2023-09-13,7526.0,4467.43994140625,32706.51953125,20070.0,7545.2001953125,4479.39013671875,32872.44140625,20096.900390625,7490.39990234375,4453.52001953125,32616.650390625,19944.099609375,7527.5,4462.64990234375,32742.2890625,19989.5,684595300.0,3529430000.0,98100000.0,251400.0
2023-09-14,7673.10009765625,4505.10009765625,33168.1015625,20103.099609375,7687.0,4511.990234375,33244.44921875,20167.650390625,7526.0,4478.68994140625,32851.23828125,20043.44921875,7526.0,4487.77978515625,32925.5390625,20127.94921875,746569800.0,3648720000.0,112100000.0,275100.0
2023-09-15,7711.39990234375,4450.31982421875,33533.08984375,20192.349609375,7745.7998046875,4497.97998046875,33634.30859375,20222.44921875,7673.10009765625,4447.2099609375,33391.4609375,20129.69921875,7673.10009765625,4497.97998046875,33428.44140625,20156.44921875,1804599000.0,6932230000.0,166600000.0,438200.0
2023-09-18,7652.89990234375,4453.52978515625,,20133.30078125,7720.10009765625,4466.35986328125,,20195.349609375,7641.7998046875,4442.10986328125,,20115.69921875,7711.39990234375,4445.1298828125,,20155.94921875,463379300.0,3161230000.0,,264900.0
2023-09-19,7660.2001953125,4443.9501953125,33242.58984375,,7682.39990234375,4449.85009765625,33337.23046875,,7642.39990234375,4416.60986328125,33128.859375,,7652.89990234375,4445.41015625,33296.23046875,,595546000.0,3614880000.0,117200000.0,
2023-09-20,7731.7001953125,4402.2001953125,33023.78125,19901.400390625,7741.89990234375,4461.02978515625,33267.140625,20050.650390625,7659.60009765625,4401.3798828125,32988.6484375,19878.849609375,7660.2001953125,4452.81005859375,33261.3515625,19980.75,806482700.0,3308450000.0,113500000.0,378100.0
2023-09-21,7678.60009765625,4330.0,32571.029296875,19742.349609375,7746.5,4375.7001953125,32939.890625,19848.75,7674.7001953125,4329.169921875,32550.650390625,19709.94921875,7731.7001953125,4374.35986328125,32865.55859375,19840.55078125,1000693700.0,3662340000.0,107900000.0,275100.0
2023-09-22,7683.89990234375,4320.06005859375,32402.41015625,19674.25,7735.2001953125,4357.39990234375,32535.669921875,19798.650390625,7640.7998046875,4316.490234375,32154.529296875,19657.5,7678.60009765625,4341.740234375,32189.3203125,19744.849609375,989687600.0,3349570000.0,109800000.0,246400.0
2023-09-25,7624.0,4337.43994140625,32678.619140625,19674.55078125,7684.7998046875,4338.509765625,32722.220703125,19734.150390625,7580.7998046875,4302.7001953125,32388.279296875,19601.55078125,7683.89990234375,4310.6201171875,32517.259765625,19678.19921875,541205000.0,3195650000.0,82100000.0,188400.0
2023-09-26,7625.7001953125,4273.52978515625,32315.05078125,19664.69921875,7656.89990234375,4313.009765625,32643.41015625,19699.349609375,7593.5,4265.97998046875,32315.05078125,19637.44921875,7624.0,4312.8798828125,32640.05078125,19682.80078125,546325000.0,3472340000.0,86500000.0,204900.0
2023-09-27,7593.2001953125,4274.509765625,32371.900390625,19716.44921875,7645.60009765625,4292.06982421875,32371.900390625,19730.69921875,7577.2001953125,4238.6298828125,31960.3203125,19554.0,7625.7001953125,4282.6298828125,32023.369140625,19637.05078125,711885200.0,3875880000.0,105600000.0,203600.0
2023-09-28,7601.89990234375,4299.7001953125,31872.51953125,19523.55078125,7605.60009765625,4317.27001953125,32164.44921875,19766.650390625,7524.10009765625,4264.3798828125,31674.419921875,19492.099609375,7593.2001953125,4269.64990234375,32119.369140625,19761.80078125,642160800.0,3846230000.0,115900000.0,352800.0
2023-09-29,7608.10009765625,4288.0498046875,31857.619140625,19638.30078125,7674.2001953125,4333.14990234375,32027.4609375,19726.25,7601.89990234375,4274.85986328125,31717.740234375,19551.05078125,7601.89990234375,4328.18017578125,32018.640625,19581.19921875,634751900.0,3865960000.0,132000000.0,243500.0
2023-10-02,7510.7001953125,4288.39013671875,31759.880859375,,7630.39990234375,4300.580078125,32401.580078125,,7491.2998046875,4260.2099609375,31759.880859375,,7608.10009765625,4284.52001953125,32101.970703125,,570804100.0,3938660000.0,103100000.0,
2023-10-03,7470.2001953125,4229.4501953125,31237.939453125,19528.75,7545.7001953125,4281.14990234375,31607.970703125,19623.19921875,7466.60009765625,4216.4501953125,31157.400390625,19479.650390625,7510.7001953125,4269.75,31607.970703125,19622.400390625,540181100.0,3953830000.0,109600000.0,221700.0
2023-10-04,7412.5,4263.75,30526.880859375,19436.099609375,7490.2001953125,4268.5,30830.849609375,19457.80078125,7384.2001953125,4220.47998046875,30487.669921875,19333.599609375,7470.2001953125,4233.830078125,30765.029296875,19446.30078125,1085406900.0,3777600000.0,137200000.0,277100.0
2023-10-05,7451.5,4258.18994140625,31075.359375,19545.75,7488.60009765625,4267.1298828125,31083.900390625,19576.94921875,7409.7001953125,4225.91015625,30565.3203125,19487.30078125,7412.5,4259.31005859375,30733.650390625,19521.849609375,615457100.0,3581470000.0,114200000.0,234900.0
2023-10-06,7494.60009765625,4308.5,30994.669921875,19653.5,7496.39990234375,4324.10009765625,31160.44921875,19675.75,7423.39990234375,4219.5498046875,30928.16015625,19589.400390625,7451.5,4234.7900390625,31003.94921875,19621.19921875,613195400.0,3902030000.0,94600000.0,159100.0
2023-10-09,7492.2001953125,4335.66015625,,19512.349609375,7540.60009765625,4341.72998046875,,19588.94921875,7473.2001953125,4283.7900390625,,19480.5,7494.60009765625,4289.02001953125,,19539.44921875,738697000.0,3174630000.0,,165100.0
2023-10-10,7628.2001953125,4358.240234375,31746.529296875,19689.849609375,7637.39990234375,4385.4599609375,31818.259765625,19717.80078125,7492.2001953125,4339.64013671875,31314.669921875,19565.44921875,7492.2001953125,4339.75,31314.669921875,19565.599609375,719653800.0,3520240000.0,101000000.0,216600.0
2023-10-11,7620.0,4376.9501953125,31936.509765625,19811.349609375,7652.0,4378.64013671875,32037.0703125,19839.19921875,7608.7001953125,4345.33984375,31804.08984375,19756.94921875,7628.2001953125,4366.58984375,31847.099609375,19767.0,630293300.0,3601660000.0,89500000.0,213700.0
2023-10-12,7644.7998046875,4349.60986328125,32494.66015625,19794.0,7687.89990234375,4385.85009765625,32494.66015625,19843.30078125,7620.0,4325.43017578125,32120.939453125,19772.650390625,7620.0,4380.93994140625,32120.939453125,19822.69921875,668028900.0,3713140000.0,100600000.0,217900.0
2023-10-13,7599.60009765625,4327.77978515625,32315.990234375,19751.05078125,7660.10009765625,4377.10009765625,32533.080078125,19805.400390625,7590.7001953125,4311.97021484375,32249.029296875,19635.30078125,7644.7998046875,4360.490234375,32328.390625,19654.55078125,567783300.0,3566560000.0,91500000.0,255000.0
2023-10-16,7630.60009765625,4373.6298828125,31659.029296875,19731.75,7651.2998046875,4383.330078125,31999.7890625,19781.30078125,7584.60009765625,4342.3701171875,31564.310546875,19691.849609375,7599.60009765625,4342.3701171875,31983.0390625,19737.25,558336100.0,3409960000.0,84500000.0,181000.0
2023-10-17,7675.2001953125,4373.2001953125,32040.2890625,19811.5,7682.60009765625,4393.56982421875,32260.76953125,19849.75,7616.7998046875,4337.5400390625,31901.390625,19775.650390625,7630.60009765625,4345.22998046875,32063.7890625,19843.19921875,668852200.0,3794850000.0,75600000.0,185800.0
2023-10-18,7588.0,4314.60009765625,32042.25,19671.099609375,7681.5,4364.2001953125,32101.470703125,19840.94921875,7579.2998046875,4303.83984375,31866.94921875,19659.94921875,7675.2001953125,4357.35009765625,32033.810546875,19820.44921875,613430800.0,3686030000.0,83200000.0,198900.0
2023-10-19,7499.5,4278.0,31430.619140625,19624.69921875,7588.0,4339.5400390625,31669.419921875,19681.80078125,7490.5,4269.68994140625,31399.169921875,19512.349609375,7588.0,4321.35986328125,31579.5390625,19545.19921875,727252500.0,3969730000.0,80700000.0,230300.0
2023-10-20,7402.10009765625,4224.16015625,31259.359375,19542.650390625,7499.60009765625,4276.56005859375,31428.970703125,19593.80078125,7395.60009765625,4223.02978515625,31093.900390625,19518.69921875,7499.5,4273.85009765625,31164.890625,19542.150390625,832451800.0,4004030000.0,84500000.0,198300.0
2023-10-23,7374.7998046875,4217.0400390625,30999.55078125,19281.75,7402.2001953125,4255.83984375,31177.41015625,19556.849609375,7338.60009765625,4189.22021484375,30974.259765625,19257.849609375,7402.10009765625,4210.39990234375,31151.98046875,19521.599609375,502765900.0,3776100000.0,73500000.0,176000.0
2023-10-24,7389.7001953125,4247.68017578125,31062.349609375,,7405.2998046875,4259.3798828125,31210.259765625,,7325.0,4219.43017578125,30551.669921875,,7374.7998046875,4235.7900390625,31157.009765625,,699266600.0,3821820000.0,97900000.0,
2023-10-25,7414.2998046875,4186.77001953125,31269.919921875,19122.150390625,7428.10009765625,4232.419921875,31466.919921875,19347.30078125,7368.39990234375,4181.419921875,31195.580078125,19074.150390625,7389.7001953125,4232.419921875,31302.509765625,19286.44921875,681751000.0,3869370000.0,78700000.0,225300.0
2023-10-26,7354.60009765625,4137.22998046875,30601.779296875,18857.25,7414.2998046875,4183.60009765625,30943.330078125,19041.69921875,7342.5,4127.89990234375,30567.609375,18837.849609375,7414.2998046875,4175.990234375,30902.919921875,19027.25,796762900.0,4277640000.0,85600000.0,300400.0
2023-10-27,7291.2998046875,4117.3701171875,30991.689453125,19047.25,7380.2998046875,4156.7001953125,31081.48046875,19076.150390625,7279.89990234375,4103.77978515625,30687.330078125,18926.650390625,7354.60009765625,4152.93017578125,30713.7890625,18928.75,642603800.0,4019500000.0,89100000.0,205200.0
2023-10-30,7327.39990234375,4166.81982421875,30696.9609375,19140.900390625,7361.5,4177.47021484375,30762.5,19158.5,7291.2998046875,4132.93994140625,30538.2890625,18940.0,7291.2998046875,4139.39013671875,30663.48046875,19053.400390625,1011063900.0,3911140000.0,187000000.0,180100.0
2023-10-31,7321.7001953125,4193.7998046875,30858.849609375,19079.599609375,7373.5,4195.5498046875,30973.66015625,19233.69921875,7309.0,4153.1201171875,30552.650390625,19056.44921875,7327.39990234375,4171.330078125,30694.9609375,19232.94921875,809030400.0,4249470000.0,134300000.0,206000.0
2023-11-01,7342.39990234375,4237.85986328125,31601.650390625,18989.150390625,7385.39990234375,4245.64013671875,31601.650390625,19096.05078125,7304.89990234375,4197.740234375,31301.509765625,18973.69921875,7321.7001953125,4201.27001953125,31311.220703125,19064.05078125,764584800.0,4224900000.0,130100000.0,194100.0
2023-11-02,7446.5,4317.77978515625,31949.890625,19133.25,7469.7998046875,4319.72021484375,32087.130859375,19175.25,7342.39990234375,4268.259765625,31878.359375,19064.150390625,7342.39990234375,4268.259765625,31987.01953125,19120.0,978092600.0,4669780000.0,121100000.0,245600.0
2023-11-03,7417.7001953125,4358.33984375,,19230.599609375,7482.7001953125,4373.6201171875,,19276.25,7396.60009765625,4334.22998046875,,19210.900390625,7446.5,4334.22998046875,,19241.0,750991900.0,4570960000.0,,189500.0
2023-11-06,7417.7998046875,4365.97998046875,32708.48046875,19411.75,7448.39990234375,4372.2099609375,32766.5390625,19423.0,7403.5,4347.52978515625,32395.5,19309.69921875,7417.7001953125,4364.27001953125,32450.8203125,19345.849609375,781306000.0,3656340000.0,139400000.0,180700.0
2023-11-07,7410.0,4378.3798828125,32271.8203125,19406.69921875,7431.10009765625,4386.259765625,32591.109375,19423.5,7397.39990234375,4355.41015625,32250.9296875,19329.099609375,7417.7998046875,4366.2099609375,32551.76953125,19404.05078125,592558500.0,3791230000.0,106700000.0,198700.0
2023-11-08,7401.7001953125,4382.77978515625,32166.48046875,19443.5,7442.10009765625,4391.2001953125,32512.169921875,19464.400390625,7384.5,4359.759765625,32049.33984375,19401.5,7410.0,4384.3701171875,32457.23046875,19449.599609375,686578900.0,3729510000.0,156200000.0,195000.0
2023-11-09,7455.7001953125,4347.35009765625,32646.4609375,19395.30078125,7465.2998046875,4393.39990234375,32723.7109375,19463.900390625,7367.2001953125,4343.93994140625,32193.19921875,19378.349609375,7401.7001953125,4391.41015625,32316.390625,19457.400390625,657728700.0,3900780000.0,115500000.0,208400.0
2023-11-10,7360.60009765625,4415.240234375,32568.109375,19425.349609375,7455.7001953125,4418.02978515625,32598.9296875,19451.30078125,7320.0,4353.33984375,32248.240234375,19329.44921875,7455.7001953125,4364.14990234375,32491.240234375,19351.849609375,837842200.0,3665080000.0,111300000.0,152200.0
2023-11-13,7425.7998046875,4411.5498046875,32585.109375,19443.55078125,7426.10009765625,4421.759765625,32913.30859375,19494.400390625,7360.60009765625,4393.81982421875,32499.279296875,19414.75,7360.60009765625,4406.66015625,32818.1484375,19486.75,649108100.0,3326240000.0,90600000.0,189300.0
2023-11-14,7440.5,4495.7001953125,32695.9296875,,7456.60009765625,4508.669921875,32836.26953125,,7386.7001953125,4458.97021484375,32667.400390625,,7425.7998046875,4458.97021484375,32760.509765625,,934829500.0,4700350000.0,88100000.0,
2023-11-15,7486.89990234375,4502.8798828125,33519.69921875,19675.44921875,7533.7998046875,4521.169921875,33556.51953125,19693.19921875,7440.5,4495.31005859375,33096.9296875,19579.650390625,7440.5,4505.2998046875,33112.30859375,19651.400390625,741908600.0,4347170000.0,123800000.0,291500.0
2023-11-16,7411.0,4508.240234375,33424.41015625,19765.19921875,7492.7998046875,4511.990234375,33614.12890625,19875.25,7409.39990234375,4487.830078125,33233.83984375,19627.0,7486.89990234375,4497.080078125,33399.58984375,19674.69921875,798697800.0,3964520000.0,94200000.0,282700.0
2023-11-17,7504.2998046875,4514.02001953125,33585.19921875,19731.80078125,7509.0,4520.1201171875,33599.62890625,19806.0,7410.0,4499.66015625,33263.671875,19667.44921875,7411.0,4509.5498046875,33344.8515625,19674.75,668943200.0,3777240000.0,93200000.0,236800.0
2023-11-20,7496.39990234375,4547.3798828125,33388.03125,19694.0,7506.0,4557.10986328125,33853.4609375,19756.44921875,7472.7001953125,4510.35986328125,33352.69140625,19670.5,7504.2998046875,4511.7001953125,33559.62109375,19731.150390625,466773500.0,3644790000.0,94900000.0,173800.0
2023-11-21,7482.0,4538.18994140625,33354.140625,19783.400390625,7496.89990234375,4542.14013671875,33460.3203125,19829.099609375,7446.7001953125,4525.509765625,33254.73046875,19754.05078125,7496.39990234375,4538.77001953125,33453.1484375,19770.900390625,533104500.0,3511080000.0,91900000.0,195000.0
2023-11-22,7469.5,4556.6201171875,33451.828125,19811.849609375,7504.5,4568.43017578125,33593.5,19825.55078125,7452.0,4545.0498046875,33182.98828125,19703.849609375,7482.0,4553.0400390625,33182.98828125,19784.0,637243500.0,3042810000.0,75600000.0,184500.0
2023-11-23,7483.60009765625,,,19802.0,7494.7998046875,,,19875.150390625,7450.60009765625,,,19786.75,7469.5,,,19828.44921875,610558000.0,,,170000.0
2023-11-24,7488.2001953125,4559.33984375,33625.53125,19794.69921875,7494.7001953125,4560.31005859375,33817.859375,19832.849609375,7450.10009765625,4552.7998046875,33622.5703125,19768.849609375,7483.60009765625,4555.83984375,33752.05078125,19809.599609375,530714100.0,1639500000.0,80700000.0,145900.0
2023-11-27,7460.7001953125,4550.43017578125,33447.671875,,7488.2998046875,4560.52001953125,33811.41015625,,7452.2001953125,4546.31982421875,33397.0390625,,7488.2001953125,4554.85986328125,33710.03125,,399628100.0,3403990000.0,82700000.0,
2023-11-28,7455.2001953125,4554.89013671875,33408.390625,19889.69921875,7461.10009765625,4568.14013671875,33545.8515625,19916.849609375,7403.2998046875,4540.509765625,33298.0390625,19800.0,7460.7001953125,4545.5498046875,33520.390625,19844.650390625,610114900.0,3586240000.0,84100000.0,229600.0
2023-11-29,7423.5,4550.580078125,33321.21875,20096.599609375,7457.5,4587.64013671875,33516.23046875,20104.650390625,7408.7998046875,4547.14990234375,33179.0703125,19956.30078125,7455.2001953125,4571.83984375,33244.4296875,19976.55078125,532425900.0,4418760000.0,89200000.0,236200.0
2023-11-30,7453.7998046875,4567.7998046875,33486.890625,20133.150390625,7497.7001953125,4569.89013671875,33486.890625,20158.69921875,7387.10009765625,4537.240234375,33161.0703125,20015.849609375,7423.5,4554.8701171875,33260.140625,20108.5,1276856800.0,5399300000.0,152200000.0,486600.0
2023-12-01,7529.39990234375,4594.6298828125,33431.51171875,20267.900390625,7538.7001953125,4599.39013671875,33551.5703125,20291.55078125,7453.7998046875,4554.7099609375,33397.421875,20183.69921875,7453.7998046875,4559.43017578125,33537.44140625,20194.099609375,549661500.0,4397120000.0,87600000.0,265800.0
2023-12-04,7513.0,4569.77978515625,33231.26953125,20686.80078125,7533.7998046875,4572.3701171875,33324.37890625,20702.650390625,7476.89990234375,4546.72021484375,33023.0390625,20507.75,7529.39990234375,4564.3701171875,33318.0703125,20601.94921875,851332900.0,4369910000.0,87300000.0,381100.0
2023-12-05,7489.7998046875,4567.18017578125,32775.8203125,20855.099609375,7513.0,4578.56005859375,33089.8203125,20864.05078125,7460.2001953125,4551.68017578125,32726.6796875,20711.150390625,7513.0,4557.25,33022.37890625,20808.900390625,689771600.0,3909950000.0,86100000.0,421000.0
2023-12-06,7515.39990234375,4549.33984375,33445.8984375,20937.69921875,7542.60009765625,4590.740234375,33452.12890625,20961.94921875,7486.7998046875,4546.5,32914.08984375,20852.150390625,7489.7998046875,4586.22998046875,32928.921875,20950.75,1489645900.0,4245680000.0,91200000.0,359200.0
2023-12-07,7513.7001953125,4585.58984375,32858.30859375,20901.150390625,7523.60009765625,4590.919921875,33195.87109375,20941.25,7480.5,4565.22021484375,32814.69140625,20850.80078125,7515.39990234375,4568.83984375,33165.71875,20932.400390625,811058900.0,3818880000.0,105100000.0,275000.0
2023-12-08,7554.5,4604.3701171875,32307.859375,20969.400390625,7581.2998046875,4609.22998046875,32604.349609375,21006.099609375,7509.7998046875,4574.06005859375,32205.380859375,20862.69921875,7513.7001953125,4576.2001953125,32600.470703125,20934.099609375,863626100.0,3707010000.0,144200000.0,292400.0
2023-12-11,7544.89990234375,4622.43994140625,32791.80078125,20997.099609375,7557.39990234375,4623.7099609375,32933.078125,21026.099609375,7493.60009765625,4593.39013671875,32650.099609375,20923.69921875,7554.5,4593.39013671875,32665.08984375,20965.30078125,872408400.0,3823210000.0,105800000.0,212900.0
2023-12-12,7542.7998046875,4643.7001953125,32843.69921875,20906.400390625,7607.5,4643.93017578125,33172.12890625,21037.900390625,7542.39990234375,4608.08984375,32800.23828125,20867.150390625,7544.89990234375,4618.2998046875,33107.6484375,21018.55078125,812300300.0,3808380000.0,98100000.0,244900.0
2023-12-13,7548.39990234375,4707.08984375,32926.3515625,20926.349609375,7584.89990234375,4709.68994140625,33104.46875,20950.0,7542.7001953125,4643.22998046875,32864.37890625,20769.5,7542.7998046875,4646.2001953125,32973.46875,20929.75,998797500.0,5063650000.0,100000000.0,260300.0
2023-12-14,7649.0,4719.5498046875,32686.25,21182.69921875,7724.7998046875,4738.56982421875,33120.55078125,21210.900390625,7548.39990234375,4694.33984375,32515.0390625,21074.44921875,7548.39990234375,4721.0400390625,33032.30078125,21110.400390625,1517185300.0,6314040000.0,133400000.0,334400.0
2023-12-15,7576.39990234375,4719.18994140625,32970.55078125,21456.650390625,7668.2001953125,4725.52978515625,33122.328125,21492.30078125,7569.0,4704.68994140625,32732.66015625,21235.30078125,7649.0,4714.22998046875,32760.560546875,21287.44921875,1645000000.0,8218980000.0,141100000.0,508800.0
2023-12-18,7614.5,4740.56005859375,32758.98046875,21418.650390625,7630.60009765625,4749.52001953125,32790.578125,21482.80078125,7557.2001953125,4725.580078125,32541.23046875,21365.349609375,7576.39990234375,4725.580078125,32769.23046875,21434.80078125,710048700.0,4060340000.0,106900000.0,249700.0
2023-12-19,7638.0,4768.3701171875,33219.390625,21453.099609375,7642.2001953125,4768.68994140625,33219.390625,21505.05078125,7605.39990234375,4743.72021484375,32654.4296875,21337.75,7614.5,4743.72021484375,32774.2109375,21477.650390625,961867300.0,4026970000.0,106300000.0,249800.0
2023-12-20,7715.7001953125,4698.35009765625,33675.94140625,21150.150390625,7762.89990234375,4778.009765625,33824.05859375,21593.0,7637.89990234375,4697.81982421875,33467.3203125,21087.349609375,7638.0,4764.72998046875,33467.3203125,21543.5,980983700.0,4201320000.0,118000000.0,363900.0
2023-12-21,7694.7001953125,4746.75,33140.46875,21255.05078125,7715.7001953125,4748.7099609375,33337.83984375,21288.349609375,7668.39990234375,4708.35009765625,33097.7890625,20976.80078125,7715.7001953125,4724.2900390625,33276.80859375,21033.94921875,603350200.0,3431180000.0,95600000.0,277500.0
2023-12-22,7697.5,4754.6298828125,33169.05078125,21349.400390625,7715.2001953125,4772.93994140625,33375.19140625,21390.5,7676.39990234375,4736.77001953125,33151.69921875,21232.44921875,7694.7001953125,4753.919921875,33257.94921875,21295.849609375,329604400.0,3046770000.0,89400000.0,284700.0
2023-12-25,,,33254.03125,,,,33414.51171875,,,,33221.5703125,,,,33414.51171875,,,,58900000.0,
2023-12-26,,4774.75,33305.8515625,21441.349609375,,4784.72021484375,33312.26171875,21477.150390625,,4758.4501953125,33181.359375,21329.44921875,,4758.85986328125,33295.6796875,21365.19921875,,2513910000.0,68300000.0,219500.0
2023-12-27,7725.0,4781.580078125,33681.23828125,21654.75,7759.7001953125,4785.39013671875,33755.75,21675.75,7697.5,4768.89990234375,33521.51953125,21495.80078125,7697.5,4773.4501953125,33532.96875,21497.650390625,432594200.0,2748450000.0,93700000.0,256500.0
2023-12-28,7722.7001953125,4783.35009765625,33539.62109375,21778.69921875,7746.0,4793.2998046875,33571.73046875,21801.44921875,7708.7001953125,4780.97998046875,33411.23828125,21678.0,7725.0,4786.43994140625,33477.46875,21715.0,327536200.0,2698860000.0,73300000.0,393100.0
2023-12-29,7733.2001953125,4769.830078125,33464.171875,21731.400390625,7746.89990234375,4788.43017578125,33652.7109375,21770.30078125,7719.0,4751.990234375,33305.171875,21676.900390625,7722.7001953125,4782.8798828125,33458.640625,21737.650390625,235460600.0,3126060000.0,89000000.0,270900.0
2024-01-01,,,,21741.900390625,,,,21834.349609375,,,,21680.849609375,,,,21727.75,,,,154000.0
2024-01-02,7721.5,4742.830078125,,21665.80078125,7764.39990234375,4754.330078125,,21755.599609375,7689.0,4722.669921875,,21555.650390625,7733.2001953125,4745.2001953125,,21751.349609375,678041300.0,3743050000.0,,263700.0
2024-01-03,7682.2998046875,4704.81005859375,,21517.349609375,7744.60009765625,4729.2900390625,,21677.0,7650.2998046875,4699.7099609375,,21500.349609375,7721.5,4725.06982421875,,21661.099609375,857615300.0,3950760000.0,,311900.0
2024-01-04,7723.10009765625,4688.68017578125,33288.2890625,21658.599609375,7728.2001953125,4726.77978515625,33299.390625,21685.650390625,7678.7998046875,4687.52978515625,32693.1796875,21564.55078125,7682.2998046875,4697.419921875,33193.05078125,21605.80078125,963235800.0,3715480000.0,117300000.0,339200.0
2024-01-05,7689.60009765625,4697.240234375,33377.421875,21710.80078125,7723.10009765625,4721.490234375,33568.0390625,21749.599609375,7642.89990234375,4682.10986328125,33257.4296875,21629.19921875,7723.10009765625,4690.56982421875,33397.51953125,21705.75,701524000.0,3844370000.0,115300000.0,309300.0
2024-01-08,7694.2001953125,4763.5400390625,,21513.0,7694.2001953125,4764.5400390625,,21763.94921875,7636.10009765625,4699.81982421875,,21492.900390625,7689.60009765625,4703.7001953125,,21747.599609375,1055586300.0,3742320000.0,,231500.0
2024-01-09,7684.0,4756.5,33763.1796875,21544.849609375,7717.5,4765.47021484375,33990.28125,21724.44921875,7675.10009765625,4730.35009765625,33600.3203125,21517.849609375,7694.2001953125,4741.93017578125,33704.828125,21653.599609375,703141300.0,3529960000.0,112100000.0,228600.0
2024-01-10,7651.7998046875,4783.4501953125,34441.71875,21618.69921875,7684.0,4790.7998046875,34539.01953125,21641.849609375,7647.39990234375,4756.2001953125,33885.73828125,21448.650390625,7684.0,4759.93994140625,33896.328125,21529.30078125,668838800.0,3498680000.0,106000000.0,217000.0
2024-01-11,7576.60009765625,4780.240234375,35049.859375,21647.19921875,7693.89990234375,4798.5,35157.55859375,21726.5,7576.60009765625,4739.580078125,34849.5703125,21593.75,7651.7998046875,4792.1298828125,34871.328125,21688.0,1306895000.0,3759890000.0,130100000.0,212500.0
2024-01-12,7624.89990234375,4783.830078125,35577.109375,21894.55078125,7655.2001953125,4802.39990234375,35839.6484375,21928.25,7576.60009765625,4768.97998046875,35362.23828125,21715.150390625,7576.60009765625,4791.18017578125,35601.6484375,21773.55078125,794125500.0,3486340000.0,129200000.0,294700.0
2024-01-15,7594.89990234375,,35901.7890625,22097.44921875,7637.7998046875,,36008.23046875,22115.55078125,7578.2998046875,,35544.3203125,21963.55078125,7624.89990234375,,35634.12109375,22053.150390625,740769500.0,,105700000.0,345500.0
2024-01-16,7558.2998046875,4765.97998046875,35619.1796875,22032.30078125,7594.89990234375,4782.33984375,35955.6796875,22124.150390625,7538.89990234375,4747.1201171875,35587.53125,21969.80078125,7594.89990234375,4772.35009765625,35909.19921875,22080.5,1128049600.0,4260550000.0,103400000.0,292400.0
2024-01-17,7446.2998046875,4739.2099609375,35477.75,21571.94921875,7558.2998046875,4744.22998046875,36239.21875,21851.5,7404.10009765625,4714.81982421875,35476.51953125,21550.44921875,7558.2998046875,4739.1298828125,35850.1796875,21647.25,838880100.0,3928600000.0,139500000.0,456000.0
2024-01-18,7459.10009765625,4780.93994140625,35466.171875,21462.25,7471.7001953125,4785.7900390625,35728.08984375,21539.400390625,7426.60009765625,4740.56982421875,35371.25,21285.55078125,7446.2998046875,4760.10009765625,35371.25,21414.19921875,883212400.0,4019000000.0,100300000.0,387300.0
2024-01-19,7461.89990234375,4839.81005859375,35963.26953125,21622.400390625,7521.10009765625,4842.06982421875,36076.23046875,21670.599609375,7450.89990234375,4785.8701171875,35790.0703125,21575.0,7459.10009765625,4796.27978515625,35913.71875,21615.19921875,1242202400.0,4287200000.0,104100000.0,343100.0
2024-01-22,7487.7001953125,4850.43017578125,36546.94921875,,7503.60009765625,4868.41015625,36571.80078125,,7456.0,4844.0498046875,36225.91015625,,7461.89990234375,4853.419921875,36294.1015625,,787927500.0,4297610000.0,100000000.0,
2024-01-23,7485.7001953125,4864.60009765625,36517.5703125,21238.80078125,7525.10009765625,4866.47998046875,36984.51171875,21750.25,7465.10009765625,4844.3701171875,36436.0703125,21192.599609375,7487.7001953125,4856.7998046875,36605.30078125,21716.69921875,1048392200.0,3912800000.0,111500000.0,449700.0
2024-01-24,7527.7001953125,4868.5498046875,36226.48046875,21453.94921875,7538.89990234375,4903.68017578125,36471.390625,21482.349609375,7485.7001953125,4865.93994140625,36104.890625,21137.19921875,7485.7001953125,4888.56005859375,36415.66015625,21185.25,869218500.0,4330030000.0,108600000.0,407500.0
2024-01-25,7529.7001953125,4894.16015625,36236.46875,21352.599609375,7544.5,4898.14990234375,36312.359375,21459.0,7507.0,4869.33984375,35912.5390625,21247.05078125,7527.7001953125,4886.66015625,36213.140625,21454.599609375,735927500.0,4020430000.0,94600000.0,418100.0
2024-01-26,7635.10009765625,4890.97021484375,35751.0703125,,7651.7998046875,4906.68994140625,36060.3984375,,7529.7001953125,4881.47021484375,35687.578125,,7529.7001953125,4888.91015625,36003.0,,1046240900.0,3353400000.0,109600000.0,
2024-01-29,7632.7001953125,4927.93017578125,36026.94140625,21737.599609375,7664.89990234375,4929.31005859375,36186.87109375,21763.25,7630.7998046875,4887.39990234375,35813.76953125,21429.599609375,7635.10009765625,4892.9501953125,35814.2890625,21433.099609375,636218800.0,3525160000.0,95500000.0,376700.0
2024-01-30,7666.2998046875,4924.97021484375,36065.859375,21522.099609375,7684.2001953125,4931.08984375,36249.03125,21813.05078125,7632.7001953125,4916.27001953125,36039.30859375,21501.80078125,7632.7001953125,4925.89013671875,36196.640625,21775.75,748149200.0,3836130000.0,87900000.0,375100.0
2024-01-31,7630.60009765625,4845.64990234375,36286.7109375,21725.69921875,7689.7001953125,4906.75,36292.53125,21741.349609375,7630.60009765625,4845.14990234375,35704.578125,21448.849609375,7666.2998046875,4899.18994140625,35747.890625,21487.25,952428700.0,4696120000.0,111100000.0,410600.0
2024-02-01,7622.2001953125,4906.18994140625,36011.4609375,21697.44921875,7673.7001953125,4906.97021484375,36146.359375,21832.94921875,7607.89990234375,4853.52001953125,35924.6015625,21658.75,7630.60009765625,4861.10986328125,36008.55859375,21780.650390625,936217800.0,4386090000.0,118100000.0,332500.0
2024-02-02,7615.5,4958.60986328125,36158.01953125,21853.80078125,7670.89990234375,4975.2900390625,36441.08984375,22126.80078125,7609.2998046875,4907.990234375,36083.609375,21805.55078125,7622.2001953125,4916.06005859375,36249.98828125,21812.75,859451400.0,3974350000.0,114800000.0,442800.0
2024-02-05,7612.89990234375,4942.81005859375,36354.16015625,21771.69921875,7667.7998046875,4957.18994140625,36452.62109375,21964.30078125,7598.7001953125,4918.08984375,36213.0,21726.94921875,7615.5,4957.18994140625,36419.33984375,21921.05078125,1350635500.0,4023640000.0,130500000.0,440800.0
2024-02-06,7681.0,4954.22998046875,36160.66015625,21929.400390625,7693.60009765625,4957.77001953125,36294.48046875,21951.400390625,7612.89990234375,4934.8798828125,36065.98046875,21737.55078125,7612.89990234375,4950.16015625,36249.078125,21825.19921875,1499137700.0,4440880000.0,134700000.0,371000.0
2024-02-07,7628.7998046875,4995.06005859375,36119.921875,21930.5,7694.89990234375,4999.89013671875,36195.5,22053.30078125,7626.2001953125,4969.0498046875,35854.62890625,21860.150390625,7681.0,4973.0498046875,36002.98828125,22045.05078125,985234500.0,4895590000.0,126500000.0,346300.0
2024-02-08,7595.5,4997.91015625,36863.28125,21717.94921875,7653.39990234375,5000.39990234375,36956.96875,22011.05078125,7593.60009765625,4987.08984375,36206.19921875,21665.30078125,7628.7998046875,4995.16015625,36258.83984375,22009.650390625,709573100.0,4341860000.0,151000000.0,491100.0
2024-02-09,7572.60009765625,5026.60986328125,36897.421875,21782.5,7608.7001953125,5030.06005859375,37287.26171875,21804.44921875,7557.39990234375,5000.33984375,36807.03125,21629.900390625,7595.5,5004.169921875,36915.44140625,21727.0,1091499500.0,3912990000.0,146800000.0,349200.0
2024-02-12,7573.7001953125,5021.83984375,,21616.05078125,7590.5,5048.39013671875,,21831.69921875,7555.5,5016.830078125,,21574.75,7572.60009765625,5026.830078125,,21800.80078125,839183300.0,3805740000.0,,287400.0
2024-02-13,7512.2998046875,4953.169921875,37963.96875,21743.25,7585.2998046875,4971.2998046875,38010.69140625,21766.80078125,7493.0,4920.31005859375,37184.1015625,21543.349609375,7573.7001953125,4967.93994140625,37248.359375,21664.30078125,1188999800.0,4302190000.0,140500000.0,365800.0
2024-02-14,7568.39990234375,5000.6201171875,37703.3203125,21840.05078125,7590.10009765625,5002.52001953125,37825.8515625,21870.849609375,7512.2998046875,4956.4501953125,37594.46875,21530.19921875,7512.2998046875,4976.43994140625,37712.87109375,21578.150390625,1209576400.0,3845600000.0,120300000.0,359100.0
2024-02-15,7597.5,5029.72998046875,38157.94140625,21910.75,7612.2998046875,5032.72021484375,38188.73828125,21953.849609375,7562.10009765625,4999.43994140625,37935.359375,21794.80078125,7568.39990234375,5003.14013671875,38017.828125,21906.55078125,850537300.0,4137970000.0,130000000.0,345400.0
2024-02-16,7711.7001953125,5005.56982421875,38487.23828125,22040.69921875,7720.7001953125,5038.7001953125,38865.05859375,22068.650390625,7597.5,4999.52001953125,38361.55078125,21968.94921875,7597.5,5031.1298828125,38517.37109375,22020.30078125,1074369500.0,3833270000.0,151700000.0,343900.0
2024-02-19,7728.5,,38470.37890625,22122.25,7733.5,,38555.83984375,22186.650390625,7692.5,,38281.69921875,22021.05078125,7711.7001953125,,38473.41015625,22103.44921875,619639600.0,,102000000.0,0.0
2024-02-20,7719.2001953125,4975.509765625,38363.609375,22196.94921875,7748.7001953125,4993.7099609375,38742.328125,22215.599609375,7706.0,4955.02001953125,38288.0390625,22045.849609375,7728.5,4989.31982421875,38510.37109375,22099.19921875,889469600.0,4034880000.0,108500000.0,295700.0
2024-02-21,7662.5,4981.7998046875,38262.16015625,22055.05078125,7719.2001953125,4983.2099609375,38339.69921875,22249.400390625,7642.7998046875,4946.0,38095.1484375,21997.94921875,7719.2001953125,4963.02978515625,38191.96875,22248.849609375,1271802800.0,3788390000.0,104700000.0,364500.0
2024-02-22,7684.5,5087.02978515625,39098.6796875,22217.44921875,7702.89990234375,5094.39013671875,39156.96875,22252.5,7651.7001953125,5038.830078125,38508.0703125,21875.25,7662.5,5038.830078125,38508.0703125,22081.55078125,1408725800.0,4051710000.0,122900000.0,343500.0
2024-02-23,7706.2998046875,5088.7998046875,,22212.69921875,7713.39990234375,5111.06005859375,,22297.5,7675.2001953125,5081.4599609375,,22186.099609375,7684.5,5100.919921875,,22290.0,1080901500.0,3672790000.0,,226000.0
2024-02-26,7684.2998046875,5069.52978515625,39233.7109375,22122.05078125,7710.7998046875,5097.66015625,39388.078125,22202.150390625,7676.7998046875,5068.91015625,39181.03125,22075.150390625,7706.2998046875,5093.0,39320.640625,22169.19921875,1210391900.0,3683930000.0,125700000.0,207800.0
2024-02-27,7683.0,5078.18017578125,39239.51953125,22198.349609375,7698.2998046875,5080.68994140625,39426.2890625,22218.25,7669.7001953125,5057.2900390625,39113.03125,22085.650390625,7684.2998046875,5074.60009765625,39260.78125,22090.19921875,1132154000.0,3925950000.0,119100000.0,252200.0
2024-02-28,7625.0,5069.759765625,39208.03125,21951.150390625,7693.2001953125,5077.3701171875,39283.94921875,22229.150390625,7620.39990234375,5058.35009765625,39075.46875,21915.849609375,7683.0,5067.2001953125,39189.21875,22214.099609375,1227847900.0,3789370000.0,119900000.0,203000.0
2024-02-29,7630.0,5096.27001953125,39166.19140625,21982.80078125,7677.7001953125,5104.990234375,39250.12109375,22060.55078125,7622.89990234375,5061.89013671875,38876.80859375,21860.650390625,7625.0,5085.35986328125,38935.53125,21935.19921875,2026489200.0,5219740000.0,166000000.0,360200.0
2024-03-01,7682.5,5137.080078125,39910.8203125,22338.75,7695.60009765625,5140.330078125,39990.23046875,22353.30078125,7630.0,5094.16015625,39224.640625,22047.75,7630.0,5098.509765625,39254.69140625,22048.30078125,1307043500.0,4748110000.0,122800000.0,351500.0
2024-03-04,7640.2998046875,5130.9501953125,40109.23046875,22405.599609375,7682.60009765625,5149.669921875,40314.640625,22440.900390625,7623.2001953125,5127.18017578125,40001.55078125,22358.30078125,7682.5,5130.990234375,40201.76171875,22403.5,1075053400.0,4758440000.0,119400000.0,298800.0
2024-03-05,7646.2001953125,5078.64990234375,40097.62890625,22356.30078125,7654.7998046875,5114.5400390625,40226.98828125,22416.900390625,7598.5,5056.81982421875,39840.33984375,22269.150390625,7640.2998046875,5110.52001953125,39881.73046875,22371.25,906735400.0,4418410000.0,115200000.0,296200.0
2024-03-06,7679.2998046875,5104.759765625,40090.78125,22474.05078125,7701.2998046875,5127.97021484375,40147.76953125,22497.19921875,7639.0,5092.22021484375,39769.0390625,22224.349609375,7646.2001953125,5108.02978515625,39792.37109375,22327.5,1392688900.0,4559050000.0,112900000.0,312300.0
2024-03-07,7692.5,5157.35986328125,39598.7109375,22493.55078125,7711.7998046875,5165.6201171875,40472.109375,22525.650390625,7645.10009765625,5128.2099609375,39518.3984375,22430.0,7679.2998046875,5132.3798828125,40331.05859375,22505.30078125,1470190800.0,4137980000.0,137200000.0,379900.0
2024-03-08,7659.7001953125,5123.68994140625,39688.94140625,,7693.89990234375,5189.259765625,39989.328125,,7646.2001953125,5117.5,39551.6015625,,7692.5,5164.4599609375,39809.55859375,,927297500.0,4208870000.0,143300000.0,
2024-03-11,7669.2001953125,5117.93994140625,38820.48828125,22332.650390625,7669.2001953125,5124.66015625,39241.28125,22526.599609375,7612.60009765625,5091.14013671875,38496.66015625,22307.25,7659.7001953125,5111.9599609375,39232.140625,22517.5,1203377500.0,3896430000.0,132900000.0,277900.0
2024-03-12,7747.7998046875,5175.27001953125,38797.51171875,22335.69921875,7764.60009765625,5179.8701171875,38841.80078125,22452.55078125,7669.2001953125,5114.47998046875,38271.37890625,22256.0,7669.2001953125,5134.2998046875,38470.390625,22334.44921875,1136566100.0,4080510000.0,112900000.0,299200.0
2024-03-13,7772.2001953125,5165.31005859375,38695.96875,21997.69921875,7785.7001953125,5179.14013671875,39147.80078125,22446.75,7738.7001953125,5151.8798828125,38452.5703125,21905.650390625,7747.7998046875,5173.490234375,39059.94921875,22432.19921875,1336746300.0,4282890000.0,105400000.0,493300.0
2024-03-14,7743.2001953125,5150.47998046875,38807.37890625,22146.650390625,7778.39990234375,5176.85009765625,38840.328125,22204.599609375,7719.10009765625,5123.2998046875,38400.171875,21917.5,7772.2001953125,5175.14013671875,38591.73046875,21982.55078125,973121100.0,4687970000.0,111100000.0,426700.0
2024-03-15,7727.39990234375,5117.08984375,38707.640625,22023.349609375,7761.10009765625,5136.85986328125,38808.6796875,22120.900390625,7727.39990234375,5104.35009765625,38519.94140625,21931.69921875,7743.2001953125,5123.31005859375,38548.16015625,22064.849609375,2813498300.0,7753670000.0,167100000.0,661500.0
2024-03-18,7722.60009765625,5149.419921875,39740.44140625,22055.69921875,7750.2001953125,5175.60009765625,39769.109375,22123.69921875,7714.89990234375,5145.47021484375,38935.46875,21916.55078125,7727.39990234375,5154.77001953125,38960.98828125,21990.099609375,1034442400.0,4036220000.0,128700000.0,356300.0
2024-03-19,7738.2998046875,5178.509765625,40003.6015625,21817.44921875,7739.7001953125,5180.31005859375,40003.6015625,21978.30078125,7699.60009765625,5131.58984375,39407.5,21793.099609375,7722.60009765625,5139.08984375,39622.578125,21946.44921875,1085005200.0,4031760000.0,134700000.0,344200.0
2024-03-20,7737.39990234375,5224.6201171875,,21839.099609375,7749.39990234375,5226.18994140625,,21930.900390625,7711.5,5171.5498046875,,21710.19921875,7738.2998046875,5181.68994140625,,21843.900390625,1032409800.0,4064850000.0,,312400.0
2024-03-21,7882.60009765625,5241.52978515625,40815.66015625,22011.94921875,7901.7998046875,5261.10009765625,40823.3203125,22080.94921875,7737.39990234375,5240.66015625,40452.19140625,21941.30078125,7737.39990234375,5253.43017578125,40511.55078125,21989.900390625,1352537800.0,4207730000.0,157200000.0,353200.0
2024-03-22,7930.89990234375,5234.18017578125,40888.4296875,22096.75,7961.39990234375,5246.08984375,41087.75,22180.69921875,7882.2001953125,5229.8701171875,40714.140625,21883.30078125,7882.60009765625,5242.47998046875,40942.87890625,21932.19921875,1056237300.0,3374700000.0,136100000.0,388700.0
2024-03-25,7917.60009765625,5218.18994140625,40414.12109375,,7939.39990234375,5229.08984375,40837.1796875,,7891.7001953125,5216.08984375,40414.12109375,,7930.89990234375,5219.52001953125,40798.9609375,,1070739800.0,3331360000.0,101500000.0,
2024-03-26,7931.0,5203.580078125,40398.03125,22004.69921875,7934.39990234375,5235.16015625,40529.53125,22073.19921875,7892.10009765625,5203.419921875,40280.8515625,21947.55078125,7917.60009765625,5228.85009765625,40345.0390625,21947.900390625,1278455500.0,3871790000.0,101400000.0,328400.0
2024-03-27,7932.0,5248.490234375,40762.73046875,22123.650390625,7938.10009765625,5249.259765625,40979.359375,22193.599609375,7893.0,5213.919921875,40452.2109375,22052.849609375,7931.0,5226.31005859375,40517.171875,22053.94921875,1017867800.0,3850500000.0,121300000.0,409100.0
2024-03-28,7952.60009765625,5254.35009765625,40168.0703125,22326.900390625,7975.39990234375,5264.85009765625,40482.01953125,22516.0,7931.39990234375,5245.81982421875,40054.05859375,22163.599609375,7932.0,5248.02978515625,40324.421875,22163.599609375,1051189700.0,3998270000.0,135600000.0,410500.0
2024-03-29,,,40369.44140625,,,,40521.7109375,,,,40268.109375,,,,40277.44921875,,,,122000000.0,
2024-04-01,,5243.77001953125,39803.08984375,22462.0,,5263.9501953125,40697.21875,22529.94921875,,5229.2001953125,39706.44921875,22427.75,,5257.97021484375,40646.69921875,22455.0,,3325930000.0,134500000.0,0.0
2024-04-02,7935.10009765625,5205.81005859375,39838.91015625,22453.30078125,8015.60009765625,5208.33984375,40151.05078125,22497.599609375,7928.60009765625,5184.0498046875,39707.87109375,22388.150390625,7952.60009765625,5204.2900390625,39892.58984375,22458.80078125,1126449500.0,3886590000.0,115800000.0,289500.0
2024-04-03,7937.39990234375,5211.490234375,39451.8515625,22434.650390625,7937.39990234375,5228.75,39625.8984375,22521.099609375,7882.7001953125,5194.3701171875,39217.0390625,22346.5,7935.10009765625,5194.3701171875,39503.71875,22385.69921875,1131676800.0,3703250000.0,123200000.0,309600.0
2024-04-04,7975.89990234375,5147.2099609375,39773.140625,22514.650390625,7990.39990234375,5256.58984375,40243.01953125,22619.0,7937.39990234375,5146.06005859375,39773.140625,22303.80078125,7937.39990234375,5244.0498046875,39928.328125,22592.099609375,1138495500.0,4075680000.0,145100000.0,401000.0
2024-04-05,7911.2001953125,5204.33984375,38992.078125,22513.69921875,7975.89990234375,5222.18017578125,39274.76171875,22537.599609375,7884.5,5157.2099609375,38774.23828125,22427.599609375,7975.89990234375,5158.9501953125,39237.390625,22486.400390625,951509100.0,3386780000.0,129600000.0,242200.0
2024-04-08,7943.5,5202.39013671875,39347.0390625,22666.30078125,7953.2001953125,5219.56982421875,39617.359375,22697.30078125,7887.89990234375,5197.35009765625,39197.0,22550.349609375,7911.2001953125,5211.3701171875,39391.98046875,22578.349609375,847327700.0,3278180000.0,108300000.0,227600.0
2024-04-09,7934.7998046875,5209.91015625,39773.12890625,22642.75,7962.7998046875,5224.81005859375,39773.12890625,22768.400390625,7917.5,5160.77978515625,39476.12890625,22612.25,7943.5,5217.02978515625,39496.94921875,22765.099609375,1000931200.0,3400680000.0,105900000.0,232400.0
2024-04-10,7961.2001953125,5160.64013671875,39581.80859375,22753.80078125,7999.7998046875,5178.43017578125,39708.69921875,22775.69921875,7916.5,5138.7001953125,39510.48046875,22673.69921875,7934.7998046875,5167.8798828125,39582.328125,22720.25,1207706000.0,3845930000.0,97400000.0,276800.0
2024-04-11,7923.7998046875,5199.06005859375,39442.62890625,,7970.10009765625,5211.77978515625,39473.48046875,,7886.89990234375,5138.77001953125,39065.30859375,,7961.2001953125,5172.9501953125,39090.6796875,,1197883800.0,3509380000.0,107000000.0,
2024-04-12,7995.60009765625,5123.41015625,39523.55078125,22519.400390625,8045.0,5175.02978515625,39774.8203125,22726.44921875,7923.7998046875,5107.93994140625,39457.73046875,22503.75,7923.7998046875,5171.509765625,39722.01953125,22677.400390625,937766700.0,3963220000.0,107100000.0,357200.0
2024-04-15,7965.5,5061.81982421875,39232.80078125,22272.5,8009.5,5168.43017578125,39232.80078125,22427.44921875,7952.10009765625,5052.47021484375,38820.94921875,22259.55078125,7995.60009765625,5149.669921875,39056.9296875,22339.05078125,820441500.0,3950210000.0,107000000.0,355500.0
2024-04-16,7820.39990234375,5051.41015625,38471.19921875,22147.900390625,7965.5,5079.83984375,38764.8203125,22213.75,7793.89990234375,5039.830078125,38322.3203125,22079.44921875,7965.5,5064.58984375,38750.671875,22125.30078125,1058250300.0,4006200000.0,133000000.0,317300.0
2024-04-17,7848.0,5022.2099609375,37961.80078125,,7893.60009765625,5077.9599609375,38587.609375,,7798.60009765625,5007.25,37961.80078125,,7820.39990234375,5068.97021484375,38587.46875,,939573900.0,3596130000.0,120600000.0,
2024-04-18,7877.10009765625,5011.1201171875,38079.69921875,21995.849609375,7898.7998046875,5056.66015625,38216.75,22326.5,7845.89990234375,5001.89013671875,37644.91015625,21961.69921875,7848.0,5031.52001953125,37745.0390625,22212.349609375,1222486300.0,3619760000.0,105800000.0,456900.0
2024-04-19,7895.89990234375,4967.22998046875,37068.3515625,22147.0,7900.5,5019.02001953125,37749.48046875,22179.55078125,7809.7001953125,4953.56005859375,36733.05859375,21777.650390625,7877.10009765625,5005.43994140625,37724.46875,21861.5,982567400.0,3878750000.0,155400000.0,362500.0
2024-04-22,8023.89990234375,5010.60009765625,37438.609375,22336.400390625,8042.7998046875,5038.83984375,37511.80078125,22375.650390625,7895.89990234375,4969.39990234375,37052.62890625,22198.150390625,7895.89990234375,4987.330078125,37240.9296875,22336.900390625,1085332800.0,3820250000.0,119400000.0,279300.0
2024-04-23,8044.7998046875,5070.5498046875,37552.16015625,22368.0,8076.5,5076.1201171875,37817.78125,22447.55078125,8021.7001953125,5027.9599609375,37397.26953125,22349.44921875,8023.89990234375,5028.85009765625,37797.05859375,22447.05078125,1082600700.0,3751400000.0,95900000.0,231500.0
2024-04-24,8040.39990234375,5071.6298828125,38460.078125,22402.400390625,8092.2001953125,5089.47998046875,38460.078125,22476.44921875,8031.7998046875,5047.02001953125,37857.46875,22384.0,8044.7998046875,5084.85986328125,37871.921875,22421.55078125,1420290700.0,3656740000.0,121100000.0,235900.0
2024-04-25,8078.89990234375,5048.419921875,37628.48046875,22570.349609375,8105.60009765625,5057.75,38129.53125,22625.94921875,8030.10009765625,4990.580078125,37604.23046875,22305.25,8040.39990234375,5019.8798828125,38065.91015625,22316.900390625,1224259900.0,3958050000.0,113900000.0,475000.0
2024-04-26,8139.7998046875,5099.9599609375,37934.76171875,22419.94921875,8146.7998046875,5114.6201171875,38097.5390625,22620.400390625,8078.89990234375,5073.14013671875,37550.69921875,22385.55078125,8078.89990234375,5084.64990234375,37725.609375,22620.400390625,904872200.0,3604140000.0,124900000.0,329900.0
2024-04-29,8147.0,5116.169921875,,22643.400390625,8189.10009765625,5123.490234375,,22655.80078125,8136.7001953125,5088.64990234375,,22441.900390625,8139.7998046875,5114.1298828125,,22475.55078125,759963000.0,3447450000.0,,292000.0
2024-04-30,8144.10009765625,5035.68994140625,38405.66015625,22604.849609375,8200.0,5110.830078125,38608.171875,22783.349609375,8138.10009765625,5035.31005859375,38182.109375,22568.400390625,8147.0,5103.77978515625,38312.66015625,22679.650390625,868339500.0,4082470000.0,151400000.0,361900.0
2024-05-01,8121.2001953125,5018.39013671875,38274.05078125,,8179.0,5096.1201171875,38433.33984375,,8111.39990234375,5013.4501953125,38036.23828125,,8144.10009765625,5029.02978515625,38107.37890625,,562235500.0,4544170000.0,108500000.0,
2024-05-02,8172.2001953125,5064.2001953125,38236.0703125,22648.19921875,8178.7998046875,5073.2099609375,38355.6015625,22710.5,8119.89990234375,5011.0498046875,37958.19140625,22567.849609375,8121.2001953125,5049.31982421875,38004.01171875,22567.849609375,919730600.0,4381660000.0,101900000.0,445900.0
2024-05-03,8213.5,5127.7900390625,,22475.849609375,8248.7001953125,5139.1201171875,,22794.69921875,8172.2001953125,5101.22021484375,,22348.05078125,8172.2001953125,5122.77978515625,,22766.349609375,658456400.0,3924990000.0,,438100.0
2024-05-06,,5180.740234375,,22442.69921875,,5181.0,,22588.80078125,,5142.419921875,,22409.44921875,,5142.419921875,,22561.599609375,,3683250000.0,,320300.0
2024-05-07,8313.7001953125,5187.7001953125,38835.1015625,22302.5,8335.7001953125,5200.22998046875,38863.140625,22499.05078125,8213.5,5178.9599609375,38541.96875,22232.05078125,8213.5,5187.2001953125,38636.23046875,22489.75,1220562500.0,3987890000.0,115200000.0,297800.0
2024-05-08,8354.099609375,5187.669921875,38202.37109375,22302.5,8365.2998046875,5191.9501953125,38749.3515625,22368.650390625,8313.7001953125,5165.85986328125,38159.8515625,22185.19921875,8313.7001953125,5168.97998046875,38677.5703125,22231.19921875,1272316300.0,3842100000.0,120100000.0,277400.0
2024-05-09,8381.400390625,5214.080078125,38073.98046875,21957.5,8396.2998046875,5215.2998046875,38429.80859375,22307.75,8349.7998046875,5180.41015625,38072.23828125,21932.400390625,8354.099609375,5189.02978515625,38242.921875,22224.80078125,1079046000.0,3727370000.0,118600000.0,331300.0
2024-05-10,8433.7998046875,5222.68017578125,38229.109375,22055.19921875,8455.7998046875,5239.66015625,38741.87890625,22131.30078125,8381.400390625,5209.68017578125,38126.91015625,21950.30078125,8381.400390625,5225.490234375,38361.7890625,21990.94921875,698222200.0,3617900000.0,167300000.0,265800.0
2024-05-13,8415.0,5221.419921875,38179.4609375,22104.05078125,8446.5,5237.259765625,38273.3984375,22131.650390625,8409.2001953125,5211.16015625,37969.578125,21821.05078125,8433.7998046875,5233.080078125,38211.609375,22027.94921875,974791500.0,4255710000.0,128700000.0,278200.0
2024-05-14,8428.099609375,5246.68017578125,38356.05859375,22217.849609375,8448.7001953125,5250.3701171875,38477.6796875,22270.05078125,8407.0,5217.97998046875,38084.7109375,22081.25,8415.0,5221.10009765625,38287.98828125,22112.900390625,1160778700.0,4763580000.0,143300000.0,230200.0
2024-05-15,8445.7998046875,5308.14990234375,38385.73046875,22200.55078125,8474.400390625,5311.759765625,38816.6015625,22297.55078125,8427.900390625,5263.259765625,38335.609375,22151.75,8428.099609375,5263.259765625,38533.08984375,22255.599609375,1112620600.0,4360810000.0,146300000.0,231900.0
2024-05-16,8438.7001953125,5297.10009765625,38920.26171875,22403.849609375,8455.7001953125,5325.490234375,38949.37890625,22432.25,8406.7001953125,5296.18994140625,38513.328125,22054.55078125,8445.7998046875,5310.06982421875,38645.9609375,22319.19921875,889766900.0,3817470000.0,157900000.0,368900.0
2024-05-17,8420.2998046875,5303.27001953125,38787.37890625,22466.099609375,8441.7001953125,5305.4501953125,38842.48828125,22502.150390625,8401.400390625,5283.58984375,38539.55859375,22345.650390625,8438.7001953125,5303.10009765625,38561.0390625,22415.25,1034395100.0,3578120000.0,133300000.0,242700.0
2024-05-20,8424.2001953125,5308.1298828125,39069.6796875,,8451.599609375,5325.31982421875,39437.16015625,,8418.0,5302.39990234375,38703.69921875,,8420.2998046875,5305.35009765625,38761.7109375,,739021000.0,3420100000.0,127400000.0,
2024-05-21,8416.5,5321.41015625,38946.9296875,22529.05078125,8424.2001953125,5324.31982421875,39346.1484375,22591.099609375,8379.099609375,5297.8701171875,38942.28125,22404.55078125,8424.2001953125,5298.68994140625,39232.16015625,22404.55078125,1001396500.0,3662240000.0,106700000.0,347600.0
2024-05-22,8370.2998046875,5307.009765625,38617.1015625,22597.80078125,8416.5,5323.18017578125,38854.98828125,22629.5,8343.400390625,5286.009765625,38592.94140625,22483.150390625,8416.5,5319.27978515625,38823.91015625,22576.599609375,1286558300.0,3847130000.0,105500000.0,290300.0
2024-05-23,8339.2001953125,5267.83984375,39103.21875,22967.650390625,8385.2001953125,5341.8798828125,39129.46875,22993.599609375,8332.2998046875,5256.93017578125,38617.4296875,22577.44921875,8370.2998046875,5340.259765625,38803.12890625,22614.099609375,1229161600.0,3869520000.0,107800000.0,369800.0
2024-05-24,8317.599609375,5304.72021484375,38646.109375,22957.099609375,8339.2001953125,5311.64990234375,38740.8203125,23026.400390625,8263.7998046875,5278.39013671875,38367.69921875,22908.0,8339.2001953125,5281.4501953125,38506.03125,22930.75,779070900.0,3005510000.0,96300000.0,261900.0
2024-05-27,,,38900.01953125,22932.44921875,,,38900.01953125,23110.80078125,,,38667.9296875,22871.19921875,,,38766.2109375,23038.94921875,,,94200000.0,260000.0
2024-05-28,8254.2001953125,5306.0400390625,38855.37109375,22888.150390625,8335.5,5315.91015625,38981.96875,22998.55078125,8241.2998046875,5280.89013671875,38756.12890625,22858.5,8317.599609375,5315.91015625,38879.1484375,22977.150390625,1202410100.0,3751540000.0,101200000.0,217900.0
2024-05-29,8183.10009765625,5266.9501953125,38556.87109375,22704.69921875,8255.400390625,5282.27001953125,39141.98828125,22825.5,8180.0,5262.7001953125,38524.23828125,22685.44921875,8254.2001953125,5278.72998046875,38880.5,22762.75,1014436000.0,3552750000.0,123900000.0,269900.0
2024-05-30,8231.099609375,5235.47998046875,38054.12890625,22488.650390625,8236.2998046875,5260.2099609375,38138.03125,22705.75,8148.5,5222.10009765625,37617.0,22417.0,8183.10009765625,5259.77001953125,38112.76953125,22617.44921875,985401500.0,3818750000.0,117300000.0,373400.0
2024-05-31,8275.400390625,5277.509765625,38487.8984375,22530.69921875,8289.2001953125,5280.330078125,38526.9296875,22653.75,8231.099609375,5191.68017578125,38087.609375,22465.099609375,8231.099609375,5243.2099609375,38173.21875,22568.099609375,2232006600.0,5437160000.0,211000000.0,572100.0
2024-06-03,8262.7998046875,5283.39990234375,38923.03125,23263.900390625,8371.7001953125,5302.10986328125,39032.5,23338.69921875,8258.900390625,5234.31982421875,38734.94921875,23062.30078125,8275.400390625,5297.14990234375,38734.94921875,23337.900390625,1095687900.0,4046920000.0,115900000.0,569400.0
2024-06-04,8232.0,5291.33984375,38837.4609375,21884.5,8263.400390625,5298.7998046875,38895.05859375,23179.5,8200.2998046875,5257.6298828125,38591.7890625,21281.44921875,8262.7998046875,5278.240234375,38702.5390625,23179.5,1127695300.0,3707900000.0,117900000.0,1006100.0
2024-06-05,8247.0,5354.02978515625,38490.171875,22620.349609375,8276.599609375,5354.16015625,38656.41015625,22670.400390625,8232.0,5297.64013671875,38343.98046875,21791.94921875,8232.0,5314.47998046875,38654.08984375,22128.349609375,879057500.0,3591460000.0,119400000.0,638500.0
2024-06-06,8285.2998046875,5352.9599609375,38703.51171875,22821.400390625,8287.099609375,5362.35009765625,39011.9296875,22910.150390625,8247.0,5335.35986328125,38693.5,22642.599609375,8247.0,5357.7998046875,38841.66015625,22798.599609375,857611200.0,3609990000.0,118900000.0,480400.0
2024-06-07,8245.400390625,5346.990234375,38683.9296875,23290.150390625,8297.0,5375.080078125,38747.26953125,23320.19921875,8210.2001953125,5331.330078125,38560.8515625,22789.05078125,8285.2998046875,5343.81005859375,38597.55078125,22821.849609375,779890300.0,3692760000.0,96200000.0,473600.0
2024-06-10,8228.5,5360.7900390625,39038.16015625,23259.19921875,8245.400390625,5365.7900390625,39081.5390625,23411.900390625,8183.5,5331.52001953125,38689.78125,23227.150390625,8245.400390625,5341.22021484375,38689.78125,23319.150390625,654032500.0,3622280000.0,89200000.0,304400.0
2024-06-11,8147.7998046875,5375.31982421875,39134.7890625,23264.849609375,8261.7001953125,5375.9501953125,39336.66015625,23389.44921875,8114.7998046875,5327.25,39074.87890625,23206.650390625,8228.5,5353.0,39175.58984375,23283.75,1117142300.0,3568030000.0,93300000.0,305200.0
2024-06-12,8215.5,5421.02978515625,38876.7109375,23322.94921875,8243.2001953125,5447.25,38945.98828125,23441.94921875,8147.7998046875,5409.1298828125,38809.359375,23295.94921875,8147.7998046875,5409.1298828125,38865.1484375,23344.44921875,1301184800.0,3962840000.0,108200000.0,295600.0
2024-06-13,8163.7001953125,5433.740234375,38720.46875,23398.900390625,8215.5,5441.93017578125,39252.44140625,23481.05078125,8147.39990234375,5402.509765625,38689.7890625,23353.900390625,8215.5,5441.93017578125,39182.05859375,23480.94921875,834387100.0,3530380000.0,115900000.0,268300.0
2024-06-14,8146.89990234375,5431.60009765625,38814.55859375,23465.599609375,8178.2001953125,5432.39013671875,39025.69921875,23490.400390625,8112.89990234375,5403.75,38554.75,23334.25,8163.7001953125,5424.080078125,38587.5703125,23464.94921875,805001800.0,3438650000.0,157100000.0,223100.0
2024-06-17,8142.2001953125,5473.22998046875,38102.44140625,,8187.2998046875,5488.5,38442.69921875,,8120.89990234375,5420.39990234375,37950.19921875,,8146.89990234375,5431.10986328125,38440.98046875,,834637300.0,3447840000.0,107500000.0,
2024-06-18,8191.2998046875,5487.02978515625,38482.109375,23557.900390625,8200.0,5490.3798828125,38519.01953125,23579.05078125,8142.2001953125,5471.31982421875,38332.890625,23499.69921875,8142.2001953125,5476.14990234375,38433.48046875,23570.80078125,756939400.0,3544330000.0,97100000.0,272200.0
2024-06-19,8205.099609375,,38570.76171875,23516.0,8212.7001953125,,38797.96875,23664.0,8164.5,,38453.41015625,23412.900390625,8191.2998046875,,38653.91015625,23629.849609375,697498200.0,,93600000.0,328800.0
2024-06-20,8272.5,5473.169921875,38633.01953125,23567.0,8272.5,5505.52978515625,38637.62109375,23624.0,8203.599609375,5455.56005859375,38263.078125,23442.599609375,8205.099609375,5499.990234375,38410.3203125,23586.150390625,927926100.0,3847060000.0,88000000.0,280300.0
2024-06-21,8237.7001953125,5464.6201171875,38596.46875,23501.099609375,8282.7001953125,5478.31005859375,38795.6796875,23667.099609375,8188.10009765625,5452.02978515625,38532.12890625,23398.19921875,8272.5,5466.77001953125,38608.66015625,23661.150390625,1819197400.0,6773800000.0,140800000.0,609900.0
2024-06-24,8281.599609375,5447.8701171875,38804.6484375,23537.849609375,8307.900390625,5490.66015625,38905.46875,23558.099609375,8217.400390625,5447.58984375,38416.0703125,23350.0,8237.7001953125,5459.580078125,38497.421875,23382.30078125,895710300.0,3696750000.0,93500000.0,239400.0
2024-06-25,8247.7998046875,5469.2998046875,39173.1484375,23721.30078125,8294.2001953125,5472.8798828125,39215.0703125,23754.150390625,8245.7001953125,5446.56005859375,38758.0703125,23562.05078125,8281.599609375,5460.72998046875,38833.8984375,23577.099609375,859380400.0,3591960000.0,108300000.0,298100.0
2024-06-26,8225.2998046875,5477.89990234375,39667.0703125,23868.80078125,8302.0,5483.14013671875,39788.62890625,23889.900390625,8205.0,5451.8701171875,39233.55859375,23670.44921875,8247.7998046875,5460.7099609375,39364.73046875,23723.099609375,1093912900.0,3563920000.0,108900000.0,287800.0
2024-06-27,8179.7001953125,5482.8701171875,39341.5390625,24044.5,8232.900390625,5490.81005859375,39439.23828125,24087.44921875,8179.7001953125,5467.5400390625,39193.51171875,23805.400390625,8225.2998046875,5473.58984375,39434.46875,23881.55078125,754106600.0,3589530000.0,115000000.0,515200.0
2024-06-28,8164.10009765625,5460.47998046875,39583.078125,24010.599609375,8237.400390625,5523.64013671875,39783.69921875,24174.0,8162.7001953125,5451.1201171875,39485.73046875,23985.80078125,8179.7001953125,5488.47998046875,39593.01171875,24085.900390625,819548300.0,7199220000.0,124300000.0,354800.0
2024-07-01,8166.7998046875,5475.08984375,39631.05859375,24141.94921875,8225.099609375,5479.5498046875,39942.69140625,24164.0,8164.10009765625,5446.52978515625,39537.1015625,23992.69921875,8164.10009765625,5471.080078125,39839.8203125,23992.94921875,0.0,3488760000.0,118800000.0,0.0
2024-07-02,8121.2001953125,5509.009765625,40074.69140625,24123.849609375,8166.7998046875,5509.68994140625,40113.48046875,24236.349609375,8106.7998046875,5458.43017578125,39457.62109375,24056.400390625,8166.7998046875,5461.83984375,39543.609375,24228.75,757009000.0,3329950000.0,135100000.0,0.0
2024-07-03,8171.10009765625,5537.02001953125,40580.76171875,24286.5,8178.0,5539.27001953125,40694.2109375,24309.150390625,8121.2001953125,5507.419921875,40172.8515625,24207.099609375,8121.2001953125,5507.43994140625,40225.828125,24291.75,859717100.0,2179470000.0,125600000.0,0.0
2024-07-04,8241.2998046875,,40913.6484375,24302.150390625,8258.0,,40971.23046875,24401.0,8171.0,,40604.1484375,24281.0,8171.10009765625,,40747.58984375,24369.94921875,559314100.0,,118000000.0,251200.0
2024-07-05,8203.900390625,5567.18994140625,40912.37109375,24323.849609375,8279.7998046875,5570.330078125,41100.12890625,24363.0,8182.7001953125,5531.6298828125,40746.890625,24168.849609375,8241.2998046875,5537.91015625,41009.359375,24213.349609375,1000832900.0,3253080000.0,114200000.0,298400.0
2024-07-08,8193.5,5572.85009765625,40780.69921875,24320.55078125,8232.7998046875,5583.10986328125,41112.23828125,24344.599609375,8175.2998046875,5562.509765625,40780.69921875,24240.55078125,8203.900390625,5572.75,40863.140625,24329.44921875,704970200.0,3185670000.0,113000000.0,266300.0
2024-07-09,8139.7998046875,5576.97998046875,41580.171875,24433.19921875,8217.099609375,5590.75,41769.3515625,24443.599609375,8132.5,5574.56982421875,40942.44140625,24331.900390625,8193.5,5584.240234375,40953.41015625,24351.0,1039860100.0,3232920000.0,118200000.0,250500.0
2024-07-10,8193.5,5633.91015625,41831.98828125,24324.44921875,8194.900390625,5635.39013671875,41889.16015625,24461.05078125,8138.2001953125,5586.43994140625,41430.37890625,24141.80078125,8139.7998046875,5591.259765625,41444.328125,24459.849609375,685247000.0,3336100000.0,134400000.0,292300.0
2024-07-11,8223.2998046875,5584.5400390625,42224.01953125,24315.94921875,8231.7998046875,5642.4501953125,42426.76953125,24402.650390625,8190.7998046875,5576.52978515625,42102.4609375,24193.75,8193.5,5635.2099609375,42343.71875,24396.55078125,582695700.0,4020950000.0,123000000.0,306400.0
2024-07-12,8252.900390625,5615.35009765625,41190.6796875,24502.150390625,8276.2998046875,5655.56005859375,41754.76171875,24592.19921875,8223.2998046875,5590.43994140625,41188.2890625,24331.150390625,8223.2998046875,5590.759765625,41668.859375,24387.94921875,517847100.0,3700280000.0,130400000.0,325800.0
2024-07-15,8183.0,5631.22021484375,,24586.69921875,8252.900390625,5666.93994140625,,24635.05078125,8174.60009765625,5614.75,,24522.75,8252.900390625,5638.16015625,,24587.599609375,549833100.0,3620470000.0,,305400.0
2024-07-16,8164.89990234375,5667.2001953125,41275.078125,24613.0,8183.0,5669.669921875,41520.0703125,24661.25,8126.10009765625,5639.02001953125,41220.6484375,24587.650390625,8183.0,5644.08984375,41366.7890625,24615.900390625,565898400.0,4041760000.0,100800000.0,283200.0
2024-07-17,8187.5,5588.27001953125,41097.69140625,,8204.2998046875,5622.490234375,41466.44921875,,8132.0,5584.81005859375,41054.71875,,8164.89990234375,5610.06982421875,41416.1796875,,746457300.0,4246450000.0,109900000.0,
2024-07-18,8204.900390625,5544.58984375,40126.3515625,24800.849609375,8267.7998046875,5614.0498046875,40587.62890625,24837.75,8187.5,5522.81005859375,40104.21875,24504.44921875,8187.5,5608.56005859375,40521.7109375,24543.80078125,541507400.0,4007510000.0,117600000.0,350900.0
2024-07-19,8155.7001953125,5505.0,40063.7890625,24530.900390625,8184.2998046875,5557.5,40212.8984375,24854.80078125,8135.10009765625,5497.0400390625,39824.578125,24508.150390625,8150.10009765625,5543.3701171875,39965.91015625,24853.80078125,665426100.0,3760570000.0,99800000.0,343800.0
2024-07-22,8198.7998046875,5564.41015625,39599.0,24509.25,8240.400390625,5570.35986328125,39973.19921875,24595.19921875,8155.7001953125,5529.0400390625,39519.390625,24362.30078125,8155.7001953125,5544.5400390625,39947.94921875,24445.75,782317000.0,3375180000.0,82700000.0,324200.0
2024-07-23,8167.39990234375,5555.740234375,39594.390625,24479.05078125,8228.099609375,5585.33984375,39927.890625,24582.55078125,8151.5,5550.89990234375,39519.91015625,24074.19921875,8198.7998046875,5565.2998046875,39864.08984375,24568.900390625,882774300.0,3500210000.0,88300000.0,436400.0
2024-07-24,8153.7001953125,5427.1298828125,39154.8515625,24413.5,8170.7001953125,5508.0400390625,39643.26953125,24504.25,8112.0,5419.97998046875,39096.5,24307.25,8167.39990234375,5505.83984375,39336.73828125,24444.94921875,614501800.0,3945550000.0,110300000.0,366600.0
2024-07-25,8186.39990234375,5399.22021484375,37869.51171875,24406.099609375,8187.5,5491.58984375,38557.7890625,24426.150390625,8056.0,5390.9501953125,37825.578125,24210.80078125,8153.7001953125,5428.7001953125,38524.19921875,24230.94921875,1025703700.0,4592120000.0,143000000.0,391800.0
2024-07-26,8285.7001953125,5459.10009765625,37667.41015625,24834.849609375,8290.2998046875,5488.31982421875,38105.9609375,24861.150390625,8181.2001953125,5430.7001953125,37611.19140625,24410.900390625,8186.39990234375,5433.669921875,37792.87109375,24423.349609375,659245500.0,3638770000.0,124000000.0,383800.0
2024-07-29,8292.400390625,5463.5400390625,38468.62890625,24836.099609375,8368.400390625,5487.740234375,38719.69921875,24999.75,8285.7001953125,5444.43994140625,38010.01171875,24774.599609375,8285.7001953125,5476.5498046875,38139.12109375,24943.30078125,780780900.0,3379970000.0,107300000.0,355000.0
2024-07-30,8274.400390625,5436.43994140625,38525.94921875,24857.30078125,8297.900390625,5489.4599609375,38531.16015625,24971.75,8235.599609375,5401.7001953125,38076.69921875,24798.650390625,8292.400390625,5478.72998046875,38241.3515625,24839.400390625,706783100.0,3777740000.0,109700000.0,385000.0
2024-07-31,8368.0,5522.2998046875,39101.8203125,24951.150390625,8399.900390625,5551.509765625,39188.37109375,24984.599609375,8274.400390625,5493.75,37954.37890625,24856.5,8274.400390625,5505.58984375,38140.76953125,24886.69921875,839006300.0,4546910000.0,146400000.0,333600.0
2024-08-01,8283.400390625,5446.68017578125,38126.328125,25010.900390625,8405.2001953125,5566.16015625,38781.55859375,25078.30078125,8268.099609375,5410.419921875,37737.87890625,24956.400390625,8368.0,5537.83984375,38781.55859375,25030.94921875,911054200.0,4703620000.0,178800000.0,431300.0
2024-08-02,8174.7001953125,5346.56005859375,35909.69921875,24717.69921875,8283.400390625,5383.89013671875,37471.51953125,24851.900390625,8158.0,5302.02978515625,35880.1484375,24686.849609375,8283.400390625,5376.6298828125,37444.171875,24789.0,1234144400.0,5156450000.0,204300000.0,345000.0
2024-08-05,8008.2001953125,5186.330078125,31458.419921875,24055.599609375,8174.7001953125,5250.89013671875,35301.1796875,24350.05078125,7915.89990234375,5119.259765625,31156.119140625,23893.69921875,8174.7001953125,5151.14013671875,35249.359375,24302.849609375,1648338500.0,5333250000.0,285600000.0,487000.0
2024-08-06,8026.7001953125,5240.02978515625,34675.4609375,23992.55078125,8058.2998046875,5312.33984375,34911.80078125,24382.599609375,7949.89990234375,5193.56005859375,32077.330078125,23960.400390625,8008.2001953125,5206.419921875,32077.330078125,24189.849609375,1282405500.0,4690190000.0,251200000.0,312300.0
2024-08-07,8166.89990234375,5199.5,35089.62109375,24297.5,8177.0,5330.64013671875,35849.76953125,24337.69921875,8026.7001953125,5195.5400390625,33739.4609375,24184.900390625,8026.7001953125,5293.1298828125,34122.3515625,24289.400390625,816442600.0,4558260000.0,242800000.0,317600.0
2024-08-08,8145.0,5319.31005859375,34831.1484375,24117.0,8166.89990234375,5328.02978515625,35379.6484375,24340.5,8064.2998046875,5233.85009765625,34207.16015625,24079.69921875,8166.89990234375,5252.56982421875,34645.7890625,24248.55078125,755462800.0,4016830000.0,165300000.0,311900.0
2024-08-09,8168.10009765625,5344.16015625,35025.0,24367.5,8203.5,5358.669921875,35671.30859375,24419.75,8144.39990234375,5300.83984375,34445.5703125,24311.19921875,8145.0,5314.66015625,35272.33984375,24386.849609375,873989200.0,3516400000.0,176900000.0,215100.0
2024-08-12,8210.2998046875,5344.39013671875,,24347.0,8223.5,5371.2001953125,,24472.80078125,8168.10009765625,5324.3701171875,,24212.099609375,8168.10009765625,5351.8798828125,,24320.05078125,1655696200.0,3360160000.0,,279900.0
2024-08-13,8235.2001953125,5434.43017578125,36232.51171875,24139.0,8244.400390625,5436.5,36232.51171875,24359.94921875,8188.0,5376.97998046875,35476.7890625,24116.5,8210.2998046875,5376.97998046875,35490.578125,24342.349609375,532750100.0,3648980000.0,140700000.0,239700.0
2024-08-14,8281.099609375,5455.2099609375,36442.4296875,24143.75,8288.7001953125,5463.22021484375,36683.890625,24196.5,8230.7001953125,5415.91015625,36074.7109375,24099.69921875,8235.2001953125,5442.35986328125,36535.6015625,24184.400390625,610726800.0,3380050000.0,135600000.0,303300.0
2024-08-15,8347.400390625,5543.22021484375,36726.640625,,8367.0,5546.22998046875,36885.16015625,,8277.099609375,5501.1298828125,36381.3984375,,8281.099609375,5501.1298828125,36381.3984375,,863763000.0,3723310000.0,119700000.0,
2024-08-16,8311.400390625,5554.25,38062.671875,24541.150390625,8350.400390625,5561.97998046875,38143.55078125,24563.900390625,8292.0,5525.169921875,37304.9296875,24204.5,8347.400390625,5530.5,37304.9296875,24334.849609375,515420800.0,3357690000.0,129500000.0,271600.0
2024-08-19,8356.900390625,5608.25,37388.62109375,24572.650390625,8374.0,5608.2998046875,38125.26953125,24638.80078125,8286.5,5550.740234375,37318.0390625,24522.94921875,8311.400390625,5557.22998046875,37863.76171875,24636.349609375,637975500.0,3222050000.0,107800000.0,243600.0
2024-08-20,8273.2998046875,5597.1201171875,38062.921875,24698.849609375,8356.900390625,5620.509765625,38236.390625,24734.30078125,8270.7001953125,5585.5,37738.30078125,24607.19921875,8356.900390625,5602.8798828125,37847.8515625,24648.900390625,492210300.0,2994420000.0,110600000.0,238300.0
2024-08-21,8283.400390625,5620.85009765625,37951.80078125,24770.19921875,8295.900390625,5632.68017578125,38026.01953125,24787.94921875,8263.0,5591.56982421875,37605.828125,24654.5,8273.2998046875,5603.08984375,37653.33984375,24680.55078125,825049200.0,3119670000.0,94800000.0,257100.0
2024-08-22,8288.0,5570.64013671875,38211.01171875,24811.5,8318.599609375,5643.22021484375,38408.19140625,24867.349609375,8277.0,5560.9501953125,37883.859375,24784.44921875,8283.400390625,5637.77001953125,38033.78125,24863.400390625,797295800.0,2981530000.0,92800000.0,220300.0
2024-08-23,8327.7998046875,5634.60986328125,38364.26953125,24823.150390625,8331.900390625,5641.81982421875,38424.26953125,24858.400390625,8288.0,5585.16015625,38053.46875,24771.650390625,8288.0,5602.490234375,38278.1796875,24845.400390625,615482100.0,3291940000.0,89800000.0,206800.0
2024-08-26,,5616.83984375,38110.21875,25010.599609375,,5651.6201171875,38204.80859375,25043.80078125,,5602.33984375,37825.30859375,24874.69921875,,5639.66015625,38156.41015625,24906.099609375,,2938570000.0,91700000.0,210300.0
2024-08-27,8345.5,5625.7998046875,38288.62109375,25017.75,8400.400390625,5631.18017578125,38365.640625,25073.099609375,8327.7998046875,5593.47998046875,37911.3203125,24973.650390625,8327.7998046875,5602.89013671875,38066.30859375,25024.80078125,785508100.0,2798990000.0,84300000.0,223300.0
2024-08-28,8343.900390625,5592.18017578125,38371.76171875,25052.349609375,8362.7001953125,5627.02978515625,38399.91015625,25129.599609375,8322.2998046875,5560.9501953125,38141.48828125,24964.650390625,8345.5,5624.509765625,38221.37890625,25030.80078125,624469700.0,3053450000.0,88700000.0,220400.0
2024-08-29,8379.599609375,5591.9599609375,38362.53125,25151.94921875,8392.400390625,5646.9501953125,38401.1484375,25192.900390625,8336.599609375,5583.7099609375,37970.19921875,24998.5,8343.900390625,5607.2998046875,38119.94921875,25035.30078125,613890100.0,3065640000.0,106500000.0,354000.0
2024-08-30,8376.599609375,5648.39990234375,38647.75,25235.900390625,8414.400390625,5651.3701171875,38669.7890625,25268.349609375,8363.7001953125,5581.7900390625,38316.87109375,25199.400390625,8379.599609375,5612.740234375,38388.0390625,25249.69921875,1081528600.0,4185850000.0,136600000.0,638200.0
2024-09-02,8363.7998046875,,38700.87109375,25278.69921875,8380.099609375,,39080.640625,25333.650390625,8353.2001953125,,38476.51171875,25235.5,8376.599609375,,39025.30859375,25333.599609375,510920500.0,,87100000.0,222800.0
2024-09-03,8298.5,5528.93017578125,38686.30859375,25279.849609375,8381.0,5623.89013671875,38967.55859375,25321.69921875,8286.599609375,5504.330078125,38581.55078125,25235.80078125,8363.7998046875,5623.89013671875,38745.76171875,25313.400390625,1022494600.0,3866350000.0,91200000.0,212100.0
2024-09-04,8269.599609375,5520.06982421875,37047.609375,25198.69921875,8298.5,5552.990234375,38080.01953125,25216.0,8219.2998046875,5503.66015625,36879.328125,25083.80078125,8298.5,5506.68017578125,38039.91015625,25089.94921875,724921200.0,3478140000.0,144400000.0,253800.0
2024-09-05,8241.7001953125,5503.41015625,36657.08984375,25145.099609375,8285.599609375,5546.2998046875,37099.9609375,25275.44921875,8241.7001953125,5480.5400390625,36359.23046875,25127.75,8269.599609375,5520.080078125,36536.25,25250.5,738779600.0,3521650000.0,111300000.0,222200.0
2024-09-06,8181.5,5408.419921875,36391.46875,24852.150390625,8260.7001953125,5522.47021484375,36898.28125,25168.75,8168.39990234375,5402.6201171875,36235.609375,24801.30078125,8241.7001953125,5507.330078125,36815.0,25093.69921875,704014000.0,3822800000.0,111700000.0,311700.0
2024-09-09,8270.7998046875,5471.0498046875,36215.75,24936.400390625,8274.7001953125,5484.2001953125,36248.12109375,24957.5,8181.5,5434.490234375,35247.87109375,24753.150390625,8181.5,5442.06982421875,35805.8203125,24823.400390625,626820000.0,3825940000.0,118200000.0,254400.0
2024-09-10,8206.0,5495.52001953125,36159.16015625,25041.099609375,8271.099609375,5497.91015625,36537.03125,25130.5,8195.099609375,5441.72021484375,36001.578125,24896.80078125,8270.7998046875,5490.509765625,36386.12109375,24999.400390625,815663300.0,3848180000.0,112300000.0,251300.0
2024-09-11,8193.900390625,5554.1298828125,35619.76953125,24918.44921875,8232.7998046875,5560.41015625,36056.87109375,25113.69921875,8170.0,5406.9599609375,35253.4296875,24885.150390625,8206.0,5496.419921875,36029.8984375,25034.0,867081200.0,3839450000.0,127600000.0,279200.0
2024-09-12,8241.0,5595.759765625,36833.26953125,25388.900390625,8301.400390625,5600.7099609375,36902.2109375,25433.349609375,8193.900390625,5535.5,36172.26171875,24941.44921875,8193.900390625,5557.47998046875,36185.62109375,25059.650390625,1071633400.0,3655070000.0,126300000.0,380100.0
2024-09-13,8273.099609375,5626.02001953125,36581.76171875,25356.5,8287.900390625,5636.27001953125,36887.3984375,25430.5,8230.7998046875,5601.64990234375,36441.33984375,25292.44921875,8241.0,5603.33984375,36882.41015625,25430.44921875,535984000.0,3500790000.0,115900000.0,250800.0
2024-09-16,8278.400390625,5633.08984375,,25383.75,8290.0,5636.0498046875,,25445.69921875,8247.900390625,5604.52978515625,,25336.19921875,8273.099609375,5615.2099609375,,25406.650390625,451756300.0,3437070000.0,,168700.0
2024-09-17,8309.900390625,5634.580078125,36203.21875,25418.55078125,8351.7001953125,5670.81005859375,36663.1796875,25441.650390625,8278.400390625,5614.0498046875,35828.5390625,25352.25,8278.400390625,5655.509765625,36601.9296875,25416.900390625,746474800.0,3443600000.0,127300000.0,216000.0
2024-09-18,8253.7001953125,5618.259765625,36380.171875,25377.55078125,8310.0,5689.75,36675.0703125,25482.19921875,8245.7001953125,5615.080078125,36127.44921875,25285.55078125,8309.900390625,5641.68017578125,36546.0390625,25402.400390625,800042600.0,3691390000.0,99900000.0,215700.0
2024-09-19,8328.7001953125,5713.64013671875,37155.328125,25415.80078125,8370.5,5733.56982421875,37394.51953125,25611.94921875,8253.7001953125,5686.419921875,36958.9296875,25376.05078125,8253.7001953125,5702.6298828125,36958.9296875,25487.05078125,861254500.0,4024530000.0,114100000.0,314500.0
2024-09-20,8230.0,5702.5498046875,37723.91015625,25790.94921875,8328.7001953125,5715.14013671875,37974.71875,25849.25,8223.7998046875,5674.490234375,37654.109375,25426.599609375,8328.7001953125,5709.64013671875,37714.0703125,25525.94921875,1575731600.0,7867260000.0,162600000.0,533100.0
2024-09-23,8259.7001953125,5718.56982421875,,25939.05078125,8262.5,5725.35986328125,,25956.0,8210.099609375,5704.22021484375,,25847.349609375,8230.0,5711.89990234375,,25872.55078125,653474700.0,3529550000.0,,209200.0
2024-09-24,8282.7998046875,5732.93017578125,37940.58984375,25940.400390625,8309.7998046875,5735.31982421875,38427.1484375,26011.55078125,8259.5,5698.990234375,37902.98828125,25886.849609375,8259.7001953125,5727.66015625,38171.359375,25921.44921875,1018907500.0,3872710000.0,113500000.0,384100.0
2024-09-25,8268.7001953125,5722.259765625,37870.26171875,26004.150390625,8319.400390625,5741.02978515625,38109.23828125,26032.80078125,8243.0,5712.06005859375,37868.83984375,25871.349609375,8282.7998046875,5733.64990234375,37947.3515625,25899.44921875,712916300.0,3624910000.0,108200000.0,278500.0
2024-09-26,8284.900390625,5745.3701171875,38925.62890625,26216.05078125,8332.900390625,5767.3701171875,38925.62890625,26250.900390625,8262.0,5721.009765625,38240.6484375,25998.400390625,8268.7001953125,5762.22021484375,38266.7890625,26005.400390625,835609300.0,4391180000.0,141000000.0,370900.0
2024-09-27,8320.7998046875,5738.169921875,39829.55859375,26178.94921875,8334.599609375,5763.77978515625,39829.55859375,26277.349609375,8283.5,5727.33984375,38917.98046875,26151.400390625,8284.900390625,5755.35986328125,39108.26953125,26248.25,801571600.0,3898530000.0,161900000.0,490300.0
2024-09-30,8237.0,5762.47998046875,37919.55078125,25810.849609375,8324.599609375,5765.14013671875,39126.359375,26134.69921875,8234.0,5703.52978515625,37797.91015625,25794.099609375,8320.7998046875,5726.52001953125,39117.828125,26061.30078125,831097600.0,4425730000.0,190500000.0,343100.0
2024-10-01,8276.7001953125,5708.75,38651.96875,25796.900390625,8291.099609375,5757.72998046875,38718.12890625,25907.599609375,8226.2001953125,5681.27978515625,38232.46875,25739.19921875,8237.0,5757.72998046875,38232.46875,25788.44921875,928541100.0,4025180000.0,132100000.0,247400.0
2024-10-02,8290.900390625,5709.5400390625,37808.76171875,,8322.599609375,5719.6298828125,38213.5390625,,8267.599609375,5674.0,37651.0703125,,8276.7001953125,5698.14013671875,38136.19921875,,804855900.0,3829050000.0,139600000.0,
2024-10-03,8282.5,5699.93994140625,38552.05859375,25250.099609375,8332.7001953125,5718.77978515625,38856.75,25639.44921875,8262.0,5677.3701171875,38457.62109375,25230.30078125,8290.900390625,5698.18994140625,38459.12890625,25452.849609375,918547500.0,3597450000.0,126800000.0,423400.0
2024-10-04,8280.599609375,5751.06982421875,38635.62109375,25014.599609375,8300.7001953125,5753.2099609375,38735.2890625,25485.05078125,8234.2001953125,5702.830078125,38501.8203125,24966.80078125,8282.5,5737.47998046875,38594.73046875,25181.900390625,721509500.0,3479400000.0,121200000.0,374900.0
2024-10-07,8303.599609375,5695.93994140625,39332.73828125,24795.75,8323.400390625,5739.33984375,39560.78125,25143.0,8260.099609375,5686.85009765625,39195.9296875,24694.349609375,8280.599609375,5737.7998046875,39239.921875,25084.099609375,645451200.0,3637790000.0,128000000.0,374300.0
2024-10-08,8190.60009765625,5751.1298828125,38937.5390625,25013.150390625,8303.599609375,5757.60009765625,39117.08984375,25044.0,8184.0,5714.56005859375,38817.5390625,24756.80078125,8303.599609375,5719.14013671875,39021.12890625,24832.19921875,754710600.0,3393400000.0,120400000.0,333200.0
2024-10-09,8243.7001953125,5792.0400390625,39277.9609375,24981.94921875,8244.400390625,5796.7998046875,39456.28125,25234.05078125,8188.7001953125,5745.02001953125,39115.62890625,24947.69921875,8190.60009765625,5751.7998046875,39385.48828125,25065.80078125,501110700.0,3650340000.0,106800000.0,290600.0
2024-10-10,8237.7001953125,5780.0498046875,39380.890625,24998.44921875,8272.5,5795.02978515625,39616.58984375,25134.05078125,8218.400390625,5764.759765625,39282.19140625,24979.400390625,8243.7001953125,5778.35986328125,39575.80078125,25067.05078125,675185500.0,3208790000.0,103500000.0,261400.0
2024-10-11,8253.7001953125,5815.02978515625,39605.80078125,24964.25,8265.7001953125,5822.1298828125,39668.9296875,25028.650390625,8211.900390625,5775.08984375,39415.26171875,24920.05078125,8237.7001953125,5775.08984375,39636.87109375,24985.30078125,519343300.0,3208720000.0,110900000.0,210500.0
2024-10-14,8292.7001953125,5859.85009765625,,25127.94921875,8292.7001953125,5871.41015625,,25159.75,8237.7001953125,5829.56982421875,,25017.5,8253.7001953125,5829.81005859375,,25023.44921875,652695500.0,3005250000.0,,206400.0
2024-10-15,8249.2998046875,5815.259765625,39910.55078125,25057.349609375,8306.2001953125,5870.35986328125,40257.33984375,25212.05078125,8242.0,5804.47998046875,39910.55078125,25008.150390625,8292.7001953125,5866.740234375,40047.1484375,25186.30078125,836071600.0,3882120000.0,129000000.0,257200.0
2024-10-16,8329.099609375,5842.47021484375,39180.30078125,24971.30078125,8346.599609375,5846.52001953125,39362.62890625,25093.400390625,8249.2998046875,5808.33984375,39062.8515625,24908.44921875,8249.2998046875,5816.580078125,39362.62890625,25008.55078125,983516200.0,3467230000.0,108100000.0,226800.0
2024-10-17,8385.099609375,5841.47021484375,38911.19140625,24749.849609375,8395.599609375,5878.4599609375,39299.73828125,25029.5,8322.099609375,5840.25,38911.19140625,24728.900390625,8329.099609375,5875.6201171875,39263.8203125,25027.400390625,910215100.0,3480010000.0,107200000.0,252800.0
2024-10-18,8358.2998046875,5864.669921875,38981.75,24854.05078125,8385.099609375,5872.169921875,39186.640625,24886.19921875,8315.900390625,5846.10986328125,38893.51953125,24567.650390625,8385.099609375,5859.43017578125,39092.46875,24664.94921875,790396700.0,3374490000.0,95700000.0,290900.0
2024-10-21,8318.2001953125,5853.97998046875,38954.6015625,24781.099609375,8391.7998046875,5866.919921875,39119.671875,24978.30078125,8318.2001953125,5824.7900390625,38775.58984375,24679.599609375,8358.2998046875,5857.81982421875,38960.19921875,24956.150390625,641070600.0,3407010000.0,99000000.0,242000.0
2024-10-22,8306.5,5851.2001953125,38411.9609375,24472.099609375,8318.2001953125,5863.0400390625,38995.03125,24882.0,8252.400390625,5821.169921875,38200.8203125,24445.80078125,8318.2001953125,5832.7001953125,38933.6015625,24798.650390625,628688300.0,3342080000.0,110400000.0,279500.0
2024-10-23,8258.599609375,5797.419921875,38104.859375,24435.5,8323.2001953125,5834.85009765625,38514.328125,24604.25,8252.400390625,5762.41015625,37987.62109375,24378.099609375,8306.5,5834.5,38397.28125,24378.150390625,750920700.0,3532650000.0,95400000.0,284600.0
2024-10-24,8269.400390625,5809.85986328125,38143.2890625,24399.400390625,8337.7001953125,5817.7998046875,38320.390625,24480.650390625,8256.7998046875,5784.919921875,37712.19140625,24341.19921875,8258.599609375,5817.7998046875,37804.51953125,24412.69921875,1021483500.0,3543030000.0,108700000.0,216700.0
2024-10-25,8248.7998046875,5808.1201171875,37913.921875,24180.80078125,8278.099609375,5862.81982421875,38028.140625,24440.25,8246.2001953125,5799.97998046875,37713.0,24073.900390625,8269.400390625,5826.75,37954.78125,24418.05078125,963757400.0,3501280000.0,90700000.0,372600.0
2024-10-28,8285.599609375,5823.52001953125,38605.53125,24339.150390625,8293.599609375,5842.919921875,38740.171875,24492.599609375,8208.900390625,5823.080078125,37757.94921875,24134.900390625,8248.7998046875,5833.93017578125,37757.94921875,24251.099609375,1029866000.0,3691280000.0,116600000.0,278600.0
2024-10-29,8219.599609375,5832.919921875,38903.6796875,24466.849609375,8325.5,5847.18994140625,38903.6796875,24484.5,8215.2998046875,5802.169921875,38416.8515625,24140.849609375,8285.599609375,5819.68017578125,38524.30078125,24328.849609375,1071605800.0,3879100000.0,97400000.0,332000.0
2024-10-30,8159.60009765625,5813.669921875,39277.390625,24340.849609375,8219.599609375,5850.93994140625,39417.87890625,24498.19921875,8153.7998046875,5811.27978515625,39094.30078125,24307.30078125,8219.599609375,5832.64990234375,39102.890625,24371.44921875,1059873900.0,3851120000.0,221800000.0,285200.0
2024-10-31,8110.10009765625,5705.4501953125,39081.25,24205.349609375,8159.60009765625,5775.33984375,39249.2109375,24372.44921875,8071.7001953125,5702.85986328125,38832.2109375,24172.599609375,8159.60009765625,5775.33984375,39179.71875,24349.849609375,1073856200.0,4425660000.0,144300000.0,287000.0
2024-11-01,8177.2001953125,5728.7998046875,38053.671875,24304.349609375,8202.599609375,5772.52001953125,38512.828125,24368.25,8105.2998046875,5723.22021484375,37946.66015625,24280.19921875,8110.10009765625,5723.22021484375,38504.3515625,24302.75,865735500.0,3796450000.0,130300000.0,38800.0
2024-11-04,8184.2001953125,5712.68994140625,,23995.349609375,8239.900390625,5741.43017578125,,24316.75,8175.7998046875,5696.509765625,,23816.150390625,8177.2001953125,5725.14990234375,,24315.75,933157300.0,3602060000.0,,285500.0
2024-11-05,8172.39990234375,5782.759765625,38474.8984375,24213.30078125,8215.7998046875,5783.43994140625,38620.19140625,24229.05078125,8148.2998046875,5722.10009765625,38159.73046875,23842.75,8184.2001953125,5722.43017578125,38274.21875,23916.5,841056500.0,3768310000.0,120000000.0,289500.0
2024-11-06,8166.7001953125,5929.0400390625,39480.671875,24484.05078125,8301.7998046875,5936.14013671875,39664.53125,24537.599609375,8144.2998046875,5864.89013671875,38662.171875,24204.05078125,8172.39990234375,5864.89013671875,38677.94921875,24308.75,1036073800.0,6329530000.0,170600000.0,351100.0
2024-11-07,8140.7001953125,5973.10009765625,39381.41015625,24199.349609375,8195.2998046875,5983.83984375,39884.01171875,24503.349609375,8140.7001953125,5947.2099609375,39020.21875,24179.05078125,8166.7001953125,5947.2099609375,39745.23046875,24489.599609375,961904700.0,4925740000.0,190000000.0,322200.0
2024-11-08,8072.39990234375,5995.5400390625,39500.37109375,24148.19921875,8156.5,6012.4501953125,39818.41015625,24276.150390625,8060.89990234375,5976.759765625,39377.87109375,24066.650390625,8140.7001953125,5976.759765625,39783.44921875,24207.69921875,833664800.0,4666740000.0,159300000.0,298700.0
2024-11-11,8125.2001953125,6001.35009765625,39533.3203125,24141.30078125,8148.2001953125,6017.31005859375,39598.73828125,24336.80078125,8072.39990234375,5986.68994140625,39315.609375,24004.599609375,8072.39990234375,6008.85986328125,39417.2109375,24087.25,648655300.0,4333000000.0,122700000.0,273400.0
2024-11-12,8025.7998046875,5983.990234375,39376.08984375,23883.44921875,8125.2001953125,6009.919921875,39866.71875,24242.0,8018.60009765625,5960.080078125,39137.890625,23839.150390625,8125.2001953125,6003.60009765625,39642.78125,24225.80078125,973035400.0,4243400000.0,163000000.0,255800.0
2024-11-13,8030.2998046875,5985.3798828125,38721.66015625,23559.05078125,8062.7001953125,6008.18994140625,39377.23828125,23873.599609375,7995.89990234375,5965.91015625,38600.26171875,23509.599609375,8025.7998046875,5985.75,39317.1484375,23822.44921875,1001024100.0,4220180000.0,150400000.0,304600.0
2024-11-14,8071.2001953125,5949.169921875,38535.69921875,23532.69921875,8083.10009765625,5993.8798828125,39084.44140625,23675.900390625,8012.7998046875,5942.27978515625,38535.69921875,23484.150390625,8030.2998046875,5989.68017578125,38911.0390625,23542.150390625,662893000.0,4184570000.0,133800000.0,257700.0
2024-11-15,8063.60009765625,5870.6201171875,38642.91015625,,8091.89990234375,5915.31982421875,39101.640625,,8030.0,5853.009765625,38642.91015625,,8071.2001953125,5912.7900390625,38749.55859375,,740001000.0,4590960000.0,143900000.0,
2024-11-18,8109.2998046875,5893.6201171875,38220.8515625,23453.80078125,8109.2998046875,5908.1201171875,38548.30078125,23606.80078125,8054.10009765625,5865.9501953125,38150.390625,23350.400390625,8063.60009765625,5874.169921875,38259.58984375,23605.30078125,800777400.0,3983860000.0,106000000.0,263300.0
2024-11-19,8099.0,5916.97998046875,38414.4296875,23518.5,8145.89990234375,5923.509765625,38560.1015625,23780.650390625,8052.0,5855.2900390625,38246.359375,23464.80078125,8109.2998046875,5870.0498046875,38396.71875,23529.55078125,740741000.0,4036940000.0,109200000.0,297500.0
2024-11-20,8085.10009765625,5917.10986328125,38352.33984375,,8128.39990234375,5920.669921875,38520.44921875,,8074.2001953125,5860.56005859375,38180.1484375,,8099.0,5914.33984375,38475.69921875,,744104500.0,3772620000.0,103500000.0,
2024-11-21,8149.2998046875,5948.7099609375,38026.171875,23349.900390625,8152.89990234375,5963.31982421875,38374.69140625,23507.30078125,8065.2001953125,5887.259765625,37945.2109375,23263.150390625,8085.10009765625,5940.580078125,38352.87109375,23488.44921875,856150000.0,4230120000.0,101900000.0,420300.0
2024-11-22,8262.099609375,5969.33984375,38283.8515625,23907.25,8274.7998046875,5972.89990234375,38420.62890625,23956.099609375,8149.2998046875,5944.35986328125,38085.12890625,23359.0,8149.2998046875,5944.35986328125,38146.98046875,23411.80078125,791049500.0,4141420000.0,103300000.0,367600.0
2024-11-25,8291.7001953125,5987.3701171875,38780.140625,24221.900390625,8307.2998046875,6020.75,39053.640625,24351.55078125,8261.7998046875,5963.91015625,38672.171875,24135.44921875,8262.099609375,5992.27978515625,38679.9296875,24253.55078125,1952081800.0,5633150000.0,192400000.0,687200.0
2024-11-26,8258.599609375,6021.6298828125,38442.0,24194.5,8291.7001953125,6025.419921875,38596.76171875,24343.30078125,8245.7998046875,5992.27001953125,38020.078125,24125.400390625,8291.7001953125,6000.02978515625,38596.76171875,24343.30078125,771580100.0,3835170000.0,122800000.0,230700.0
2024-11-27,8274.7998046875,5998.740234375,38134.96875,24274.900390625,8280.0,6020.16015625,38332.44921875,24354.55078125,8237.7001953125,5984.8701171875,37988.98828125,24145.650390625,8258.599609375,6014.10986328125,38327.859375,24204.80078125,658162500.0,3363340000.0,120500000.0,295000.0
2024-11-28,8281.2001953125,,38349.05859375,23914.150390625,8303.7998046875,,38478.3203125,24345.75,8271.900390625,,37801.62109375,23873.349609375,8274.7998046875,,37935.94140625,24274.150390625,515831900.0,,103400000.0,366700.0
2024-11-29,8287.2998046875,6032.3798828125,38208.03125,24131.099609375,8292.5,6044.169921875,38270.05859375,24188.44921875,8252.900390625,6003.97998046875,37986.96875,23927.150390625,8281.2001953125,6003.97998046875,38205.078125,23927.150390625,588369200.0,2444420000.0,102300000.0,282100.0
2024-12-02,8312.900390625,6047.14990234375,38513.01953125,24276.05078125,8332.0,6053.580078125,38552.41015625,24301.69921875,8274.7001953125,6035.330078125,37958.55078125,24008.650390625,8287.2998046875,6040.10986328125,38216.94921875,24140.849609375,822818500.0,4412470000.0,110500000.0,220400.0
2024-12-03,8359.400390625,6049.8798828125,39248.859375,24457.150390625,8388.400390625,6052.06982421875,39427.37109375,24481.349609375,8311.900390625,6033.39013671875,38746.05078125,24280.0,8312.900390625,6042.97021484375,38748.6484375,24367.5,815525800.0,4095000000.0,142200000.0,339500.0
2024-12-04,8335.7998046875,6086.490234375,39276.390625,24467.44921875,8362.7998046875,6089.83984375,39417.078125,24573.19921875,8322.7998046875,6061.06005859375,39062.03125,24366.30078125,8359.400390625,6069.39013671875,39354.0,24488.75,760035100.0,4003390000.0,119100000.0,348000.0
2024-12-05,8349.400390625,6075.10986328125,39395.6015625,24708.400390625,8350.7001953125,6094.5498046875,39632.30078125,24857.75,8321.599609375,6072.89990234375,39323.0390625,24295.55078125,8335.7998046875,6089.02978515625,39610.4296875,24539.150390625,855079400.0,4212020000.0,116400000.0,361500.0
2024-12-06,8308.599609375,6090.27001953125,39091.171875,24677.80078125,8357.599609375,6099.97021484375,39468.46875,24751.05078125,8303.5,6079.97998046875,38940.44140625,24620.5,8349.400390625,6081.3798828125,39371.55859375,24729.44921875,1058504800.0,3924830000.0,101500000.0,226700.0
2024-12-09,8352.099609375,6052.85009765625,39160.5,24619.0,8372.099609375,6088.509765625,39332.55078125,24705.0,8308.599609375,6048.6298828125,38972.78125,24580.05078125,8308.599609375,6083.009765625,39332.55078125,24633.900390625,731046000.0,4556460000.0,113100000.0,248100.0
2024-12-10,8280.400390625,6034.91015625,39367.578125,24610.05078125,8352.099609375,6065.39990234375,39465.140625,24677.80078125,8274.5,6029.89013671875,39171.69140625,24510.650390625,8352.099609375,6057.58984375,39375.48828125,24652.650390625,605634700.0,4048410000.0,110300000.0,261000.0
2024-12-11,8301.599609375,6084.18994140625,39372.23046875,24641.80078125,8318.900390625,6092.58984375,39401.9296875,24691.75,8248.400390625,6060.14990234375,39112.80078125,24583.849609375,8280.400390625,6060.14990234375,39357.76953125,24620.5,1274444500.0,4269950000.0,105800000.0,187300.0
2024-12-12,8311.7998046875,6051.25,39849.140625,24548.69921875,8331.099609375,6079.68017578125,40091.55078125,24675.25,8300.2001953125,6051.25,39827.58984375,24527.94921875,8301.599609375,6074.2900390625,39849.96875,24604.44921875,584951900.0,3678010000.0,121100000.0,266100.0
2024-12-13,8300.2998046875,6051.08984375,39470.44140625,24768.30078125,8331.900390625,6078.580078125,39734.98828125,24792.30078125,8282.400390625,6035.77001953125,39247.41015625,24180.80078125,8311.7998046875,6068.169921875,39624.05078125,24498.349609375,653230000.0,3584960000.0,123900000.0,310100.0
2024-12-16,8262.099609375,6074.080078125,39457.48828125,24668.25,8305.2001953125,6085.18994140625,39632.171875,24781.25,8254.099609375,6059.14013671875,39371.421875,24601.75,8300.2998046875,6063.7900390625,39551.21875,24753.400390625,621726000.0,4391100000.0,87500000.0,187600.0
2024-12-17,8195.2001953125,6050.60986328125,39364.6796875,24336.0,8262.099609375,6057.68017578125,39796.21875,24624.099609375,8190.2001953125,6035.18994140625,39364.6796875,24303.44921875,8262.099609375,6052.5498046875,39589.6484375,24584.80078125,1176055700.0,4544500000.0,115700000.0,264900.0
2024-12-18,8199.099609375,5872.16015625,39081.7109375,24198.849609375,8231.7998046875,6070.669921875,39382.69140625,24394.44921875,8191.60009765625,5867.7900390625,39081.7109375,24149.849609375,8195.2001953125,6047.64990234375,39176.87890625,24297.94921875,836400800.0,5246960000.0,132200000.0,235300.0
2024-12-19,8105.2998046875,5867.080078125,38813.578125,23951.69921875,8199.099609375,5935.52001953125,38913.0703125,24004.900390625,8079.0,5866.06982421875,38355.51953125,23870.30078125,8199.099609375,5912.7099609375,38522.26953125,23877.150390625,802810600.0,4896880000.0,147700000.0,271100.0
2024-12-20,8084.60009765625,5930.85009765625,38701.8984375,23587.5,8105.7998046875,5982.06005859375,39039.6796875,24065.80078125,8002.2998046875,5832.2998046875,38701.8984375,23537.349609375,8105.2998046875,5842.0,38950.28125,23960.69921875,1608807700.0,8223220000.0,184500000.0,442700.0
2024-12-23,8102.7001953125,5974.06982421875,39161.33984375,23753.44921875,8111.39990234375,5978.25,39210.171875,23869.55078125,8051.89990234375,5902.56982421875,38847.12890625,23647.19921875,8084.60009765625,5940.25,39040.71875,23738.19921875,573891100.0,3593280000.0,103200000.0,189800.0
2024-12-24,8137.0,6040.0400390625,39036.8515625,23727.650390625,8152.0,6040.10009765625,39245.75,23867.650390625,8102.7001953125,5981.43994140625,38995.76171875,23685.150390625,8102.7001953125,5984.6298828125,39210.23046875,23769.099609375,243246600.0,1757720000.0,116200000.0,177700.0
2024-12-25,,,39130.4296875,,,,39180.58984375,,,,38927.16015625,,,,39168.51953125,,,,116100000.0,
2024-12-26,,6037.58984375,39568.05859375,23750.19921875,,6049.75,39592.28125,23854.5,,6007.3701171875,39110.921875,23653.599609375,,6024.97021484375,39129.30859375,23775.80078125,,2904530000.0,131400000.0,177700.0
2024-12-27,8149.7998046875,5970.83984375,40281.16015625,23813.400390625,8151.2998046875,6006.169921875,40398.23046875,23938.849609375,8112.2998046875,5932.9501953125,39669.390625,23800.599609375,8137.0,6006.169921875,39672.1484375,23801.400390625,356239100.0,3159610000.0,159500000.0,176800.0
2024-12-30,8121.0,5906.93994140625,39894.5390625,23644.900390625,8149.7998046875,5940.7900390625,40325.78125,23915.349609375,8094.89990234375,5869.16015625,39864.4609375,23599.30078125,8149.7998046875,5920.669921875,40325.78125,23796.900390625,325039700.0,3433250000.0,110600000.0,364900.0
2024-12-31,8173.0,5881.6298828125,,23644.80078125,8180.39990234375,5929.740234375,,23689.849609375,8096.7001953125,5868.85986328125,,23460.44921875,8121.0,5919.740234375,,23560.599609375,203355200.0,3128350000.0,,193600.0
2025-01-01,,,,23742.900390625,,,,23822.80078125,,,,23562.80078125,,,,23637.650390625,,,,154900.0
2025-01-02,8260.099609375,5868.5498046875,,24188.650390625,8270.599609375,5935.08984375,,24226.69921875,8160.60009765625,5829.52978515625,,23751.55078125,8173.0,5903.259765625,,23783.0,422219900.0,3621680000.0,,283200.0
2025-01-03,8224.0,5942.47021484375,,24004.75,8269.0,5949.33984375,,24196.44921875,8219.7001953125,5888.66015625,,23976.0,8260.099609375,5891.06982421875,,24196.400390625,742503900.0,3667340000.0,,312300.0
2025-01-06,8249.7001953125,5975.3798828125,39307.05078125,23616.05078125,8249.7001953125,6021.0400390625,39993.5,24089.94921875,8197.5,5960.009765625,39232.78125,23551.900390625,8224.0,5982.81005859375,39945.421875,24045.80078125,766244700.0,4940120000.0,137900000.0,278100.0
2025-01-07,8245.2998046875,5909.02978515625,40083.30078125,23707.900390625,8251.7998046875,6000.68017578125,40288.80078125,23795.19921875,8190.5,5890.68017578125,39584.359375,23637.80078125,8249.7001953125,5993.259765625,39584.359375,23679.900390625,741506800.0,4517330000.0,127000000.0,262300.0
2025-01-08,8251.0,5918.25,39981.05859375,23688.94921875,8267.400390625,5927.89013671875,40105.71875,23751.849609375,8189.5,5874.77978515625,39705.80859375,23496.150390625,8245.2998046875,5910.66015625,39879.359375,23746.650390625,899645300.0,4441740000.0,118800000.0,266400.0
2025-01-09,8319.7001953125,,39605.08984375,23526.5,8322.599609375,,39930.0703125,23689.5,8243.2001953125,,39385.05078125,23503.05078125,8251.0,,39888.91015625,23674.75,837818000.0,,117000000.0,269200.0
2025-01-10,8248.5,5827.0400390625,39190.3984375,23431.5,8326.2998046875,5890.35009765625,39591.4609375,23596.599609375,8247.599609375,5807.77978515625,39166.05078125,23344.349609375,8319.7001953125,5890.35009765625,39550.25,23551.900390625,912377200.0,4751930000.0,113200000.0,261000.0
2025-01-13,8224.2001953125,5836.22021484375,,23085.94921875,8254.0,5838.60986328125,,23340.94921875,8192.2998046875,5773.31005859375,,23047.25,8248.5,5782.02001953125,,23195.400390625,896847800.0,4421200000.0,,316500.0
2025-01-14,8201.5,5842.91015625,38474.30078125,23176.05078125,8244.2998046875,5871.919921875,39054.3515625,23264.94921875,8193.5,5805.419921875,38305.91015625,23134.150390625,8224.2001953125,5859.27001953125,39010.9609375,23165.900390625,955210200.0,4142280000.0,126900000.0,311200.0
2025-01-15,8301.099609375,5949.91015625,38444.578125,23213.19921875,8307.599609375,5960.60986328125,38774.98828125,23293.650390625,8199.599609375,5905.2099609375,38316.01171875,23146.44921875,8201.5,5905.2099609375,38721.609375,23250.44921875,1038434200.0,4544570000.0,100700000.0,228000.0
2025-01-16,8391.900390625,5937.33984375,38572.6015625,23311.80078125,8391.900390625,5964.68994140625,38932.5390625,23391.650390625,8301.099609375,5930.72021484375,38426.19921875,23272.05078125,8301.099609375,5963.60986328125,38732.6484375,23377.25,801801600.0,4285810000.0,114200000.0,299400.0
2025-01-17,8505.2001953125,5996.66015625,38451.4609375,23203.19921875,8533.400390625,6014.9599609375,38503.94140625,23292.099609375,8391.7998046875,5978.43994140625,38055.6796875,23100.349609375,8391.900390625,5995.39990234375,38454.1015625,23277.099609375,1066188700.0,4366830000.0,115300000.0,272900.0
2025-01-20,8520.5,,38902.5,23344.75,8548.599609375,,39032.9296875,23391.099609375,8501.7998046875,,38671.76953125,23170.650390625,8505.2001953125,,38671.76953125,23290.400390625,731489400.0,,87500000.0,301500.0
2025-01-21,8548.2998046875,6049.240234375,39027.98046875,23024.650390625,8550.400390625,6051.509765625,39238.2109375,23426.30078125,8513.400390625,6006.8798828125,38643.83984375,22976.849609375,8520.5,6014.1201171875,39163.53125,23421.650390625,793665300.0,4702920000.0,93300000.0,312900.0
2025-01-22,8545.099609375,6086.3701171875,39646.25,23155.349609375,8584.7001953125,6100.81005859375,39694.5703125,23169.55078125,8527.7998046875,6076.1298828125,39332.62890625,22981.30078125,8548.2998046875,6081.39013671875,39355.21875,23099.150390625,993162800.0,4323040000.0,108500000.0,276000.0
2025-01-23,8565.2001953125,6118.7099609375,39958.87109375,23205.349609375,8572.5,6118.72998046875,40036.0703125,23270.80078125,8532.099609375,6074.669921875,39677.21875,23090.650390625,8545.099609375,6076.31982421875,39810.05859375,23128.30078125,1052013500.0,4432250000.0,119100000.0,275600.0
2025-01-24,8502.400390625,6101.240234375,39931.98046875,23092.19921875,8586.7001953125,6128.18017578125,40279.7890625,23347.30078125,8492.7001953125,6088.740234375,39806.69140625,23050.0,8565.2001953125,6121.43017578125,40060.48828125,23183.900390625,699240800.0,4214250000.0,122600000.0,264300.0
2025-01-27,8503.7001953125,6012.27978515625,39565.80078125,22829.150390625,8514.2001953125,6017.169921875,40255.6796875,23007.44921875,8462.2001953125,5962.919921875,39520.7890625,22786.900390625,8502.400390625,5969.0400390625,40127.73828125,22940.150390625,684095200.0,5198750000.0,117200000.0,257400.0
2025-01-28,8533.900390625,6067.7001953125,39016.87109375,22957.25,8573.0,6074.5400390625,39448.55078125,23137.94921875,8503.599609375,5994.6298828125,38886.05078125,22857.650390625,8503.7001953125,6026.97021484375,39400.01953125,22960.44921875,762856300.0,4473640000.0,132000000.0,361900.0
2025-01-29,8557.7998046875,6039.31005859375,39414.78125,23163.099609375,8584.099609375,6062.830078125,39448.23828125,23183.349609375,8518.2998046875,6012.9599609375,39129.140625,22976.5,8533.900390625,6057.7001953125,39273.80078125,23026.75,769283700.0,4115310000.0,108600000.0,226300.0
2025-01-30,8646.900390625,6071.169921875,39513.96875,23249.5,8655.2001953125,6086.64013671875,39600.9296875,23322.05078125,8547.900390625,6027.4599609375,39221.359375,23139.19921875,8557.7998046875,6050.75,39302.8515625,23169.5,641234300.0,4634620000.0,107900000.0,361900.0
2025-01-31,8674.0,6040.52978515625,39572.48828125,23508.400390625,8692.7998046875,6120.91015625,39681.8203125,23546.80078125,8646.900390625,6030.93017578125,39458.94921875,23277.400390625,8646.900390625,6096.7900390625,39574.37890625,23296.75,1136186800.0,4843770000.0,123300000.0,304900.0
2025-02-01,,,,23482.150390625,,,,23632.44921875,,,,23318.30078125,,,,23528.599609375,,,,281000.0
2025-02-03,8583.599609375,5994.56982421875,38520.08984375,23361.05078125,8674.0,6022.1298828125,38948.609375,23381.599609375,8520.2001953125,5923.93017578125,38401.8203125,23222.0,8674.0,5969.64990234375,38932.66015625,23319.349609375,776851300.0,4797210000.0,169200000.0,329700.0
2025-02-04,8570.7998046875,6037.8798828125,38798.37109375,23739.25,8583.599609375,6042.47998046875,39192.51171875,23762.75,8524.7001953125,5990.8701171875,38590.9609375,23423.150390625,8583.599609375,5998.14013671875,39078.66015625,23509.900390625,1132804200.0,4410160000.0,144300000.0,376700.0
2025-02-05,8623.2998046875,6061.47998046875,38831.48046875,23696.30078125,8623.2998046875,6062.85986328125,39118.94921875,23807.30078125,8550.2001953125,6007.06005859375,38682.1796875,23680.44921875,8570.7998046875,6020.4501953125,38979.2109375,23801.75,794984000.0,4756250000.0,151200000.0,267000.0
2025-02-06,8727.2998046875,6083.56982421875,39066.53125,23603.349609375,8767.5,6084.02978515625,39190.12890625,23773.55078125,8623.2998046875,6046.830078125,38851.51171875,23556.25,8623.2998046875,6072.22021484375,38977.578125,23761.94921875,776192500.0,4847120000.0,154700000.0,307000.0
2025-02-07,8700.5,6025.990234375,38787.01953125,23559.94921875,8728.900390625,6101.27978515625,39007.94140625,23694.5,8685.7998046875,6019.9599609375,38753.19921875,23443.19921875,8727.2998046875,6083.1298828125,38907.76171875,23649.5,993507700.0,4766900000.0,148700000.0,368100.0
2025-02-10,8767.7998046875,6066.43994140625,38801.171875,23381.599609375,8785.900390625,6073.3798828125,38895.73828125,23568.599609375,8694.599609375,6044.83984375,38606.3203125,23316.30078125,8700.5,6046.39990234375,38736.37109375,23543.80078125,835975800.0,4458760000.0,134600000.0,234200.0
2025-02-11,8777.400390625,6068.5,,23071.80078125,8789.599609375,6076.27978515625,,23390.05078125,8750.5,6042.33984375,,22986.650390625,8767.7998046875,6049.31982421875,,23383.55078125,900729100.0,4324880000.0,,268000.0
2025-02-12,8807.400390625,6051.97021484375,38963.69921875,23045.25,8810.599609375,6063.0,39102.6484375,23144.69921875,8759.400390625,6003.0,38794.23828125,22798.349609375,8777.400390625,6025.080078125,39049.12109375,23050.80078125,853097300.0,4627960000.0,175500000.0,279700.0
2025-02-13,8764.7001953125,6115.06982421875,39461.46875,23031.400390625,8820.900390625,6116.91015625,39581.46875,23235.5,8729.599609375,6050.9501953125,39112.171875,22992.19921875,8807.400390625,6060.58984375,39225.5,23055.75,873981500.0,4763800000.0,130400000.0,265700.0
2025-02-14,8732.5,6114.6298828125,39149.4296875,22929.25,8767.7001953125,6127.47021484375,39543.9296875,23133.69921875,8717.5,6107.6201171875,39133.94140625,22774.849609375,8764.7001953125,6115.52001953125,39419.25,23096.44921875,900486200.0,4335190000.0,132900000.0,254500.0
2025-02-17,8768.0,,39174.25,22959.5,8769.099609375,,39238.75,22974.19921875,8725.2998046875,,39021.23046875,22725.44921875,8732.5,,39094.08984375,22809.900390625,628962700.0,,111300000.0,207400.0
2025-02-18,8766.7001953125,6129.580078125,39270.3984375,22945.30078125,8787.7001953125,6129.6298828125,39508.55078125,22992.5,8757.7998046875,6099.509765625,39151.7109375,22801.5,8768.0,6121.60009765625,39187.98828125,22963.650390625,681039100.0,4684980000.0,116000000.0,210600.0
2025-02-19,8712.5,6144.14990234375,39164.609375,22932.900390625,8771.2001953125,6147.43017578125,39298.05078125,23049.94921875,8696.900390625,6111.14990234375,38994.69921875,22814.849609375,8766.7001953125,6117.759765625,39230.62109375,22847.25,763343900.0,4562330000.0,124300000.0,207000.0
2025-02-20,8663.0,6117.52001953125,38678.0390625,22913.150390625,8712.7001953125,6134.5,38967.01171875,22923.849609375,8650.7998046875,6084.58984375,38468.71875,22812.75,8712.5,6134.5,38942.91015625,22821.099609375,1295365000.0,4813690000.0,125200000.0,240800.0
2025-02-21,8659.400390625,6013.1298828125,38776.94140625,22795.900390625,8684.7998046875,6114.81982421875,38808.80859375,22921.0,8638.599609375,6008.56005859375,38456.53125,22720.30078125,8663.0,6114.10009765625,38523.0703125,22857.19921875,987174200.0,5434560000.0,130100000.0,242800.0
2025-02-24,8659.0,5983.25,,22553.349609375,8688.2998046875,6043.64990234375,,22668.05078125,8614.099609375,5977.830078125,,22518.80078125,8659.400390625,6026.68994140625,,22609.349609375,793153400.0,4990120000.0,,214300.0
2025-02-25,8668.7001953125,5955.25,38237.7890625,22547.55078125,8712.2001953125,5992.64990234375,38485.94921875,22625.30078125,8628.099609375,5908.490234375,38131.7890625,22513.900390625,8659.0,5982.72998046875,38359.671875,22516.44921875,918642700.0,5374690000.0,132900000.0,250300.0
2025-02-26,8731.5,5956.06005859375,38142.37109375,,8738.2998046875,6009.81982421875,38175.23828125,,8668.7001953125,5932.68994140625,37742.76171875,,8668.7001953125,5970.8701171875,38143.6796875,,983507000.0,4869580000.0,120800000.0,
2025-02-27,8756.2001953125,5861.56982421875,38256.171875,22545.05078125,8768.099609375,5993.68994140625,38369.9609375,22613.30078125,8680.599609375,5858.77978515625,38061.94140625,22508.400390625,8731.5,5981.8798828125,38251.109375,22568.94921875,1169088400.0,5057680000.0,121600000.0,289200.0
2025-02-28,8809.7001953125,5954.5,37155.5,22124.69921875,8810.5,5959.39990234375,37925.28125,22450.349609375,8715.400390625,5837.66015625,36840.12109375,22104.849609375,8756.2001953125,5856.740234375,37853.48046875,22433.400390625,2236877400.0,6441140000.0,191600000.0,551300.0
2025-03-03,8871.2998046875,5849.72021484375,37785.46875,22119.30078125,8908.7998046875,5986.08984375,37827.62109375,22261.55078125,8809.7001953125,5810.91015625,37372.26171875,22004.69921875,8809.7001953125,5968.330078125,37617.5,22194.55078125,1257576300.0,5613850000.0,115800000.0,282400.0
2025-03-04,8759.0,5778.14990234375,37331.1796875,22082.650390625,8873.7001953125,5865.080078125,37587.48828125,22105.05078125,8746.0,5732.58984375,36816.16015625,21964.599609375,8871.2998046875,5811.97998046875,37532.01171875,21974.44921875,1075235300.0,6138110000.0,138200000.0,253300.0
2025-03-05,8755.7998046875,5842.6298828125,37418.23828125,22337.30078125,8835.7001953125,5860.58984375,37606.33984375,22394.900390625,8752.5,5742.35009765625,37178.71875,22067.80078125,8759.0,5781.35986328125,37345.73828125,22073.05078125,1274923200.0,5285970000.0,130900000.0,305900.0
2025-03-06,8682.7998046875,5738.52001953125,37704.9296875,22544.69921875,8778.2001953125,5812.080078125,37874.37890625,22556.44921875,8645.7998046875,5711.64013671875,37580.87890625,22245.849609375,8755.7998046875,5785.8701171875,37654.94921875,22476.349609375,1027583200.0,5165080000.0,137700000.0,372100.0
2025-03-07,8679.900390625,5770.2001953125,36887.171875,22552.5,8701.2998046875,5783.009765625,37221.6484375,22633.80078125,8627.2998046875,5666.2900390625,36813.62109375,22464.75,8682.7998046875,5726.009765625,37198.30078125,22508.650390625,916305900.0,5705140000.0,136800000.0,289800.0
2025-03-10,8600.2001953125,5614.56005859375,37028.26953125,22460.30078125,8700.7998046875,5705.3701171875,37113.48046875,22676.75,8591.599609375,5564.02001953125,36705.01953125,22429.05078125,8679.900390625,5705.3701171875,36972.58984375,22521.849609375,1518951000.0,6409370000.0,109800000.0,293900.0
2025-03-11,8496.0,5572.06982421875,36793.109375,22497.900390625,8603.900390625,5636.2998046875,36793.109375,22522.099609375,8481.099609375,5528.41015625,35987.12890625,22314.69921875,8600.2001953125,5603.64990234375,36584.37109375,22345.94921875,1065664100.0,6221240000.0,153600000.0,347900.0
2025-03-12,8541.0,5599.2998046875,36819.08984375,22470.5,8565.5,5642.18994140625,36956.328125,22577.400390625,8496.0,5546.08984375,36658.859375,22329.55078125,8496.0,5624.83984375,36763.1015625,22536.349609375,974845500.0,5219830000.0,128700000.0,369700.0
2025-03-13,8542.599609375,5521.52001953125,36790.03125,22397.19921875,8581.599609375,5597.77978515625,37326.26953125,22558.05078125,8513.7001953125,5504.64990234375,36776.94140625,22377.349609375,8541.0,5594.4501953125,37081.640625,22541.5,772709400.0,5018980000.0,119300000.0,287500.0
2025-03-14,8632.2998046875,5638.93994140625,37053.1015625,,8642.7998046875,5645.27001953125,37154.390625,,8538.099609375,5563.85009765625,36594.0390625,,8542.599609375,5563.85009765625,36606.78125,,770290500.0,4863180000.0,134800000.0,
2025-03-17,8680.2998046875,5675.1201171875,37396.51953125,22508.75,8688.400390625,5703.52001953125,37563.26953125,22577.0,8625.0,5631.1201171875,37377.55078125,22353.150390625,8632.2998046875,5635.60009765625,37453.828125,22353.150390625,845612500.0,5031770000.0,120300000.0,251100.0
2025-03-18,8705.2001953125,5614.66015625,37845.421875,22834.30078125,8727.0,5654.52978515625,38004.19921875,22857.80078125,8680.2998046875,5597.759765625,37822.87109375,22599.19921875,8680.2998046875,5654.52978515625,37868.5703125,22662.25,1112954700.0,4666270000.0,133500000.0,272600.0
2025-03-19,8706.7001953125,5675.2900390625,37751.87890625,22907.599609375,8718.7001953125,5715.330078125,38128.578125,22940.69921875,8662.599609375,5622.2001953125,37751.87890625,22807.94921875,8705.2001953125,5632.3701171875,37839.390625,22874.94921875,824383600.0,4660090000.0,116800000.0,324000.0
2025-03-20,8702.0,5662.89013671875,,23190.650390625,8742.7998046875,5711.14990234375,,23216.69921875,8665.2998046875,5632.330078125,,22973.94921875,8706.7001953125,5646.919921875,,23036.599609375,918761900.0,4678420000.0,,313700.0
2025-03-21,8646.7998046875,5667.56005859375,37677.05859375,23350.400390625,8702.0,5670.83984375,37968.01953125,23402.69921875,8616.0,5603.10009765625,37619.37109375,23132.80078125,8702.0,5630.72998046875,37619.37109375,23168.25,1930845700.0,9367460000.0,181800000.0,541000.0
2025-03-24,8638.0,5767.56982421875,37608.48828125,23658.349609375,8695.599609375,5775.14013671875,37841.6796875,23708.75,8616.400390625,5718.080078125,37608.48828125,23433.5,8646.7998046875,5718.080078125,37841.6796875,23515.400390625,617343400.0,4517990000.0,101600000.0,311900.0
2025-03-25,8663.7998046875,5776.64990234375,37780.5390625,23668.650390625,8717.0,5786.9501953125,38115.6484375,23869.599609375,8638.0,5760.419921875,37686.26171875,23601.400390625,8638.0,5775.9599609375,37953.1484375,23751.5,1090882500.0,4467340000.0,107300000.0,338200.0
2025-03-26,8689.599609375,5712.2001953125,38027.2890625,23486.849609375,8714.7998046875,5783.6201171875,38220.69140625,23736.5,8656.400390625,5694.41015625,37873.28125,23451.69921875,8663.7998046875,5771.66015625,38106.66015625,23700.94921875,704514600.0,4183140000.0,117100000.0,278600.0
2025-03-27,8666.099609375,5693.31005859375,37799.96875,23591.94921875,8689.7001953125,5732.27978515625,37859.05859375,23646.44921875,8611.400390625,5670.93994140625,37556.75,23412.19921875,8689.599609375,5695.64013671875,37750.66015625,23433.94921875,702932000.0,4403460000.0,140000000.0,510300.0
2025-03-28,8658.900390625,5580.93994140625,37120.328125,23519.349609375,8694.2001953125,5685.89013671875,37359.94921875,23649.19921875,8636.900390625,5572.419921875,36864.9296875,23450.19921875,8666.099609375,5679.2001953125,37357.51953125,23600.400390625,747545800.0,4513330000.0,133200000.0,295400.0
2025-03-31,8582.7998046875,5611.85009765625,35617.55859375,,8658.900390625,5627.56005859375,36440.1796875,,8531.0,5488.72998046875,35541.71875,,8658.900390625,5527.91015625,36440.1796875,,925075000.0,5257250000.0,168400000.0,
2025-04-01,8634.7998046875,5633.06982421875,35624.48046875,23165.69921875,8671.900390625,5650.56982421875,36052.5390625,23565.150390625,8581.900390625,5558.52001953125,35537.859375,23136.400390625,8582.7998046875,5597.52978515625,35961.19140625,23341.099609375,682410100.0,4434500000.0,123600000.0,314300.0
2025-04-02,8608.5,5670.97021484375,35725.87109375,23332.349609375,8634.7998046875,5695.31005859375,35778.8984375,23350.0,8548.2998046875,5571.47998046875,35426.328125,23158.44921875,8634.7998046875,5580.759765625,35751.01953125,23192.599609375,601417800.0,4243830000.0,128700000.0,341000.0
2025-04-03,8474.7001953125,5396.52001953125,34735.9296875,23250.099609375,8608.5,5499.52978515625,35044.73046875,23306.5,8453.2001953125,5390.830078125,34102.0,23145.80078125,8608.5,5492.740234375,35041.671875,23150.30078125,1403210800.0,7210470000.0,195800000.0,283200.0
2025-04-04,8055.0,5074.080078125,33780.578125,22904.44921875,8474.7001953125,5292.14013671875,34320.109375,23214.69921875,8023.5,5069.89990234375,33259.76171875,22857.44921875,8474.7001953125,5292.14013671875,34304.66015625,23190.400390625,1572146400.0,8853500000.0,227600000.0,466800.0
2025-04-07,7702.10009765625,5062.25,31136.580078125,22161.599609375,8055.0,5246.56982421875,33158.87109375,22254.0,7544.7998046875,4835.0400390625,30792.740234375,21743.650390625,8055.0,4953.7900390625,33154.96875,21758.400390625,2001791200.0,8691980000.0,266700000.0,647100.0
2025-04-08,7910.5,4982.77001953125,33012.578125,22535.849609375,7984.2001953125,5267.47021484375,33257.16015625,22697.19921875,7702.10009765625,4910.419921875,31703.689453125,22270.849609375,7702.10009765625,5193.56982421875,31729.109375,22446.75,1346508600.0,7408140000.0,191900000.0,468300.0
2025-04-09,7679.5,5456.89990234375,31714.029296875,22399.150390625,7910.5,5481.33984375,32565.83984375,22468.69921875,7599.60009765625,4948.43017578125,31258.1796875,22353.25,7910.5,4965.27978515625,32529.23046875,22460.30078125,1348496400.0,9489600000.0,199300000.0,383800.0
2025-04-10,7913.2998046875,5268.0498046875,34609.0,,8166.5,5353.14990234375,34639.390625,,7679.5,5115.27001953125,32320.66015625,,7679.5,5353.14990234375,32321.2109375,,1430098700.0,6677140000.0,201600000.0,
2025-04-11,7964.2001953125,5363.35986328125,33585.578125,22828.55078125,8000.7998046875,5381.4599609375,33953.2890625,22923.900390625,7862.7001953125,5220.77001953125,32626.580078125,22695.400390625,7913.2998046875,5255.56005859375,33951.25,22695.400390625,1328746600.0,5602550000.0,182600000.0,402200.0
2025-04-14,8134.2998046875,5405.97021484375,33982.359375,,8160.2001953125,5459.4599609375,34325.58984375,,7964.2001953125,5358.02001953125,33887.69921875,,7964.2001953125,5441.9599609375,34006.37109375,,712694800.0,5031440000.0,118800000.0,
2025-04-15,8249.099609375,5396.6298828125,34267.5390625,23328.55078125,8257.7998046875,5450.41015625,34459.0,23368.349609375,8134.0,5386.43994140625,34266.30859375,23207.0,8134.2998046875,5411.990234375,34349.01171875,23368.349609375,830488500.0,4317110000.0,113800000.0,388300.0
2025-04-16,8275.599609375,5275.7001953125,33920.3984375,23437.19921875,8281.099609375,5367.240234375,34329.26953125,23452.19921875,8177.0,5220.7900390625,33658.46875,23273.05078125,8249.099609375,5335.75,34249.8203125,23344.099609375,804660100.0,4607750000.0,115600000.0,348400.0
2025-04-17,8275.7001953125,5282.7001953125,34377.6015625,23851.650390625,8295.099609375,5328.31005859375,34379.12890625,23872.349609375,8195.7001953125,5255.580078125,33931.53125,23298.55078125,8275.599609375,5305.4501953125,33987.01171875,23401.849609375,735769800.0,4714880000.0,111200000.0,505300.0
2025-04-18,,,34730.28125,,,,34758.96875,,,,34224.5703125,,,,34353.87890625,,,,102000000.0,
2025-04-21,,5158.2001953125,34279.921875,24125.55078125,,5232.93994140625,34610.6015625,24189.55078125,,5101.6298828125,34216.98046875,23903.650390625,,5232.93994140625,34556.23046875,23949.150390625,,4226340000.0,96400000.0,406100.0
2025-04-22,8328.599609375,5287.759765625,34220.6015625,24167.25,8337.7001953125,5309.60986328125,34340.5703125,24242.599609375,8262.5,5207.669921875,34109.8515625,24072.0,8275.7001953125,5207.669921875,34111.140625,24185.400390625,1042190300.0,4666950000.0,99400000.0,440900.0
2025-04-23,8403.2001953125,5375.85986328125,34868.62890625,24328.94921875,8467.7998046875,5469.68994140625,35142.12109375,24359.30078125,8328.2998046875,5356.169921875,34682.28125,24119.94921875,8328.599609375,5395.919921875,34787.9296875,24357.599609375,1043916400.0,5371390000.0,133400000.0,415000.0
2025-04-24,8407.400390625,5484.77001953125,35039.1484375,24246.69921875,8415.099609375,5489.39990234375,35287.94921875,24347.849609375,8361.7998046875,5371.9599609375,34960.6484375,24216.150390625,8403.2001953125,5381.3798828125,35194.7109375,24277.900390625,1126605500.0,4697710000.0,137100000.0,358800.0
2025-04-25,8415.2998046875,5525.2099609375,35705.73828125,24039.349609375,8442.7001953125,5528.10986328125,35835.28125,24365.44921875,8397.099609375,5455.85986328125,35337.98046875,23847.849609375,8407.400390625,5489.72998046875,35387.671875,24289.0,802734000.0,4236580000.0,134700000.0,387700.0
2025-04-28,8417.2998046875,5528.75,35839.98828125,24328.5,8452.599609375,5553.66015625,36075.26171875,24355.099609375,8415.2001953125,5468.64013671875,35773.48828125,24054.05078125,8415.2998046875,5529.22021484375,35962.80078125,24070.25,738741700.0,4257880000.0,132400000.0,320500.0
2025-04-29,8463.5,5560.830078125,,24335.94921875,8470.400390625,5571.9501953125,,24457.650390625,8404.099609375,5505.7001953125,,24290.75,8417.2998046875,5508.8701171875,,24370.69921875,655924800.0,4747150000.0,,357600.0
2025-04-30,8494.900390625,5569.06005859375,36045.37890625,24334.19921875,8494.900390625,5581.83984375,36056.51953125,24396.150390625,8430.5,5433.240234375,35793.328125,24198.75,8463.5,5499.43994140625,35946.87890625,24342.05078125,1589592400.0,5449490000.0,167100000.0,424500.0
2025-05-01,8496.7998046875,5604.14013671875,36452.30078125,,8505.2998046875,5658.91015625,36544.1484375,,8468.2998046875,5597.35009765625,36040.05078125,,8494.900390625,5625.14013671875,36197.0390625,,527568800.0,4935270000.0,131600000.0,
2025-05-02,8596.400390625,5686.669921875,36830.69140625,24346.69921875,8622.099609375,5700.7001953125,36976.51171875,24589.150390625,8496.7998046875,5642.27978515625,36606.578125,24238.5,8496.7998046875,5645.8798828125,36636.55078125,24311.900390625,908575200.0,4854380000.0,141000000.0,421100.0
2025-05-05,,5650.3798828125,,24461.150390625,,5683.3798828125,,24526.400390625,,5634.47998046875,,24400.650390625,,5655.31982421875,,24419.5,,4358260000.0,,291500.0
2025-05-06,8597.400390625,5606.91015625,,24379.599609375,8641.7001953125,5649.580078125,,24509.650390625,8569.099609375,5586.0400390625,,24331.80078125,8596.400390625,5605.8701171875,,24500.75,980036200.0,4717260000.0,,302400.0
2025-05-07,8559.2998046875,5631.27978515625,36779.66015625,24414.400390625,8600.0,5654.72998046875,36942.37890625,24449.599609375,8533.599609375,5578.64013671875,36731.390625,24220.0,8597.400390625,5614.18017578125,36903.66015625,24233.30078125,1265512400.0,4987440000.0,156300000.0,330100.0
2025-05-08,8531.599609375,5663.93994140625,36928.62890625,24273.80078125,8607.7001953125,5720.10009765625,36977.3515625,24447.25,8514.0,5635.3798828125,36606.7109375,24150.19921875,8559.2998046875,5663.60009765625,36863.37890625,24431.5,894696500.0,5627400000.0,137300000.0,411400.0
2025-05-09,8554.7998046875,5659.91015625,37503.328125,24008.0,8581.5,5691.68994140625,37557.41015625,24164.25,8531.599609375,5644.14990234375,37219.03125,23935.75,8531.599609375,5679.64990234375,37332.5703125,23935.75,697106500.0,4645090000.0,201400000.0,335600.0
2025-05-12,8605.0,5844.18994140625,37644.26171875,24924.69921875,8646.2998046875,5845.3701171875,37726.44140625,24944.80078125,8546.2998046875,5786.080078125,37417.390625,24378.849609375,8554.7998046875,5807.2001953125,37697.28125,24420.099609375,804071800.0,6014580000.0,142900000.0,368700.0
2025-05-13,8602.900390625,5886.5498046875,38183.26171875,24578.349609375,8623.7998046875,5906.64013671875,38494.05859375,24973.80078125,8583.900390625,5845.02001953125,38124.19921875,24547.5,8605.0,5854.14990234375,38149.53125,24864.05078125,694005000.0,5516290000.0,177400000.0,423000.0
2025-05-14,8585.0,5892.580078125,38128.12890625,24666.900390625,8616.099609375,5906.5498046875,38325.87890625,24767.55078125,8558.2001953125,5872.10986328125,37851.80078125,24535.55078125,8602.900390625,5896.740234375,38199.03125,24613.80078125,857059700.0,5233450000.0,152100000.0,345500.0
2025-05-15,8633.7998046875,5916.93017578125,37755.51171875,25062.099609375,8634.599609375,5924.2099609375,37876.83984375,25116.25,8531.099609375,5865.16015625,37633.359375,24494.44921875,8585.0,5869.81982421875,37832.359375,24694.44921875,1229933100.0,4991290000.0,134800000.0,500800.0
2025-05-16,8684.599609375,5958.3798828125,37753.71875,25019.80078125,8697.0,5958.6201171875,37786.4296875,25070.0,8633.599609375,5907.35986328125,37479.2109375,24953.05078125,8633.7998046875,5929.08984375,37748.578125,25064.650390625,950109800.0,4850850000.0,128100000.0,432700.0
2025-05-19,8699.2998046875,5963.60009765625,37498.62890625,24945.44921875,8699.2998046875,5968.60986328125,37656.23046875,25062.94921875,8613.5,5895.68994140625,37445.9296875,24916.650390625,8684.599609375,5902.8798828125,37572.359375,25005.349609375,890111700.0,4144010000.0,107600000.0,255300.0
2025-05-20,8781.099609375,5940.4599609375,37529.48828125,24683.900390625,8789.400390625,5953.06005859375,37921.80859375,25010.349609375,8698.099609375,5909.259765625,37455.69921875,24669.69921875,8699.2998046875,5944.66015625,37723.6015625,24996.19921875,950651400.0,4416850000.0,125800000.0,414800.0
2025-05-21,8786.5,5844.60986328125,37298.98046875,24813.44921875,8798.5,5938.3701171875,37659.94140625,24946.19921875,8762.0,5830.91015625,37298.98046875,24685.349609375,8781.099609375,5910.18017578125,37590.1484375,24744.25,923718700.0,5254250000.0,121300000.0,332700.0
2025-05-22,8739.2998046875,5842.009765625,36985.87109375,24609.69921875,8786.5,5878.080078125,37100.44921875,24737.5,8689.400390625,5825.81982421875,36855.828125,24462.400390625,8786.5,5841.259765625,36931.890625,24733.94921875,815431200.0,5157050000.0,110900000.0,403300.0
2025-05-23,8718.0,5802.81982421875,37160.46875,24853.150390625,8779.400390625,5829.509765625,37373.91015625,24909.05078125,8604.7998046875,5767.41015625,37111.62890625,24614.05078125,8739.2998046875,5781.89013671875,37161.73828125,24639.5,1051526200.0,4662820000.0,105300000.0,270500.0
2025-05-26,,,37531.53125,25001.150390625,,,37531.53125,25079.19921875,,,37167.01171875,24900.5,,,37209.26171875,24919.349609375,,,89900000.0,302800.0
2025-05-27,8778.099609375,5921.5400390625,37724.109375,24826.19921875,8824.0,5924.330078125,37769.05078125,25062.900390625,8718.0,5854.06982421875,37411.6796875,24704.099609375,8718.0,5854.06982421875,37523.37109375,24956.650390625,840001900.0,5366380000.0,86200000.0,525700.0
2025-05-28,8726.0,5888.5498046875,37722.3984375,24752.44921875,8799.7998046875,5939.919921875,38178.73046875,24864.25,8726.0,5881.8798828125,37709.7109375,24737.05078125,8778.099609375,5925.5400390625,38094.7890625,24832.5,816619700.0,4665050000.0,122600000.0,684400.0
2025-05-29,8716.5,5912.169921875,38432.98046875,24833.599609375,8776.2998046875,5943.1298828125,38454.0703125,24892.599609375,8709.099609375,5873.7998046875,38035.3203125,24677.30078125,8726.0,5939.9599609375,38046.96875,24825.099609375,973200900.0,4569750000.0,133200000.0,345400.0
2025-05-30,8772.400390625,5911.68994140625,37965.1015625,24750.69921875,8790.5,5922.14013671875,38114.46875,24863.94921875,8715.599609375,5843.66015625,37748.171875,24717.400390625,8716.5,5903.669921875,37912.48828125,24812.599609375,1740609200.0,6378540000.0,204300000.0,853900.0
2025-06-02,8774.2998046875,5935.93994140625,37470.671875,24716.599609375,8792.099609375,5937.39990234375,37651.1796875,24754.400390625,8730.599609375,5861.43017578125,37320.71875,24526.150390625,8772.400390625,5896.68017578125,37651.1796875,24669.69921875,669303400.0,4832240000.0,109600000.0,311100.0
2025-06-03,8787.0,5970.3701171875,37446.80859375,24542.5,8801.5,5981.35009765625,37729.44921875,24845.099609375,8738.5,5929.0,37446.80859375,24502.150390625,8774.2998046875,5938.56005859375,37598.30859375,24786.30078125,690088000.0,5026680000.0,109300000.0,349300.0
2025-06-04,8801.2998046875,5970.81005859375,37747.44921875,24620.19921875,8821.400390625,5990.47998046875,37868.421875,24644.25,8780.400390625,5966.10986328125,37672.46875,24530.44921875,8787.0,5978.93994140625,37686.66015625,24560.44921875,741650200.0,4767050000.0,106700000.0,280900.0
2025-06-05,8811.0,5939.2998046875,37554.48828125,24750.900390625,8838.7998046875,5999.7001953125,37732.87890625,24899.849609375,8782.099609375,5921.2001953125,37527.87890625,24613.099609375,8801.2998046875,5985.669921875,37590.390625,24691.19921875,722917300.0,5091850000.0,113800000.0,388400.0
2025-06-06,8837.900390625,6000.35986328125,37741.609375,25003.05078125,8851.400390625,6016.8701171875,37756.1484375,25029.5,8805.599609375,5978.6298828125,37590.421875,24671.44921875,8811.0,5987.06005859375,37590.44140625,24748.69921875,718102200.0,4355710000.0,98100000.0,335600.0
2025-06-09,8832.2998046875,6005.8798828125,38088.5703125,25103.19921875,8850.900390625,6021.31005859375,38178.01171875,25160.099609375,8812.099609375,5994.18017578125,38018.21875,25077.150390625,8837.900390625,6004.6298828125,38028.7109375,25160.099609375,573091300.0,4642360000.0,85700000.0,279200.0
2025-06-10,8853.099609375,6038.81005859375,38211.51171875,25104.25,8886.099609375,6043.009765625,38495.69921875,25199.30078125,8832.2998046875,6000.27978515625,38139.1015625,25055.44921875,8832.2998046875,6009.91015625,38278.171875,25196.05078125,734467300.0,4882880000.0,106000000.0,307300.0
2025-06-11,8864.400390625,6022.240234375,38421.19140625,25141.400390625,8885.400390625,6059.39990234375,38529.640625,25222.400390625,8847.2998046875,6002.31982421875,38288.28125,25081.30078125,8853.099609375,6049.3798828125,38431.1015625,25134.150390625,805983200.0,5111550000.0,109300000.0,301200.0
2025-06-12,8884.900390625,6045.259765625,38173.08984375,24888.19921875,8896.900390625,6045.43017578125,38407.5703125,25196.19921875,8843.599609375,6003.8798828125,38102.05078125,24825.900390625,8864.400390625,6009.89990234375,38324.9296875,25164.44921875,767509300.0,4669500000.0,104500000.0,328300.0
2025-06-13,8850.599609375,5976.97021484375,37834.25,24718.599609375,8898.599609375,6026.16015625,38141.58984375,24754.349609375,8822.2001953125,5963.2099609375,37540.19921875,24473.0,8884.900390625,6000.56005859375,38130.25,24473.0,711772600.0,5258910000.0,143500000.0,318700.0
2025-06-16,8875.2001953125,6033.10986328125,38311.328125,24946.5,8902.400390625,6050.830078125,38342.51953125,24967.099609375,8850.599609375,6004.0,38055.51953125,24703.599609375,8850.599609375,6004.0,38056.859375,24732.349609375,842787400.0,5111710000.0,104700000.0,305800.0
2025-06-17,8834.0,5982.72021484375,38536.73828125,24853.400390625,8875.2001953125,6023.25,38581.25,24982.05078125,8809.900390625,5974.7998046875,38333.3515625,24813.69921875,8875.2001953125,6012.14990234375,38366.6796875,24977.849609375,851103300.0,4955700000.0,103600000.0,242400.0
2025-06-18,8843.5,5980.8701171875,38885.1484375,24812.05078125,8858.599609375,6018.25,38885.1484375,24947.55078125,8820.400390625,5971.89013671875,38364.16015625,24750.44921875,8834.0,5987.93017578125,38364.16015625,24788.349609375,657935000.0,5106470000.0,110000000.0,237600.0
2025-06-19,8791.7998046875,,38488.33984375,24793.25,8844.099609375,,38870.55078125,24863.099609375,8788.7998046875,,38488.33984375,24733.400390625,8843.5,,38858.51953125,24803.25,481335200.0,,89300000.0,274600.0
2025-06-20,8774.7001953125,5967.83984375,38403.23046875,25112.400390625,8847.2998046875,6018.2001953125,38646.16015625,25136.19921875,8772.2998046875,5952.56005859375,38362.5390625,24783.650390625,8791.7998046875,5999.669921875,38472.25,24787.650390625,1831139500.0,7451500000.0,183900000.0,574700.0
2025-06-23,8758.0,6025.169921875,38354.08984375,24971.900390625,8787.099609375,6028.77001953125,38368.21875,25057.0,8741.400390625,5943.22998046875,38026.3203125,24824.849609375,8774.7001953125,5969.669921875,38260.69140625,24939.75,611232900.0,5597000000.0,95800000.0,248500.0
2025-06-24,8759.0,6092.18017578125,38790.55859375,25044.349609375,8831.900390625,6101.759765625,38990.109375,25317.69921875,8758.0,6059.25,38665.609375,24999.69921875,8758.0,6061.2099609375,38779.1796875,25179.900390625,1063635300.0,5443690000.0,100800000.0,450200.0
2025-06-25,8718.7998046875,6092.16015625,38942.0703125,25244.75,8792.400390625,6108.509765625,38944.76953125,25266.80078125,8716.2001953125,6080.08984375,38711.109375,25125.05078125,8759.0,6104.22998046875,38904.1796875,25150.349609375,699302400.0,5171110000.0,102900000.0,260600.0
2025-06-26,8735.599609375,6141.02001953125,39584.578125,25549.0,8757.099609375,6146.52001953125,39615.58984375,25565.30078125,8707.7001953125,6107.27001953125,39056.140625,25259.900390625,8718.7998046875,6112.08984375,39072.140625,25268.94921875,768435000.0,5308140000.0,123600000.0,428900.0
2025-06-27,8798.900390625,6173.06982421875,40150.7890625,25637.80078125,8798.900390625,6187.68017578125,40267.83984375,25654.19921875,8735.599609375,6132.35009765625,39847.30859375,25523.55078125,8735.599609375,6150.7001953125,39866.359375,25576.650390625,711522100.0,7889350000.0,156100000.0,564000.0
2025-06-30,8761.0,6204.9501953125,40487.390625,25517.05078125,8818.400390625,6215.080078125,40852.5390625,25669.349609375,8761.0,6174.97021484375,40322.5390625,25473.30078125,8798.900390625,6193.35986328125,40550.7890625,25661.650390625,713304300.0,5782900000.0,143900000.0,271000.0
2025-07-01,8785.2998046875,6198.009765625,39986.328125,25541.80078125,8790.7998046875,6210.77978515625,40345.87109375,25593.400390625,8726.900390625,6177.97021484375,39885.37890625,25501.80078125,8761.0,6187.25,40340.640625,25551.349609375,766020100.0,6275310000.0,124000000.0,260700.0
2025-07-02,8774.7001953125,6227.419921875,39762.48046875,25453.400390625,8828.2001953125,6227.60009765625,39943.62109375,25608.099609375,8739.0,6188.2900390625,39444.69921875,25378.75,8785.2998046875,6193.8798828125,39631.171875,25588.30078125,1097788200.0,5645710000.0,127600000.0,309800.0
2025-07-03,8823.2001953125,6279.35009765625,39785.8984375,25405.30078125,8837.7998046875,6284.64990234375,39865.890625,25587.5,8774.7001953125,6246.4599609375,39667.8203125,25384.349609375,8774.7001953125,6246.4599609375,39796.75,25505.099609375,651280900.0,3378110000.0,135400000.0,293400.0
2025-07-04,8822.900390625,,39810.87890625,25461.0,8830.900390625,,40012.66015625,25470.25,8782.099609375,,39693.3984375,25331.650390625,8823.2001953125,,39994.640625,25428.849609375,444807000.0,,96600000.0,193500.0
2025-07-07,8806.5,6229.97998046875,39587.6796875,25461.30078125,8836.900390625,6262.06982421875,39829.37890625,25489.80078125,8798.7001953125,6201.0,39524.25,25407.25,8822.900390625,6259.0400390625,39729.55859375,25450.44921875,580213300.0,5236740000.0,93400000.0,196100.0
2025-07-08,8854.2001953125,6225.52001953125,39688.80859375,25522.5,8854.2001953125,6242.7001953125,39816.26953125,25548.05078125,8803.2998046875,6217.75,39510.48046875,25424.150390625,8806.5,6234.02978515625,39542.0703125,25427.849609375,698144300.0,5739030000.0,136600000.0,210400.0
2025-07-09,8867.0,6263.259765625,39821.28125,25476.099609375,8887.7001953125,6269.16015625,39971.05859375,25548.69921875,8854.2001953125,6231.43017578125,39573.33984375,25424.349609375,8854.2001953125,6243.330078125,39942.80078125,25514.599609375,707584400.0,4813340000.0,129000000.0,239100.0
2025-07-10,8975.7001953125,6280.4599609375,39646.359375,25355.25,8979.400390625,6290.22021484375,39795.75,25524.05078125,8867.0,6251.43994140625,39530.94921875,25340.44921875,8867.0,6266.7998046875,39795.75,25511.650390625,750104900.0,5367350000.0,129300000.0,219600.0
2025-07-11,8941.099609375,6259.75,39569.6796875,25149.849609375,8984.099609375,6269.43994140625,39957.80078125,25322.44921875,8918.5,6237.60009765625,39497.69921875,25129.0,8975.7001953125,6255.68017578125,39886.5390625,25255.5,685521300.0,4656210000.0,115900000.0,250000.0
2025-07-14,8998.099609375,6268.56005859375,39459.62109375,25082.30078125,8999.2001953125,6273.31005859375,39608.01953125,25151.099609375,8931.099609375,6239.22021484375,39288.8984375,25001.94921875,8941.099609375,6255.14990234375,39416.1015625,25149.5,514090200.0,4722250000.0,91500000.0,259500.0
2025-07-15,8938.2998046875,6243.759765625,39678.01953125,25195.80078125,9017.0,6302.0400390625,39678.01953125,25245.19921875,8938.2998046875,6241.68017578125,39379.3203125,25088.44921875,8998.099609375,6295.2900390625,39525.828125,25089.5,688056100.0,5133670000.0,98800000.0,241300.0
2025-07-16,8926.599609375,6263.7001953125,39663.3984375,25212.05078125,8972.2998046875,6268.1201171875,39923.609375,25255.30078125,8926.599609375,6201.58984375,39520.9609375,25121.05078125,8938.2998046875,6254.5,39734.73828125,25196.599609375,633643300.0,5177460000.0,96400000.0,228800.0
2025-07-17,8972.599609375,6297.35986328125,39901.19140625,25111.44921875,8982.7998046875,6304.68994140625,39910.9609375,25238.349609375,8926.599609375,6262.27001953125,39370.4296875,25101.0,8926.599609375,6263.39990234375,39492.01953125,25230.75,566360500.0,5512290000.0,101500000.0,243400.0
2025-07-18,8992.099609375,6296.7900390625,39819.109375,24968.400390625,9016.400390625,6315.60986328125,40087.58984375,25144.599609375,8969.099609375,6285.27001953125,39745.421875,24918.650390625,8972.599609375,6312.9501953125,40072.390625,25108.55078125,678409600.0,5184700000.0,92000000.0,317000.0
2025-07-21,9013.0,6305.60009765625,,25090.69921875,9013.0,6336.080078125,,25111.400390625,8975.2001953125,6303.7900390625,,24882.30078125,8992.099609375,6304.740234375,,24999.0,770772700.0,5010840000.0,,305200.0
2025-07-22,9023.7998046875,6309.6201171875,39774.921875,25060.900390625,9035.400390625,6316.1201171875,40275.890625,25182.0,8995.099609375,6281.7099609375,39586.53125,25035.55078125,9013.0,6306.60009765625,39864.62890625,25166.650390625,637414800.0,5662040000.0,112100000.0,483700.0
2025-07-23,9061.5,6358.91015625,41171.3203125,25219.900390625,9080.099609375,6360.64013671875,41342.58984375,25233.5,9023.2998046875,6317.490234375,40087.859375,25085.5,9023.7998046875,6326.89990234375,40189.1796875,25139.349609375,716780800.0,5642510000.0,221100000.0,271500.0
2025-07-24,9138.400390625,6363.35009765625,41826.33984375,25062.099609375,9158.2001953125,6381.31005859375,42065.828125,25246.25,9060.7001953125,6360.56982421875,41554.1796875,25018.69921875,9061.5,6368.60009765625,41657.98046875,25243.30078125,800722200.0,5282720000.0,149400000.0,338700.0
2025-07-25,9120.2998046875,6388.64013671875,41456.23046875,24837.0,9145.0,6395.81982421875,41773.69921875,25010.349609375,9094.7001953125,6368.52978515625,41389.7890625,24806.349609375,9138.400390625,6370.009765625,41760.578125,25010.349609375,1064163700.0,4470720000.0,117500000.0,278100.0
2025-07-28,9081.400390625,6389.77001953125,40998.26953125,24680.900390625,9169.0,6401.06982421875,41534.2109375,24889.19921875,9058.400390625,6375.7900390625,40997.87109375,24646.599609375,9120.2998046875,6397.68994140625,41515.91015625,24782.44921875,543629900.0,4565620000.0,106500000.0,262100.0
2025-07-29,9136.2998046875,6370.85986328125,40674.55078125,24821.099609375,9163.2001953125,6409.259765625,40792.8515625,24847.150390625,9076.400390625,6363.919921875,40563.53125,24598.599609375,9081.400390625,6405.6201171875,40767.76953125,24609.650390625,717674800.0,5076120000.0,101000000.0,284700.0
2025-07-30,9136.900390625,6362.89990234375,40654.69921875,24855.05078125,9146.7998046875,6396.5400390625,40744.53125,24902.30078125,9091.5,6336.3798828125,40556.609375,24771.94921875,9136.2998046875,6381.22998046875,40744.53125,24890.400390625,774736700.0,5375070000.0,123700000.0,243900.0
2025-07-31,9132.7998046875,6339.39013671875,41069.8203125,24768.349609375,9190.7001953125,6427.02001953125,41151.25,24956.5,9115.7998046875,6327.64013671875,40639.3203125,24635.0,9136.900390625,6427.02001953125,40693.0,24642.25,926035400.0,6077080000.0,134800000.0,346300.0
2025-08-01,9068.599609375,6238.009765625,40799.6015625,24565.349609375,9132.7998046875,6287.27978515625,41064.73046875,24784.150390625,9027.900390625,6212.68994140625,40588.171875,24535.05078125,9132.7998046875,6287.27978515625,41029.83984375,24734.900390625,750993500.0,5827150000.0,148400000.0,263400.0
2025-08-04,9128.2998046875,6329.93994140625,40290.69921875,24722.75,9129.099609375,6330.68994140625,40332.25,24736.25,9068.099609375,6271.7099609375,39850.51953125,24554.0,9068.599609375,6271.7099609375,40118.80859375,24596.05078125,1259903600.0,4842580000.0,130800000.0,259300.0
2025-08-05,9142.7001953125,6299.18994140625,40549.5390625,24649.55078125,9178.0,6346.0,40649.37890625,24733.099609375,9126.599609375,6289.3701171875,40421.87890625,24590.30078125,9128.2998046875,6336.6298828125,40521.0,24720.25,815463500.0,5517410000.0,145300000.0,251800.0
2025-08-06,9164.2998046875,6345.06005859375,40794.859375,24574.19921875,9184.2001953125,6352.830078125,40850.890625,24671.400390625,9142.7001953125,6301.10986328125,40423.12890625,24539.19921875,9142.7001953125,6309.2998046875,40430.4609375,24641.349609375,902688800.0,5408560000.0,145500000.0,225100.0
2025-08-07,9100.7998046875,6340.0,41059.1484375,24596.150390625,9164.2998046875,6389.7099609375,41164.109375,24634.19921875,9084.5,6310.31982421875,40668.19140625,24344.150390625,9164.2998046875,6374.31982421875,40668.19140625,24464.19921875,857875100.0,5306090000.0,154000000.0,616700.0
2025-08-08,9095.7001953125,6389.4501953125,41820.48046875,24363.30078125,9127.099609375,6395.16015625,42033.921875,24585.5,9079.900390625,6355.22021484375,41248.05078125,24337.5,9100.7998046875,6355.22021484375,41283.69921875,24544.25,874135800.0,4769910000.0,183300000.0,312600.0
2025-08-11,9129.7001953125,6373.4501953125,,24585.05078125,9137.7001953125,6407.25,,24600.849609375,9093.2001953125,6364.06005859375,,24347.44921875,9095.7001953125,6389.669921875,,24371.5,574794700.0,4652400000.0,,241100.0
2025-08-12,9147.7998046875,6445.759765625,42718.171875,24487.400390625,9165.0,6446.5498046875,42999.7109375,24702.599609375,9119.400390625,6385.759765625,42083.578125,24465.650390625,9129.7001953125,6395.169921875,42098.3203125,24563.349609375,620578300.0,5135300000.0,176100000.0,237000.0
2025-08-13,9165.2001953125,6466.580078125,43274.671875,24619.349609375,9182.7001953125,6480.27978515625,43451.4609375,24664.55078125,9142.400390625,6445.02001953125,43008.19921875,24535.25,9147.7998046875,6462.669921875,43090.91015625,24586.19921875,668377900.0,5195950000.0,154100000.0,236000.0
2025-08-14,9177.2001953125,6468.5400390625,42649.26171875,24631.30078125,9177.2001953125,6473.919921875,43199.828125,24673.650390625,9133.7001953125,6441.06982421875,42606.73046875,24596.900390625,9165.2001953125,6453.4599609375,43129.1796875,24607.25,558589800.0,4462050000.0,127800000.0,270200.0
2025-08-15,9138.900390625,6449.7998046875,43378.30859375,,9222.099609375,6481.33984375,43405.4296875,,9129.5,6441.85009765625,42736.859375,,9177.2001953125,6477.3798828125,42866.37890625,,637843000.0,4575060000.0,134500000.0,
2025-08-18,9157.7001953125,6449.14990234375,43714.30859375,24876.94921875,9165.7001953125,6455.35009765625,43835.12109375,25022.0,9126.900390625,6437.7001953125,43390.21875,24852.849609375,9138.900390625,6445.02001953125,43452.8984375,24938.19921875,904487300.0,4162290000.0,124200000.0,363100.0
2025-08-19,9189.2001953125,6411.3701171875,43546.2890625,24980.650390625,9197.099609375,6456.47998046875,43876.421875,25012.650390625,9154.7998046875,6400.22021484375,43411.96875,24873.94921875,9157.7001953125,6446.240234375,43846.55078125,24891.349609375,638477900.0,4377440000.0,117100000.0,252300.0
2025-08-20,9288.099609375,6395.77978515625,42888.55078125,25050.55078125,9301.2001953125,6408.39990234375,43425.78125,25088.69921875,9166.7998046875,6343.85986328125,42724.1484375,24929.69921875,9189.2001953125,6406.6201171875,43400.66015625,24965.80078125,738157900.0,4470390000.0,116700000.0,287100.0
2025-08-21,9309.2001953125,6370.169921875,42610.171875,25083.75,9309.2001953125,6393.64990234375,42926.109375,25153.650390625,9257.5,6352.7099609375,42564.30078125,25054.900390625,9288.099609375,6380.830078125,42783.26171875,25142.0,471872700.0,4013560000.0,103100000.0,226500.0
2025-08-22,9321.400390625,6466.91015625,42633.2890625,24870.099609375,9357.5,6478.89013671875,42720.5703125,25084.849609375,9285.599609375,6384.58984375,42331.390625,24859.150390625,9309.2001953125,6384.58984375,42629.80859375,25064.150390625,503779500.0,5046860000.0,97800000.0,210200.0
2025-08-25,,6439.31982421875,42807.8203125,24967.75,,6466.89013671875,43201.421875,25021.55078125,,6438.06005859375,42681.37109375,24894.349609375,,6457.669921875,42977.26953125,24949.150390625,,4059070000.0,102200000.0,213000.0
2025-08-26,9265.7998046875,6465.93994140625,42394.3984375,24712.05078125,9325.900390625,6468.3701171875,42703.26953125,24919.650390625,9249.599609375,6429.2099609375,42137.62109375,24689.599609375,9321.400390625,6435.490234375,42619.66015625,24899.5,1238002200.0,4867680000.0,162600000.0,750500.0
2025-08-27,9255.5,6481.39990234375,42520.26953125,,9301.900390625,6487.06005859375,42628.0390625,,9230.599609375,6457.83984375,42270.1796875,,9265.7998046875,6462.259765625,42476.08984375,,580184000.0,4143680000.0,108400000.0,
2025-08-28,9216.7998046875,6501.85986328125,42828.7890625,24500.900390625,9270.0,6508.22998046875,42828.7890625,24702.650390625,9207.400390625,6466.9599609375,42299.7890625,24481.599609375,9255.5,6483.83984375,42308.140625,24695.80078125,545856600.0,4283760000.0,112700000.0,326600.0
2025-08-29,9187.2998046875,6460.259765625,42718.46875,24426.849609375,9223.099609375,6491.759765625,42807.03125,24572.44921875,9179.2001953125,6444.56982421875,42611.30859375,24404.69921875,9216.7998046875,6489.27978515625,42774.2890625,24466.69921875,786259500.0,4234840000.0,114900000.0,325500.0
2025-09-01,9196.2998046875,,42188.7890625,24625.05078125,9226.599609375,,42454.98828125,24635.599609375,9179.7998046875,,41835.171875,24432.69921875,9187.2998046875,,42362.7109375,24432.69921875,432004700.0,,96600000.0,229300.0
2025-09-02,9116.7001953125,6415.5400390625,42310.48828125,24579.599609375,9196.5,6416.5400390625,42473.671875,24756.099609375,9108.2001953125,6360.580078125,42084.78125,24522.349609375,9196.2998046875,6401.509765625,42299.62890625,24653.0,704169000.0,4784000000.0,99800000.0,271600.0
2025-09-03,9178.0,6448.259765625,41938.890625,24715.05078125,9179.599609375,6453.669921875,42293.5390625,24737.05078125,9107.400390625,6416.169921875,41863.19921875,24533.19921875,9116.7001953125,6445.81982421875,42085.66015625,24616.5,705659700.0,4465360000.0,130200000.0,340300.0
2025-09-04,9216.900390625,6502.080078125,42580.26953125,24734.30078125,9231.400390625,6502.5400390625,42608.80078125,24980.75,9155.5,6445.97998046875,42066.58984375,24708.19921875,9178.0,6456.60009765625,42093.69921875,24980.75,487597700.0,4670770000.0,110300000.0,314100.0
2025-09-05,9208.2001953125,6481.5,43018.75,24741.0,9253.5,6532.64990234375,43220.94140625,24832.349609375,9197.599609375,6443.97998046875,42783.5390625,24621.599609375,9216.900390625,6529.080078125,42983.46875,24818.849609375,524336500.0,5066120000.0,118300000.0,210100.0
2025-09-08,9221.400390625,6495.14990234375,43643.80859375,24773.150390625,9234.900390625,6508.669921875,43838.6015625,24885.5,9190.599609375,6483.2900390625,43343.578125,24751.55078125,9208.2001953125,6498.08984375,43451.0703125,24802.599609375,478762300.0,5211500000.0,115500000.0,213200.0
2025-09-09,9242.5,6512.60986328125,43459.2890625,24868.599609375,9254.2998046875,6518.22998046875,44185.73046875,24891.80078125,9221.400390625,6483.080078125,43452.73828125,24814.0,9221.400390625,6503.330078125,43907.55078125,24864.099609375,679753900.0,4798350000.0,117500000.0,226900.0
2025-09-10,9225.400390625,6532.0400390625,43837.671875,24973.099609375,9290.599609375,6555.97021484375,43848.76953125,25035.69921875,9222.400390625,6516.33984375,43509.01953125,24915.05078125,9242.5,6550.2900390625,43513.16015625,24991.0,1101672800.0,5253010000.0,115700000.0,244100.0
2025-09-11,9297.599609375,6587.47021484375,44372.5,25005.5,9297.599609375,6592.89013671875,44396.94921875,25037.30078125,9225.400390625,6545.7998046875,43870.5390625,24940.150390625,9225.400390625,6554.41015625,43876.21875,24945.5,628343100.0,5426460000.0,107300000.0,224600.0
2025-09-12,9283.2998046875,6584.2900390625,44768.12109375,25114.0,9340.7001953125,6600.2099609375,44888.01953125,25139.44921875,9283.2998046875,6579.490234375,44548.5703125,25038.05078125,9297.599609375,6590.66015625,44803.30078125,25074.44921875,640038400.0,4641640000.0,124900000.0,225700.0
2025-09-15,9277.0,6615.27978515625,,25069.19921875,9314.400390625,6619.6201171875,,25138.44921875,9262.7001953125,6602.06982421875,,25048.75,9283.2998046875,6603.490234375,,25118.900390625,896734100.0,5045020000.0,,185400.0
2025-09-16,9195.7001953125,6606.759765625,44902.26953125,25239.099609375,9282.099609375,6626.990234375,45055.37890625,25261.400390625,9195.7001953125,6600.10986328125,44616.3203125,25070.44921875,9277.0,6624.1298828125,44948.8515625,25073.599609375,1160022600.0,5359510000.0,111700000.0,240100.0
2025-09-17,9208.400390625,6600.35009765625,44790.37890625,25330.25,9245.7001953125,6624.39013671875,45033.33984375,25346.5,9195.7001953125,6551.14990234375,44612.0703125,25275.349609375,9195.7001953125,6604.8701171875,44751.83984375,25276.599609375,550017700.0,5805340000.0,104600000.0,268900.0
2025-09-18,9228.099609375,6631.9599609375,45303.4296875,25423.599609375,9245.2001953125,6656.7998046875,45508.671875,25448.94921875,9208.2998046875,6611.89013671875,44815.3984375,25329.75,9208.400390625,6626.85009765625,44910.5,25441.05078125,641326900.0,5292400000.0,113700000.0,272200.0
2025-09-19,9216.7001953125,6664.35986328125,45045.80859375,25327.05078125,9251.0,6671.81982421875,45852.75,25428.75,9207.7001953125,6630.31005859375,44495.4609375,25286.30078125,9228.099609375,6647.10986328125,45634.2890625,25410.19921875,1741545500.0,9125960000.0,208600000.0,380400.0
2025-09-22,9226.7001953125,6693.75,45493.66015625,25202.349609375,9234.599609375,6698.8798828125,45757.73828125,25331.69921875,9194.2998046875,6648.06982421875,45193.76953125,25151.05078125,9216.7001953125,6654.27978515625,45193.76953125,25238.099609375,608280800.0,5642620000.0,116600000.0,254500.0
2025-09-23,9223.2998046875,6656.919921875,,25169.5,9266.900390625,6699.52001953125,,25261.900390625,9223.2998046875,6645.580078125,,25084.650390625,9226.7001953125,6692.43994140625,,25209.0,690489000.0,5633620000.0,,299200.0
2025-09-24,9250.400390625,6637.97021484375,45630.30859375,25056.900390625,9266.400390625,6672.66015625,45693.28125,25149.849609375,9177.099609375,6621.759765625,45205.46875,25027.44921875,9223.2998046875,6669.7900390625,45484.41015625,25108.75,631425700.0,5459180000.0,131700000.0,244400.0
2025-09-25,9214.0,6604.72021484375,45754.9296875,24890.849609375,9251.2001953125,6619.0,45824.69140625,25092.69921875,9203.2001953125,6569.22021484375,45503.30859375,24878.30078125,9250.400390625,6608.18994140625,45600.0703125,25034.5,652023200.0,5874670000.0,127200000.0,342500.0
2025-09-26,9284.7998046875,6643.7001953125,45354.98828125,24654.69921875,9292.099609375,6648.97021484375,45766.76953125,24868.599609375,9208.5,6604.43017578125,45354.98828125,24629.44921875,9214.0,6615.3798828125,45634.19921875,24818.55078125,687681900.0,5103110000.0,147500000.0,291500.0
2025-09-29,9299.7998046875,6661.2099609375,45043.75,24634.900390625,9354.599609375,6677.31005859375,45152.69921875,24791.30078125,9284.7998046875,6644.490234375,44890.19921875,24606.19921875,9284.7998046875,6661.580078125,45113.2890625,24728.55078125,546230500.0,5358760000.0,130500000.0,394400.0
2025-09-30,9350.400390625,6688.4599609375,44932.62890625,24611.099609375,9363.599609375,6691.25,45126.23046875,24731.80078125,9266.2998046875,6641.0,44733.6015625,24587.69921875,9299.7998046875,6656.18994140625,45054.9609375,24691.94921875,770556700.0,6057210000.0,160600000.0,303000.0
2025-10-01,9446.400390625,6711.2001953125,44550.8515625,24836.30078125,9457.900390625,6718.47998046875,44874.421875,24867.94921875,9347.599609375,6656.2001953125,44357.6484375,24605.94921875,9350.5,6664.919921875,44831.94921875,24620.55078125,853312200.0,6037950000.0,136700000.0,308900.0
2025-10-02,9427.7001953125,6715.35009765625,44936.73046875,,9475.099609375,6731.93994140625,45125.9609375,,9417.599609375,6693.22998046875,44659.21875,,9446.400390625,6731.31005859375,44736.03125,,650916500.0,5416130000.0,131100000.0,
2025-10-03,9491.2998046875,6715.7900390625,45769.5,24894.25,9494.599609375,6750.8701171875,45778.66015625,24904.80078125,9425.0,6705.669921875,45042.5390625,24747.55078125,9427.7001953125,6722.14013671875,45042.5390625,24759.55078125,596685900.0,5713110000.0,117600000.0,365900.0
2025-10-06,9479.099609375,6740.27978515625,47944.76171875,25077.650390625,9516.7998046875,6749.52001953125,48150.0390625,25095.94921875,9465.400390625,6717.77978515625,46592.98828125,24881.650390625,9491.2001953125,6733.85986328125,46636.0703125,24916.55078125,608049100.0,5604460000.0,178300000.0,268800.0
2025-10-07,9483.599609375,6714.58984375,47950.87890625,25108.30078125,9507.099609375,6754.490234375,48527.328125,25220.900390625,9473.099609375,6699.9599609375,47904.37890625,25076.30078125,9479.099609375,6746.14013671875,48281.12109375,25085.30078125,647484600.0,5546150000.0,154200000.0,288000.0
2025-10-08,9548.900390625,6753.72021484375,47734.98828125,25046.150390625,9577.099609375,6755.64013671875,48181.12109375,25192.5,9483.599609375,6718.08984375,47728.26953125,25008.5,9483.599609375,6723.8701171875,47925.21875,25079.75,800211500.0,5383130000.0,142200000.0,227400.0
2025-10-09,9509.400390625,6735.10986328125,48580.44140625,25181.80078125,9565.5,6764.580078125,48597.078125,25199.25,9501.099609375,6716.169921875,47995.21875,25024.30078125,9548.900390625,6760.5,48035.421875,25074.30078125,963047900.0,5385020000.0,138500000.0,286300.0
2025-10-10,9427.5,6552.509765625,48088.80078125,25285.349609375,9520.0,6762.39990234375,48510.71875,25330.75,9414.599609375,6550.77978515625,47962.609375,25156.849609375,9509.400390625,6740.490234375,48510.71875,25167.650390625,633596500.0,6596610000.0,150700000.0,232900.0
2025-10-13,9442.900390625,6654.72021484375,,25227.349609375,9459.900390625,6668.68017578125,,25267.30078125,9409.7001953125,6620.7099609375,,25152.30078125,9427.5,6622.52978515625,,25177.30078125,866346000.0,5303960000.0,,234300.0
2025-10-14,9452.7998046875,6644.31005859375,46847.3203125,25145.5,9454.2998046875,6680.7001953125,47865.6484375,25310.349609375,9384.2001953125,6555.06982421875,46544.05078125,25060.55078125,9442.900390625,6602.490234375,47446.73046875,25277.55078125,715453800.0,5666920000.0,170300000.0,292100.0
2025-10-15,9424.7998046875,6671.06005859375,47672.671875,25323.55078125,9474.2998046875,6724.1201171875,47774.828125,25365.150390625,9395.099609375,6612.10986328125,46910.828125,25159.349609375,9452.7998046875,6688.27001953125,47002.30078125,25181.94921875,610965100.0,5633060000.0,118400000.0,289900.0
2025-10-16,9436.099609375,6629.06982421875,48277.73828125,25585.30078125,9436.099609375,6709.33984375,48317.33984375,25625.400390625,9389.7001953125,6593.990234375,47937.71875,25376.849609375,9424.7998046875,6689.02001953125,48107.44140625,25394.900390625,451574500.0,6048180000.0,121100000.0,372800.0
2025-10-17,9354.599609375,6664.009765625,47582.1484375,25709.849609375,9436.099609375,6678.8798828125,48140.8984375,25781.5,9276.900390625,6603.759765625,47494.30859375,25508.599609375,9436.099609375,6613.27001953125,47820.96875,25546.849609375,751531100.0,5358120000.0,124800000.0,422100.0
2025-10-20,9403.599609375,6735.1298828125,49185.5,25843.150390625,9416.400390625,6744.35009765625,49185.5,25926.19921875,9354.5,6690.0498046875,48254.828125,25788.5,9354.5,6690.0498046875,48332.7109375,25824.599609375,612224700.0,4672170000.0,121000000.0,301100.0
2025-10-21,9427.0,6735.35009765625,49316.05859375,25868.599609375,9441.2001953125,6752.16015625,49945.94921875,25934.349609375,9403.5,6722.02978515625,49127.19921875,25825.80078125,9403.599609375,6736.75,49675.4296875,25901.19921875,612553400.0,5245020000.0,124500000.0,42500.0
2025-10-22,9515.0,6699.39990234375,49307.7890625,,9545.2001953125,6741.75,49458.28125,,9427.099609375,6655.68994140625,48613.69921875,,9427.099609375,6741.33984375,49252.03125,,1047120500.0,5710010000.0,141100000.0,
2025-10-23,9578.599609375,6738.43994140625,48641.609375,25891.400390625,9594.7998046875,6749.52978515625,48866.578125,26104.19921875,9505.7001953125,6700.14013671875,48399.05078125,25862.44921875,9515.0,6703.64990234375,48866.578125,26057.19921875,814894500.0,5565750000.0,107600000.0,448400.0
2025-10-24,9645.599609375,6791.68994140625,49299.6484375,25795.150390625,9645.599609375,6807.10986328125,49435.30859375,25944.150390625,9560.5,6772.06982421875,48965.78125,25718.19921875,9578.599609375,6772.06982421875,49095.26953125,25935.099609375,779192300.0,5058220000.0,109100000.0,284900.0
2025-10-27,9653.7998046875,6875.16015625,50512.3203125,25966.05078125,9672.7001953125,6877.27978515625,50549.6015625,26005.94921875,9632.7998046875,6843.93994140625,49838.98046875,25827.0,9645.599609375,6845.4599609375,49905.80078125,25843.19921875,729163900.0,5290650000.0,122100000.0,266300.0
2025-10-28,9696.7001953125,6890.89013671875,50219.1796875,25936.19921875,9727.099609375,6911.2998046875,50485.80078125,26041.69921875,9645.400390625,6870.72998046875,50107.76953125,25810.05078125,9653.7998046875,6897.740234375,50357.1484375,25939.94921875,708743000.0,5695930000.0,119500000.0,395200.0
2025-10-29,9756.099609375,6890.58984375,51307.6484375,26053.900390625,9787.599609375,6920.33984375,51412.96875,26097.849609375,9696.7998046875,6851.91015625,50365.62109375,25960.30078125,9696.7998046875,6910.9501953125,50453.640625,25982.0,752470200.0,6280130000.0,129700000.0,321900.0
2025-10-30,9760.099609375,6822.33984375,51325.609375,25877.849609375,9763.400390625,6880.75,51657.28125,26032.05078125,9690.0,6820.68994140625,50972.55859375,25845.25,9756.099609375,6860.5,51146.26953125,25984.400390625,893377000.0,6052700000.0,230900000.0,257400.0
2025-10-31,9717.2998046875,6840.2001953125,52411.33984375,25722.099609375,9761.7998046875,6879.169921875,52411.33984375,25953.75,9697.0,6814.259765625,51613.03125,25711.19921875,9760.099609375,6879.169921875,51629.80078125,25863.80078125,596284500.0,6398280000.0,180300000.0,334400.0
2025-11-03,9701.400390625,6851.97021484375,,25763.349609375,9745.599609375,6882.31982421875,,25803.099609375,9695.900390625,6820.6201171875,,25645.5,9717.2998046875,6882.31982421875,,25696.849609375,848988200.0,6065720000.0,,23300.0
2025-11-04,9715.0,6771.5498046875,51497.19921875,25597.650390625,9715.0,6820.2099609375,52636.87109375,25787.400390625,9574.2001953125,6766.7099609375,51497.19921875,25578.400390625,9701.400390625,6788.52001953125,52294.30859375,25744.75,1023130000.0,5739510000.0,190100000.0,305100.0
2025-11-05,9777.099609375,6796.2900390625,50212.26953125,,9786.7998046875,6829.77978515625,51422.421875,,9680.5,6763.10986328125,49073.578125,,9715.0,6769.77001953125,51291.390625,,862811200.0,5939600000.0,219700000.0,
2025-11-06,9735.7998046875,6720.31982421875,50883.6796875,25509.69921875,9786.099609375,6796.68017578125,51248.28125,25679.150390625,9723.900390625,6707.509765625,50594.19140625,25491.55078125,9777.099609375,6787.58984375,50792.55078125,25593.349609375,938291200.0,6051900000.0,171300000.0,371900.0
2025-11-07,9682.599609375,6728.7998046875,50276.37109375,25492.30078125,9735.7998046875,6730.10986328125,50642.7890625,25551.25,9639.0,6631.43994140625,49640.55859375,25318.44921875,9735.7998046875,6696.18017578125,50524.30859375,25433.80078125,747990900.0,5926070000.0,146700000.0,305600.0
2025-11-10,9787.2001953125,6832.43017578125,50911.76171875,25574.349609375,9800.400390625,6841.31982421875,50969.5,25653.44921875,9682.599609375,6770.56005859375,50392.44140625,25503.5,9682.599609375,6785.35986328125,50645.26953125,25503.5,761287500.0,5366050000.0,129700000.0,243600.0
2025-11-11,9899.599609375,6846.60986328125,50842.9296875,25694.94921875,9912.900390625,6855.1298828125,51513.16015625,25715.80078125,9787.2001953125,6806.8701171875,50581.171875,25449.25,9787.2001953125,6815.64013671875,51314.0390625,25617.0,924385900.0,4983490000.0,125900000.0,297700.0
2025-11-12,9911.400390625,6850.919921875,51063.30859375,25875.80078125,9930.099609375,6869.91015625,51072.26171875,25934.55078125,9878.2998046875,6829.6201171875,50537.5,25781.150390625,9899.599609375,6867.77001953125,50988.53125,25834.30078125,814638100.0,5293610000.0,150400000.0,312600.0
2025-11-13,9807.7001953125,6737.490234375,51281.828125,25879.150390625,9913.2001953125,6828.0498046875,51338.890625,26010.69921875,9804.7998046875,6724.72021484375,50954.26953125,25808.400390625,9911.400390625,6826.47021484375,51013.1484375,25906.099609375,626791500.0,5473720000.0,135700000.0,385200.0
2025-11-14,9698.400390625,6734.10986328125,50376.53125,25910.05078125,9807.7001953125,6774.31005859375,50767.73828125,25940.19921875,9610.5,6646.8701171875,50246.6015625,25740.80078125,9807.7001953125,6672.14013671875,50767.73828125,25767.900390625,715744700.0,5042660000.0,149300000.0,518900.0
2025-11-17,9675.400390625,6672.41015625,50323.91015625,26013.44921875,9707.7001953125,6754.5,50398.16015625,26024.19921875,9667.900390625,6638.89990234375,49845.859375,25906.349609375,9698.400390625,6713.60986328125,50282.390625,25948.19921875,812453900.0,5204220000.0,126000000.0,281800.0
2025-11-18,9552.2998046875,6617.31982421875,48702.98046875,25910.05078125,9675.599609375,6666.6298828125,49971.55078125,26029.849609375,9511.7001953125,6574.31982421875,48661.51953125,25876.5,9675.400390625,6641.18994140625,49812.94921875,26021.80078125,804147700.0,5159390000.0,137400000.0,280000.0
2025-11-19,9507.400390625,6642.16015625,48537.69921875,26052.650390625,9568.5,6689.75,49087.109375,26074.650390625,9507.400390625,6603.5,48235.30078125,25856.19921875,9552.2998046875,6625.83984375,48822.87890625,25918.099609375,866995100.0,5021610000.0,136500000.0,250100.0
2025-11-20,9527.7001953125,6538.759765625,49823.94140625,26192.150390625,9593.7998046875,6770.35009765625,50574.8203125,26246.650390625,9507.400390625,6534.0498046875,49113.390625,26063.19921875,9507.400390625,6737.93017578125,49129.2890625,26132.099609375,808216600.0,5596080000.0,139400000.0,240400.0
2025-11-21,9539.7001953125,6602.990234375,48625.87890625,26068.150390625,9541.2001953125,6660.0498046875,49459.58984375,26179.19921875,9423.900390625,6521.919921875,48490.03125,26052.19921875,9527.7001953125,6555.77001953125,49251.26171875,26109.55078125,805279800.0,5929930000.0,212200000.0,235600.0
2025-11-24,9534.900390625,6705.1201171875,,25959.5,9592.599609375,6715.75,,26142.80078125,9524.7001953125,6630.7001953125,,25912.150390625,9539.7001953125,6636.5400390625,,26122.80078125,1668886000.0,6039740000.0,,464700.0
2025-11-25,9609.5,6765.8798828125,48659.51953125,25884.80078125,9615.599609375,6776.39990234375,49182.3203125,26032.599609375,9521.5,6659.97998046875,48511.94921875,25857.5,9534.900390625,6697.02978515625,49113.8203125,25998.5,785920000.0,5003330000.0,144500000.0,260500.0
2025-11-26,9691.599609375,6812.60986328125,49559.0703125,26205.30078125,9704.2998046875,6831.43994140625,49749.58984375,26215.150390625,9593.2998046875,6783.8701171875,48964.19140625,25842.94921875,9609.599609375,6793.5498046875,49012.25,25842.94921875,1115421300.0,4485000000.0,134100000.0,275300.0
2025-11-27,9693.900390625,,50167.1015625,26215.55078125,9699.7998046875,,50322.140625,26310.44921875,9658.900390625,,49865.171875,26141.900390625,9691.599609375,,49868.7890625,26261.25,768475200.0,,99300000.0,240300.0
2025-11-28,9720.5,6849.08984375,50253.91015625,26202.94921875,9740.2001953125,6850.85986328125,50258.25,26280.75,9694.0,6819.75,49989.5390625,26172.400390625,9694.0,6822.52001953125,50218.9609375,26237.44921875,537586900.0,2558540000.0,98200000.0,202500.0
2025-12-01,9702.5,6812.6298828125,49303.28125,26175.75,9735.400390625,6843.64990234375,50366.73828125,26325.80078125,9686.900390625,6799.93994140625,49215.9609375,26124.19921875,9720.599609375,6812.2998046875,50318.58984375,26325.80078125,823282000.0,4549370000.0,118200000.0,213800.0
2025-12-02,9701.7998046875,6829.3701171875,49303.44921875,26032.19921875,9744.7998046875,6851.5498046875,49636.7890625,26154.599609375,9682.2998046875,6806.7099609375,49243.55078125,25997.849609375,9702.5,6830.9599609375,49494.578125,26087.94921875,654140300.0,4582290000.0,127100000.0,254800.0
2025-12-03,9692.099609375,6849.72021484375,49864.6796875,25986.0,9711.2998046875,6862.419921875,50138.6015625,26066.44921875,9677.7001953125,6810.43017578125,49521.23046875,25891.0,9701.7998046875,6815.2900390625,49540.640625,26004.900390625,750194100.0,4736780000.0,119500000.0,265700.0
2025-12-04,9710.900390625,6857.1201171875,51028.421875,26033.75,9727.599609375,6866.47021484375,51028.421875,26098.25,9674.7998046875,6827.1201171875,49910.05859375,25938.94921875,9692.099609375,6866.47021484375,49942.94140625,25981.849609375,899242300.0,4872440000.0,127300000.0,248100.0
2025-12-05,9667.0,6870.39990234375,50491.87109375,26186.44921875,9738.2998046875,6895.77978515625,50634.8515625,26202.599609375,9667.0,6858.2900390625,50215.41015625,25985.349609375,9710.900390625,6866.31982421875,50530.33984375,25999.80078125,592674800.0,4944560000.0,119300000.0,249300.0
2025-12-08,9645.099609375,6846.509765625,50581.94140625,25960.55078125,9692.400390625,6878.27001953125,50678.05078125,26178.69921875,9629.2001953125,6827.18994140625,50224.6484375,25892.25,9667.099609375,6875.2001953125,50643.08984375,26159.80078125,777520000.0,4757130000.0,104400000.0,320700.0
2025-12-09,9642.0,6840.509765625,50655.1015625,25839.650390625,9673.2001953125,6864.919921875,50793.69140625,25923.650390625,9630.900390625,6837.43017578125,50417.109375,25728.0,9645.099609375,6840.60986328125,50677.359375,25867.099609375,787104800.0,4508050000.0,107100000.0,276000.0
2025-12-10,9655.5,6886.68017578125,50602.80078125,25758.0,9689.5,6900.669921875,51107.76953125,25947.650390625,9622.7001953125,6824.68994140625,50329.26953125,25734.55078125,9642.0,6833.490234375,50878.66015625,25864.05078125,932473800.0,5526570000.0,125100000.0,207900.0
2025-12-11,9703.2001953125,6901.0,50148.8203125,25898.55078125,9715.2998046875,6903.4599609375,50875.98046875,25922.80078125,9635.2998046875,6833.4501953125,49926.26953125,25693.25,9655.599609375,6861.2998046875,50818.390625,25771.400390625,637684000.0,5021060000.0,109900000.0,206100.0
2025-12-12,9649.0,6827.41015625,50836.55078125,26046.94921875,9761.5,6899.85009765625,51127.69140625,26057.599609375,9639.2998046875,6801.7900390625,50457.421875,25938.44921875,9703.2001953125,6886.85009765625,50480.23046875,25971.19921875,601108600.0,4910160000.0,152200000.0,216300.0
2025-12-15,9751.2998046875,6816.509765625,50168.109375,26027.30078125,9769.0,6861.58984375,50432.1015625,26047.150390625,9649.0,6801.490234375,49965.6796875,25904.75,9649.0,6860.18994140625,50352.08984375,25930.05078125,656861100.0,4975600000.0,121900000.0,181600.0
2025-12-16,9684.7998046875,6800.259765625,49383.2890625,25860.099609375,9764.7998046875,6819.27001953125,50051.23828125,25980.75,9655.7001953125,6759.740234375,49355.87109375,25834.349609375,9751.2998046875,6800.1201171875,50051.23828125,25951.5,760319300.0,4983180000.0,124600000.0,264400.0
2025-12-17,9774.2998046875,6721.43017578125,49512.28125,25818.55078125,9853.099609375,6812.259765625,49571.5,25929.150390625,9684.7998046875,6720.43017578125,49077.80859375,25770.349609375,9684.7998046875,6802.8798828125,49413.19140625,25902.400390625,842799500.0,5122120000.0,113200000.0,206500.0
2025-12-18,9837.7998046875,6774.759765625,49001.5,25815.55078125,9845.099609375,6816.1298828125,49169.7890625,25902.349609375,9748.2998046875,6758.5,48643.78125,25726.30078125,9774.2998046875,6778.06005859375,49058.30859375,25764.69921875,702927400.0,5101190000.0,116200000.0,197600.0
2025-12-19,9897.400390625,6834.5,49507.2109375,25966.400390625,9903.099609375,6840.02001953125,49766.9609375,25993.349609375,9819.400390625,6792.6201171875,49257.1484375,25880.44921875,9837.7998046875,6792.6201171875,49387.7109375,25911.5,1611302500.0,8554470000.0,163300000.0,382900.0
2025-12-22,9866.0,6878.490234375,50402.390625,26172.400390625,9898.0,6882.02978515625,50590.87890625,26180.69921875,9829.400390625,6855.740234375,49982.19921875,26047.80078125,9897.400390625,6865.2099609375,50084.55078125,26055.849609375,466411600.0,4465030000.0,112900000.0,253000.0
2025-12-23,9889.2001953125,6909.7900390625,50412.87109375,26177.150390625,9901.5,6910.8798828125,50544.55859375,26233.55078125,9846.2998046875,6868.81005859375,50264.421875,26119.05078125,9865.900390625,6872.41015625,50374.48046875,26205.19921875,534194000.0,3820560000.0,92700000.0,216600.0
2025-12-24,9870.7001953125,6932.0498046875,50344.1015625,26142.099609375,9893.2001953125,6937.31982421875,50636.94921875,26236.400390625,9862.0,6904.91015625,50323.921875,26123.0,9889.2001953125,6904.91015625,50475.48046875,26170.650390625,163408500.0,1798270000.0,83200000.0,188800.0
2025-12-25,,,50407.7890625,,,,50510.109375,,,,50283.76171875,,,,50450.1796875,,,,58300000.0,
2025-12-26,,6929.93994140625,50750.390625,26042.30078125,,6945.77001953125,50941.890625,26144.19921875,,6921.60009765625,50527.12890625,26008.599609375,,6936.02001953125,50527.12890625,26121.25,,2586550000.0,81100000.0,142200.0
2025-12-29,9866.5,6905.740234375,50526.921875,25942.099609375,9892.7998046875,6920.2099609375,50707.23046875,26106.80078125,9858.5,6888.759765625,50347.6484375,25920.30078125,9870.7001953125,6903.60009765625,50691.21875,26063.349609375,347896700.0,3541750000.0,98000000.0,234300.0
2025-12-30,9940.7001953125,6896.240234375,50339.48046875,25938.849609375,9954.2998046875,6913.25,50534.640625,25976.75,9859.7998046875,6893.47021484375,50198.96875,25878.0,9866.5,6900.43994140625,50312.8515625,25940.900390625,364742100.0,3309930000.0,93700000.0,396900.0
2025-12-31,9931.400390625,6845.5,,26129.599609375,9950.099609375,6901.419921875,,26187.94921875,9916.7001953125,6844.5498046875,,25969.0,9940.7001953125,6898.81982421875,,25971.05078125,176045300.0,3261830000.0,,246300.0
